solid "laser rouge"
  facet normal 0 0 -1
    outer loop
      vertex 168.895980835 153.094085693 12.1088409424
      vertex 171.396057129 153.094085693 12.108839035
      vertex 171.403167725 153.094085693 11.9824047089
    endloop
  endfacet
  facet normal 0.0553941875696 0.00311555387452 -0.99845969677
    outer loop
      vertex 172.59161377 153.028152466 11.9824047089
      vertex 171.403167725 153.094085693 11.9824047089
      vertex 171.396057129 153.094085693 12.108839035
    endloop
  endfacet
  facet normal 0 0 -1
    outer loop
      vertex 168.888870239 153.094085693 11.9824047089
      vertex 168.895980835 153.094085693 12.1088409424
      vertex 171.403167725 153.094085693 11.9824047089
    endloop
  endfacet
  facet normal 0 0 -1
    outer loop
      vertex 171.396057129 153.094085693 11.855969429
      vertex 168.888870239 153.094085693 11.9824047089
      vertex 171.403167725 153.094085693 11.9824047089
    endloop
  endfacet
  facet normal 0.0553694367409 -0.00311410194263 -0.998461067677
    outer loop
      vertex 172.577270508 153.028152466 11.7179908752
      vertex 171.396057129 153.094085693 11.855969429
      vertex 171.403167725 153.094085693 11.9824047089
    endloop
  endfacet
  facet normal 0.0553942099214 -0.00300384778529 -0.998460054398
    outer loop
      vertex 172.59161377 153.028152466 11.9824047089
      vertex 172.577270508 153.028152466 11.7179908752
      vertex 171.403167725 153.094085693 11.9824047089
    endloop
  endfacet
  facet normal 0 0 -1
    outer loop
      vertex 168.895980835 153.094085693 12.1088409424
      vertex 171.377853394 153.094085693 12.2308616638
      vertex 171.396057129 153.094085693 12.108839035
    endloop
  endfacet
  facet normal 0.0547793060541 0.00816789828241 -0.998465061188
    outer loop
      vertex 172.577270508 153.028152466 12.2468194962
      vertex 171.396057129 153.094085693 12.108839035
      vertex 171.377853394 153.094085693 12.2308616638
    endloop
  endfacet
  facet normal 0.0553823634982 0.00300320540555 -0.998460710049
    outer loop
      vertex 172.577270508 153.028152466 12.2468194962
      vertex 172.59161377 153.028152466 11.9824047089
      vertex 171.396057129 153.094085693 12.108839035
    endloop
  endfacet
  facet normal 0 0 -1
    outer loop
      vertex 168.914169312 153.094085693 12.2308654785
      vertex 171.348587036 153.094085693 12.3484735489
      vertex 171.377853394 153.094085693 12.2308616638
    endloop
  endfacet
  facet normal 0.0537155270576 0.0133716175333 -0.998466730118
    outer loop
      vertex 172.534423828 153.028152466 12.5081338882
      vertex 171.377853394 153.094085693 12.2308616638
      vertex 171.348587036 153.094085693 12.3484735489
    endloop
  endfacet
  facet normal 0 0 -1
    outer loop
      vertex 168.895980835 153.094085693 12.1088409424
      vertex 168.914169312 153.094085693 12.2308654785
      vertex 171.377853394 153.094085693 12.2308616638
    endloop
  endfacet
  facet normal 0.0547681674361 0.00897888839245 -0.998458743095
    outer loop
      vertex 172.534423828 153.028152466 12.5081338882
      vertex 172.577270508 153.028152466 12.2468194962
      vertex 171.377853394 153.094085693 12.2308616638
    endloop
  endfacet
  facet normal 0 0 -1
    outer loop
      vertex 168.943450928 153.094085693 12.3484792709
      vertex 171.308227539 153.094085693 12.4616727829
      vertex 171.348587036 153.094085693 12.3484735489
    endloop
  endfacet
  facet normal 0.0521284602582 0.0185861289501 -0.998467385769
    outer loop
      vertex 172.463592529 153.028152466 12.7632846832
      vertex 171.348587036 153.094085693 12.3484735489
      vertex 171.308227539 153.094085693 12.4616727829
    endloop
  endfacet
  facet normal 0 0 -1
    outer loop
      vertex 168.914169312 153.094085693 12.2308654785
      vertex 168.943450928 153.094085693 12.3484792709
      vertex 171.348587036 153.094085693 12.3484735489
    endloop
  endfacet
  facet normal 0.0535148642957 0.0148577671498 -0.998456537724
    outer loop
      vertex 172.463592529 153.028152466 12.7632846832
      vertex 172.534423828 153.028152466 12.5081338882
      vertex 171.348587036 153.094085693 12.3484735489
    endloop
  endfacet
  facet normal 0 0 -1
    outer loop
      vertex 168.983810425 153.094085693 12.4616804123
      vertex 171.255783081 153.094085693 12.5719833374
      vertex 171.308227539 153.094085693 12.4616727829
    endloop
  endfacet
  facet normal 0.0499635227025 0.0237484127283 -0.998468637466
    outer loop
      vertex 172.365570068 153.028152466 13.0092811584
      vertex 171.308227539 153.094085693 12.4616727829
      vertex 171.255783081 153.094085693 12.5719833374
    endloop
  endfacet
  facet normal 0 0 -1
    outer loop
      vertex 168.943450928 153.094085693 12.3484792709
      vertex 168.983810425 153.094085693 12.4616804123
      vertex 171.308227539 153.094085693 12.4616727829
    endloop
  endfacet
  facet normal 0.0516109578311 0.020565893501 -0.99845546484
    outer loop
      vertex 172.365570068 153.028152466 13.0092811584
      vertex 172.463592529 153.028152466 12.7632846832
      vertex 171.308227539 153.094085693 12.4616727829
    endloop
  endfacet
  facet normal 0 0 -1
    outer loop
      vertex 169.036239624 153.094085693 12.5719890594
      vertex 171.191650391 153.094085693 12.6788949966
      vertex 171.255783081 153.094085693 12.5719833374
    endloop
  endfacet
  facet normal 0.0474159307778 0.0284443125129 -0.998470127583
    outer loop
      vertex 172.241531372 153.028152466 13.2432365417
      vertex 171.255783081 153.094085693 12.5719833374
      vertex 171.191650391 153.094085693 12.6788949966
    endloop
  endfacet
  facet normal 0 0 -1
    outer loop
      vertex 168.983810425 153.094085693 12.4616804123
      vertex 169.036239624 153.094085693 12.5719890594
      vertex 171.255783081 153.094085693 12.5719833374
    endloop
  endfacet
  facet normal 0.0490702018142 0.0260136481375 -0.998456537724
    outer loop
      vertex 172.241531372 153.028152466 13.2432365417
      vertex 172.365570068 153.028152466 13.0092811584
      vertex 171.255783081 153.094085693 12.5719833374
    endloop
  endfacet
  facet normal 0 0 -1
    outer loop
      vertex 169.100372314 153.094085693 12.678899765
      vertex 171.117721558 153.094085693 12.7793684006
      vertex 171.191650391 153.094085693 12.6788949966
    endloop
  endfacet
  facet normal 0.0445455983281 0.0327818281949 -0.998469352722
    outer loop
      vertex 172.092941284 153.028152466 13.4624109268
      vertex 171.191650391 153.094085693 12.6788949966
      vertex 171.117721558 153.094085693 12.7793684006
    endloop
  endfacet
  facet normal 0 0 -1
    outer loop
      vertex 169.036239624 153.094085693 12.5719890594
      vertex 169.100372314 153.094085693 12.678899765
      vertex 171.191650391 153.094085693 12.6788949966
    endloop
  endfacet
  facet normal 0.0459565706551 0.0311577692628 -0.998457431793
    outer loop
      vertex 172.092941284 153.028152466 13.4624109268
      vertex 172.241531372 153.028152466 13.2432365417
      vertex 171.191650391 153.094085693 12.6788949966
    endloop
  endfacet
  facet normal 0 0 -1
    outer loop
      vertex 169.256103516 153.094085693 12.8703651428
      vertex 171.035934448 153.094085693 12.8703622818
      vertex 171.117721558 153.094085693 12.7793684006
    endloop
  endfacet
  facet normal 0.0411685444415 0.0370028838515 -0.998466789722
    outer loop
      vertex 171.92149353 153.028152466 13.6642341614
      vertex 171.117721558 153.094085693 12.7793684006
      vertex 171.035934448 153.094085693 12.8703622818
    endloop
  endfacet
  facet normal 0 0 -1
    outer loop
      vertex 169.174316406 153.094085693 12.7793731689
      vertex 169.256103516 153.094085693 12.8703651428
      vertex 171.117721558 153.094085693 12.7793684006
    endloop
  endfacet
  facet normal 0 0 -1
    outer loop
      vertex 169.100372314 153.094085693 12.678899765
      vertex 169.174316406 153.094085693 12.7793731689
      vertex 171.117721558 153.094085693 12.7793684006
    endloop
  endfacet
  facet normal 0.0423239655793 0.0359525978565 -0.998456835747
    outer loop
      vertex 171.92149353 153.028152466 13.6642341614
      vertex 172.092941284 153.028152466 13.4624109268
      vertex 171.117721558 153.094085693 12.7793684006
    endloop
  endfacet
  facet normal 0 0 -1
    outer loop
      vertex 169.346878052 153.094085693 12.9523525238
      vertex 170.945144653 153.094085693 12.9523496628
      vertex 171.035934448 153.094085693 12.8703622818
    endloop
  endfacet
  facet normal 0.0371112376451 0.0410903245211 -0.998466014862
    outer loop
      vertex 171.729248047 153.028152466 13.8463392258
      vertex 171.035934448 153.094085693 12.8703622818
      vertex 170.945144653 153.094085693 12.9523496628
    endloop
  endfacet
  facet normal 0 0 -1
    outer loop
      vertex 169.256103516 153.094085693 12.8703651428
      vertex 169.346878052 153.094085693 12.9523525238
      vertex 171.035934448 153.094085693 12.8703622818
    endloop
  endfacet
  facet normal 0.0381931774318 0.0403210930526 -0.998456537724
    outer loop
      vertex 171.729248047 153.028152466 13.8463392258
      vertex 171.92149353 153.028152466 13.6642341614
      vertex 171.035934448 153.094085693 12.8703622818
    endloop
  endfacet
  facet normal 0 0 -1
    outer loop
      vertex 169.447113037 153.094085693 13.0265254974
      vertex 170.844909668 153.094085693 13.0265245438
      vertex 170.945144653 153.094085693 12.9523496628
    endloop
  endfacet
  facet normal 0.0329508818686 0.044527027756 -0.998464584351
    outer loop
      vertex 171.518447876 153.028152466 14.0065908432
      vertex 170.945144653 153.094085693 12.9523496628
      vertex 170.844909668 153.094085693 13.0265245438
    endloop
  endfacet
  facet normal 0 0 -1
    outer loop
      vertex 169.346878052 153.094085693 12.9523525238
      vertex 169.447113037 153.094085693 13.0265254974
      vertex 170.945144653 153.094085693 12.9523496628
    endloop
  endfacet
  facet normal 0.0335872545838 0.0441806018353 -0.9984588027
    outer loop
      vertex 171.518447876 153.028152466 14.0065908432
      vertex 171.729248047 153.028152466 13.8463392258
      vertex 170.945144653 153.094085693 12.9523496628
    endloop
  endfacet
  facet normal 0 0 -1
    outer loop
      vertex 169.553894043 153.094085693 13.0909290314
      vertex 170.738128662 153.094085693 13.090927124
      vertex 170.844909668 153.094085693 13.0265245438
    endloop
  endfacet
  facet normal 0.0286413989961 0.047488424927 -0.998461067677
    outer loop
      vertex 171.518447876 153.028152466 14.0065908432
      vertex 170.844909668 153.094085693 13.0265245438
      vertex 170.738128662 153.094085693 13.090927124
    endloop
  endfacet
  facet normal 0 0 -1
    outer loop
      vertex 169.447113037 153.094085693 13.0265254974
      vertex 169.553894043 153.094085693 13.0909290314
      vertex 170.844909668 153.094085693 13.0265245438
    endloop
  endfacet
  facet normal 0 0 -1
    outer loop
      vertex 169.664306641 153.094085693 13.1435956955
      vertex 170.627731323 153.094085693 13.1435956955
      vertex 170.738128662 153.094085693 13.090927124
    endloop
  endfacet
  facet normal 0.023860797286 0.050018209964 -0.998463213444
    outer loop
      vertex 171.291534424 153.028152466 14.1431112289
      vertex 170.738128662 153.094085693 13.090927124
      vertex 170.627731323 153.094085693 13.1435956955
    endloop
  endfacet
  facet normal 0 0 -1
    outer loop
      vertex 169.553894043 153.094085693 13.0909290314
      vertex 169.664306641 153.094085693 13.1435956955
      vertex 170.738128662 153.094085693 13.090927124
    endloop
  endfacet
  facet normal 0.0285946466029 0.0475282296538 -0.998460531235
    outer loop
      vertex 171.291534424 153.028152466 14.1431112289
      vertex 171.518447876 153.028152466 14.0065908432
      vertex 170.738128662 153.094085693 13.090927124
    endloop
  endfacet
  facet normal 0 0 -1
    outer loop
      vertex 169.779556274 153.094085693 13.1845474243
      vertex 170.512481689 153.094085693 13.1845464706
      vertex 170.627731323 153.094085693 13.1435956955
    endloop
  endfacet
  facet normal 0.0185475517064 0.052199754864 -0.998464405537
    outer loop
      vertex 171.051208496 153.028152466 14.2542991638
      vertex 170.627731323 153.094085693 13.1435956955
      vertex 170.512481689 153.094085693 13.1845464706
    endloop
  endfacet
  facet normal 0 0 -1
    outer loop
      vertex 169.664306641 153.094085693 13.1435956955
      vertex 169.779556274 153.094085693 13.1845474243
      vertex 170.627731323 153.094085693 13.1435956955
    endloop
  endfacet
  facet normal 0.0233103800565 0.0503834038973 -0.99845790863
    outer loop
      vertex 171.051208496 153.028152466 14.2542991638
      vertex 171.291534424 153.028152466 14.1431112289
      vertex 170.627731323 153.094085693 13.1435956955
    endloop
  endfacet
  facet normal 0 0 -1
    outer loop
      vertex 169.90057373 153.094085693 13.2146463394
      vertex 170.391448975 153.094085693 13.2146463394
      vertex 170.512481689 153.094085693 13.1845464706
    endloop
  endfacet
  facet normal 0.0133563671261 0.0537028051913 -0.998467624187
    outer loop
      vertex 170.80027771 153.028152466 14.338850975
      vertex 170.512481689 153.094085693 13.1845464706
      vertex 170.391448975 153.094085693 13.2146463394
    endloop
  endfacet
  facet normal 0 0 -1
    outer loop
      vertex 169.779556274 153.094085693 13.1845474243
      vertex 169.90057373 153.094085693 13.2146463394
      vertex 170.512481689 153.094085693 13.1845464706
    endloop
  endfacet
  facet normal 0.0177271738648 0.052612490952 -0.998457670212
    outer loop
      vertex 170.80027771 153.028152466 14.338850975
      vertex 171.051208496 153.028152466 14.2542991638
      vertex 170.512481689 153.094085693 13.1845464706
    endloop
  endfacet
  facet normal 0 0 -1
    outer loop
      vertex 170.023849487 153.094085693 13.2332086563
      vertex 170.268188477 153.094085693 13.2332086563
      vertex 170.391448975 153.094085693 13.2146463394
    endloop
  endfacet
  facet normal 0.00823540892452 0.0546903647482 -0.998469412327
    outer loop
      vertex 170.541656494 153.028152466 14.395775795
      vertex 170.391448975 153.094085693 13.2146463394
      vertex 170.268188477 153.094085693 13.2332086563
    endloop
  endfacet
  facet normal 0 0 -1
    outer loop
      vertex 169.90057373 153.094085693 13.2146463394
      vertex 170.023849487 153.094085693 13.2332086563
      vertex 170.391448975 153.094085693 13.2146463394
    endloop
  endfacet
  facet normal 0.01193446666 0.05421930179 -0.998457729816
    outer loop
      vertex 170.541656494 153.028152466 14.395775795
      vertex 170.80027771 153.028152466 14.338850975
      vertex 170.391448975 153.094085693 13.2146463394
    endloop
  endfacet
  facet normal 0 0 -1
    outer loop
      vertex 170.023849487 153.094085693 13.2332086563
      vertex 170.146011353 153.094085693 13.2395496368
      vertex 170.268188477 153.094085693 13.2332086563
    endloop
  endfacet
  facet normal 0.00286723487079 0.0552419573069 -0.998468875885
    outer loop
      vertex 170.278411865 153.028152466 14.424405098
      vertex 170.268188477 153.094085693 13.2332086563
      vertex 170.146011353 153.094085693 13.2395496368
    endloop
  endfacet
  facet normal 0.00600491045043 0.0552143193781 -0.998456478119
    outer loop
      vertex 170.278411865 153.028152466 14.424405098
      vertex 170.541656494 153.028152466 14.395775795
      vertex 170.268188477 153.094085693 13.2332086563
    endloop
  endfacet
  facet normal -0.00286723487079 0.0552419573069 -0.998468875885
    outer loop
      vertex 170.01361084 153.028152466 14.424405098
      vertex 170.146011353 153.094085693 13.2395496368
      vertex 170.023849487 153.094085693 13.2332086563
    endloop
  endfacet
  facet normal 0 0.0555615872145 -0.998455286026
    outer loop
      vertex 170.01361084 153.028152466 14.424405098
      vertex 170.278411865 153.028152466 14.424405098
      vertex 170.146011353 153.094085693 13.2395496368
    endloop
  endfacet
  facet normal -0.00823540892452 0.0546903647482 -0.998469412327
    outer loop
      vertex 169.750366211 153.028152466 14.395775795
      vertex 170.023849487 153.094085693 13.2332086563
      vertex 169.90057373 153.094085693 13.2146463394
    endloop
  endfacet
  facet normal -0.00600491045043 0.0552143193781 -0.998456478119
    outer loop
      vertex 169.750366211 153.028152466 14.395775795
      vertex 170.01361084 153.028152466 14.424405098
      vertex 170.023849487 153.094085693 13.2332086563
    endloop
  endfacet
  facet normal -0.0133558474481 0.0537029951811 -0.998467624187
    outer loop
      vertex 169.491760254 153.028152466 14.338850975
      vertex 169.90057373 153.094085693 13.2146463394
      vertex 169.779556274 153.094085693 13.1845474243
    endloop
  endfacet
  facet normal -0.01193446666 0.05421930179 -0.998457729816
    outer loop
      vertex 169.491760254 153.028152466 14.338850975
      vertex 169.750366211 153.028152466 14.395775795
      vertex 169.90057373 153.094085693 13.2146463394
    endloop
  endfacet
  facet normal -0.0185480602086 0.0521995611489 -0.998464405537
    outer loop
      vertex 169.240814209 153.028152466 14.2542991638
      vertex 169.779556274 153.094085693 13.1845474243
      vertex 169.664306641 153.094085693 13.1435956955
    endloop
  endfacet
  facet normal -0.0177271924913 0.0526125431061 -0.998457670212
    outer loop
      vertex 169.240814209 153.028152466 14.2542991638
      vertex 169.491760254 153.028152466 14.338850975
      vertex 169.779556274 153.094085693 13.1845474243
    endloop
  endfacet
  facet normal -0.0238602347672 0.0500181205571 -0.998463273048
    outer loop
      vertex 169.000473022 153.028152466 14.1431112289
      vertex 169.664306641 153.094085693 13.1435956955
      vertex 169.553894043 153.094085693 13.0909290314
    endloop
  endfacet
  facet normal -0.0233087781817 0.0503840148449 -0.99845790863
    outer loop
      vertex 169.000473022 153.028152466 14.1431112289
      vertex 169.240814209 153.028152466 14.2542991638
      vertex 169.664306641 153.094085693 13.1435956955
    endloop
  endfacet
  facet normal -0.0286481194198 0.0474996156991 -0.998460352421
    outer loop
      vertex 169.000473022 153.028152466 14.1431112289
      vertex 169.553894043 153.094085693 13.0909290314
      vertex 169.447113037 153.094085693 13.0265254974
    endloop
  endfacet
  facet normal -0.0329505503178 0.044527310878 -0.998464584351
    outer loop
      vertex 168.773574829 153.028152466 14.0065908432
      vertex 169.447113037 153.094085693 13.0265254974
      vertex 169.346878052 153.094085693 12.9523525238
    endloop
  endfacet
  facet normal -0.0285931322724 0.0475216433406 -0.998460888863
    outer loop
      vertex 168.773574829 153.028152466 14.0065908432
      vertex 169.000473022 153.028152466 14.1431112289
      vertex 169.447113037 153.094085693 13.0265254974
    endloop
  endfacet
  facet normal -0.0371112935245 0.041090387851 -0.998466014862
    outer loop
      vertex 168.562774658 153.028152466 13.8463392258
      vertex 169.346878052 153.094085693 12.9523525238
      vertex 169.256103516 153.094085693 12.8703651428
    endloop
  endfacet
  facet normal -0.0335873067379 0.0441806726158 -0.9984588027
    outer loop
      vertex 168.562774658 153.028152466 13.8463392258
      vertex 168.773574829 153.028152466 14.0065908432
      vertex 169.346878052 153.094085693 12.9523525238
    endloop
  endfacet
  facet normal -0.0411681123078 0.0370034836233 -0.998466789722
    outer loop
      vertex 168.370529175 153.028152466 13.6642341614
      vertex 169.256103516 153.094085693 12.8703651428
      vertex 169.174316406 153.094085693 12.7793731689
    endloop
  endfacet
  facet normal -0.0381932333112 0.0403211526573 -0.998456537724
    outer loop
      vertex 168.370529175 153.028152466 13.6642341614
      vertex 168.562774658 153.028152466 13.8463392258
      vertex 169.256103516 153.094085693 12.8703651428
    endloop
  endfacet
  facet normal -0.0445456765592 0.0327818877995 -0.998469352722
    outer loop
      vertex 168.19909668 153.028152466 13.4624128342
      vertex 169.174316406 153.094085693 12.7793731689
      vertex 169.100372314 153.094085693 12.678899765
    endloop
  endfacet
  facet normal -0.0423239469528 0.0359528101981 -0.998456835747
    outer loop
      vertex 168.19909668 153.028152466 13.4624128342
      vertex 168.370529175 153.028152466 13.6642341614
      vertex 169.174316406 153.094085693 12.7793731689
    endloop
  endfacet
  facet normal -0.0474159047008 0.0284446030855 -0.998470127583
    outer loop
      vertex 168.050491333 153.028152466 13.2432365417
      vertex 169.100372314 153.094085693 12.678899765
      vertex 169.036239624 153.094085693 12.5719890594
    endloop
  endfacet
  facet normal -0.0459567457438 0.0311577077955 -0.998457372189
    outer loop
      vertex 168.050491333 153.028152466 13.2432365417
      vertex 168.19909668 153.028152466 13.4624128342
      vertex 169.100372314 153.094085693 12.678899765
    endloop
  endfacet
  facet normal -0.0499635413289 0.0237486902624 -0.998468637466
    outer loop
      vertex 167.926467896 153.028152466 13.0092811584
      vertex 169.036239624 153.094085693 12.5719890594
      vertex 168.983810425 153.094085693 12.4616804123
    endloop
  endfacet
  facet normal -0.0490703172982 0.0260137096047 -0.998456478119
    outer loop
      vertex 167.926467896 153.028152466 13.0092811584
      vertex 168.050491333 153.028152466 13.2432365417
      vertex 169.036239624 153.094085693 12.5719890594
    endloop
  endfacet
  facet normal -0.0521286167204 0.0185859836638 -0.998467385769
    outer loop
      vertex 167.828445435 153.028152466 12.7632846832
      vertex 168.983810425 153.094085693 12.4616804123
      vertex 168.943450928 153.094085693 12.3484792709
    endloop
  endfacet
  facet normal -0.0516110733151 0.0205659400672 -0.99845546484
    outer loop
      vertex 167.828445435 153.028152466 12.7632846832
      vertex 167.926467896 153.028152466 13.0092811584
      vertex 168.983810425 153.094085693 12.4616804123
    endloop
  endfacet
  facet normal -0.0537156276405 0.0133713707328 -0.998466730118
    outer loop
      vertex 167.757598877 153.028152466 12.5081338882
      vertex 168.943450928 153.094085693 12.3484792709
      vertex 168.914169312 153.094085693 12.2308654785
    endloop
  endfacet
  facet normal -0.0535149388015 0.0148577876389 -0.998456478119
    outer loop
      vertex 167.757598877 153.028152466 12.5081338882
      vertex 167.828445435 153.028152466 12.7632846832
      vertex 168.943450928 153.094085693 12.3484792709
    endloop
  endfacet
  facet normal -0.0547793321311 0.00816782098264 -0.998465061188
    outer loop
      vertex 167.714767456 153.028152466 12.2468194962
      vertex 168.914169312 153.094085693 12.2308654785
      vertex 168.895980835 153.094085693 12.1088409424
    endloop
  endfacet
  facet normal -0.0547681935132 0.00897889304906 -0.998458743095
    outer loop
      vertex 167.714767456 153.028152466 12.2468194962
      vertex 167.757598877 153.028152466 12.5081338882
      vertex 168.914169312 153.094085693 12.2308654785
    endloop
  endfacet
  facet normal -0.0553694367409 0.00311410194263 -0.998461067677
    outer loop
      vertex 167.714767456 153.028152466 12.2468194962
      vertex 168.895980835 153.094085693 12.1088409424
      vertex 168.888870239 153.094085693 11.9824047089
    endloop
  endfacet
  facet normal 0 0 -1
    outer loop
      vertex 171.396057129 153.094085693 11.855969429
      vertex 168.895980835 153.094085693 11.8559703827
      vertex 168.888870239 153.094085693 11.9824047089
    endloop
  endfacet
  facet normal -0.0560531765223 -0.00315258721821 -0.998422801495
    outer loop
      vertex 167.686050415 153.026565552 11.9824047089
      vertex 168.888870239 153.094085693 11.9824047089
      vertex 168.895980835 153.094085693 11.8559703827
    endloop
  endfacet
  facet normal -0.056053455919 6.84878323227e-05 -0.99842774868
    outer loop
      vertex 167.714767456 153.028152466 12.2468194962
      vertex 168.888870239 153.094085693 11.9824047089
      vertex 167.686050415 153.026565552 11.9824047089
    endloop
  endfacet
  facet normal -0 0 -1
    outer loop
      vertex 171.396057129 153.094085693 11.855969429
      vertex 168.914169312 153.094085693 11.7339487076
      vertex 168.895980835 153.094085693 11.8559703827
    endloop
  endfacet
  facet normal -0.0547793060541 -0.00816797930747 -0.998465061188
    outer loop
      vertex 167.714767456 153.028152466 11.7179908752
      vertex 168.895980835 153.094085693 11.8559703827
      vertex 168.914169312 153.094085693 11.7339487076
    endloop
  endfacet
  facet normal -0.0557284876704 -3.30866605509e-05 -0.998445987701
    outer loop
      vertex 167.714767456 153.028152466 11.7179908752
      vertex 167.686050415 153.026565552 11.9824047089
      vertex 168.895980835 153.094085693 11.8559703827
    endloop
  endfacet
  facet normal -0 0 -1
    outer loop
      vertex 171.377838135 153.094085693 11.7339439392
      vertex 168.943450928 153.094085693 11.6163368225
      vertex 168.914169312 153.094085693 11.7339487076
    endloop
  endfacet
  facet normal -0.0537155270576 -0.0133716175333 -0.998466730118
    outer loop
      vertex 167.757598877 153.028152466 11.4566764832
      vertex 168.914169312 153.094085693 11.7339487076
      vertex 168.943450928 153.094085693 11.6163368225
    endloop
  endfacet
  facet normal 0 0 -1
    outer loop
      vertex 171.396057129 153.094085693 11.855969429
      vertex 171.377838135 153.094085693 11.7339439392
      vertex 168.914169312 153.094085693 11.7339487076
    endloop
  endfacet
  facet normal -0.0547681674361 -0.00897888839245 -0.998458743095
    outer loop
      vertex 167.757598877 153.028152466 11.4566764832
      vertex 167.714767456 153.028152466 11.7179908752
      vertex 168.914169312 153.094085693 11.7339487076
    endloop
  endfacet
  facet normal -0 0 -1
    outer loop
      vertex 171.348587036 153.094085693 11.6163291931
      vertex 168.983810425 153.094085693 11.5031375885
      vertex 168.943450928 153.094085693 11.6163368225
    endloop
  endfacet
  facet normal -0.0521284602582 -0.0185861289501 -0.998467385769
    outer loop
      vertex 167.828445435 153.028152466 11.2015256882
      vertex 168.943450928 153.094085693 11.6163368225
      vertex 168.983810425 153.094085693 11.5031375885
    endloop
  endfacet
  facet normal 0 0 -1
    outer loop
      vertex 171.377838135 153.094085693 11.7339439392
      vertex 171.348587036 153.094085693 11.6163291931
      vertex 168.943450928 153.094085693 11.6163368225
    endloop
  endfacet
  facet normal -0.0535148642957 -0.0148577671498 -0.998456537724
    outer loop
      vertex 167.828445435 153.028152466 11.2015256882
      vertex 167.757598877 153.028152466 11.4566764832
      vertex 168.943450928 153.094085693 11.6163368225
    endloop
  endfacet
  facet normal -0 0 -1
    outer loop
      vertex 171.308227539 153.094085693 11.5031299591
      vertex 169.036239624 153.094085693 11.392827034
      vertex 168.983810425 153.094085693 11.5031375885
    endloop
  endfacet
  facet normal -0.0499635227025 -0.0237484127283 -0.998468637466
    outer loop
      vertex 167.926467896 153.028152466 10.955529213
      vertex 168.983810425 153.094085693 11.5031375885
      vertex 169.036239624 153.094085693 11.392827034
    endloop
  endfacet
  facet normal 0 0 -1
    outer loop
      vertex 171.348587036 153.094085693 11.6163291931
      vertex 171.308227539 153.094085693 11.5031299591
      vertex 168.983810425 153.094085693 11.5031375885
    endloop
  endfacet
  facet normal -0.0516109578311 -0.020565893501 -0.99845546484
    outer loop
      vertex 167.926467896 153.028152466 10.955529213
      vertex 167.828445435 153.028152466 11.2015256882
      vertex 168.983810425 153.094085693 11.5031375885
    endloop
  endfacet
  facet normal -0 0 -1
    outer loop
      vertex 171.255783081 153.094085693 11.392821312
      vertex 169.100372314 153.094085693 11.2859153748
      vertex 169.036239624 153.094085693 11.392827034
    endloop
  endfacet
  facet normal -0.0474159307778 -0.0284443125129 -0.998470127583
    outer loop
      vertex 168.050491333 153.028152466 10.721572876
      vertex 169.036239624 153.094085693 11.392827034
      vertex 169.100372314 153.094085693 11.2859153748
    endloop
  endfacet
  facet normal 0 0 -1
    outer loop
      vertex 171.308227539 153.094085693 11.5031299591
      vertex 171.255783081 153.094085693 11.392821312
      vertex 169.036239624 153.094085693 11.392827034
    endloop
  endfacet
  facet normal -0.0490702018142 -0.0260136481375 -0.998456537724
    outer loop
      vertex 168.050491333 153.028152466 10.721572876
      vertex 167.926467896 153.028152466 10.955529213
      vertex 169.036239624 153.094085693 11.392827034
    endloop
  endfacet
  facet normal -0 0 -1
    outer loop
      vertex 171.191650391 153.094085693 11.2859106064
      vertex 169.174316406 153.094085693 11.1854419708
      vertex 169.100372314 153.094085693 11.2859153748
    endloop
  endfacet
  facet normal -0.0445455983281 -0.0327818281949 -0.998469352722
    outer loop
      vertex 168.19909668 153.028152466 10.5023984909
      vertex 169.100372314 153.094085693 11.2859153748
      vertex 169.174316406 153.094085693 11.1854419708
    endloop
  endfacet
  facet normal 0 0 -1
    outer loop
      vertex 171.255783081 153.094085693 11.392821312
      vertex 171.191650391 153.094085693 11.2859106064
      vertex 169.100372314 153.094085693 11.2859153748
    endloop
  endfacet
  facet normal -0.0459565706551 -0.0311577692628 -0.998457431793
    outer loop
      vertex 168.19909668 153.028152466 10.5023984909
      vertex 168.050491333 153.028152466 10.721572876
      vertex 169.100372314 153.094085693 11.2859153748
    endloop
  endfacet
  facet normal 0 0 -1
    outer loop
      vertex 171.035934448 153.094085693 11.0944452286
      vertex 169.256103516 153.094085693 11.0944461823
      vertex 169.174316406 153.094085693 11.1854419708
    endloop
  endfacet
  facet normal -0.0411687940359 -0.0370026119053 -0.998466789722
    outer loop
      vertex 168.370529175 153.028152466 10.3005752563
      vertex 169.174316406 153.094085693 11.1854419708
      vertex 169.256103516 153.094085693 11.0944461823
    endloop
  endfacet
  facet normal -0 0 -1
    outer loop
      vertex 171.117721558 153.094085693 11.1854372025
      vertex 171.035934448 153.094085693 11.0944452286
      vertex 169.174316406 153.094085693 11.1854419708
    endloop
  endfacet
  facet normal 0 0 -1
    outer loop
      vertex 171.191650391 153.094085693 11.2859106064
      vertex 171.117721558 153.094085693 11.1854372025
      vertex 169.174316406 153.094085693 11.1854419708
    endloop
  endfacet
  facet normal -0.0423240549862 -0.0359524711967 -0.998456835747
    outer loop
      vertex 168.370529175 153.028152466 10.3005752563
      vertex 168.19909668 153.028152466 10.5023984909
      vertex 169.174316406 153.094085693 11.1854419708
    endloop
  endfacet
  facet normal 0 0 -1
    outer loop
      vertex 170.945144653 153.094085693 11.0124578476
      vertex 169.346878052 153.094085693 11.0124607086
      vertex 169.256103516 153.094085693 11.0944461823
    endloop
  endfacet
  facet normal -0.0371109172702 -0.0410905778408 -0.998466014862
    outer loop
      vertex 168.562774658 153.028152466 10.118470192
      vertex 169.256103516 153.094085693 11.0944461823
      vertex 169.346878052 153.094085693 11.0124607086
    endloop
  endfacet
  facet normal -0 0 -1
    outer loop
      vertex 171.035934448 153.094085693 11.0944452286
      vertex 170.945144653 153.094085693 11.0124578476
      vertex 169.256103516 153.094085693 11.0944461823
    endloop
  endfacet
  facet normal -0.0381931252778 -0.0403211526573 -0.998456537724
    outer loop
      vertex 168.562774658 153.028152466 10.118470192
      vertex 168.370529175 153.028152466 10.3005752563
      vertex 169.256103516 153.094085693 11.0944461823
    endloop
  endfacet
  facet normal 0 0 -1
    outer loop
      vertex 170.844894409 153.094085693 10.9382829666
      vertex 169.447113037 153.094085693 10.938284874
      vertex 169.346878052 153.094085693 11.0124607086
    endloop
  endfacet
  facet normal -0.0329512543976 -0.0445268042386 -0.998464584351
    outer loop
      vertex 168.773574829 153.028152466 9.95821857452
      vertex 169.346878052 153.094085693 11.0124607086
      vertex 169.447113037 153.094085693 10.938284874
    endloop
  endfacet
  facet normal -0 0 -1
    outer loop
      vertex 170.945144653 153.094085693 11.0124578476
      vertex 170.844894409 153.094085693 10.9382829666
      vertex 169.346878052 153.094085693 11.0124607086
    endloop
  endfacet
  facet normal -0.0335872247815 -0.04418059811 -0.9984588027
    outer loop
      vertex 168.773574829 153.028152466 9.95821857452
      vertex 168.562774658 153.028152466 10.118470192
      vertex 169.346878052 153.094085693 11.0124607086
    endloop
  endfacet
  facet normal 0 0 -1
    outer loop
      vertex 170.738128662 153.094085693 10.87388134
      vertex 169.553894043 153.094085693 10.8738822937
      vertex 169.447113037 153.094085693 10.938284874
    endloop
  endfacet
  facet normal -0.028641032055 -0.0474887117743 -0.998461067677
    outer loop
      vertex 168.773574829 153.028152466 9.95821857452
      vertex 169.447113037 153.094085693 10.938284874
      vertex 169.553894043 153.094085693 10.8738822937
    endloop
  endfacet
  facet normal -0 0 -1
    outer loop
      vertex 170.844894409 153.094085693 10.9382829666
      vertex 170.738128662 153.094085693 10.87388134
      vertex 169.447113037 153.094085693 10.938284874
    endloop
  endfacet
  facet normal 0 0 -1
    outer loop
      vertex 170.627731323 153.094085693 10.8212146759
      vertex 169.664306641 153.094085693 10.8212146759
      vertex 169.553894043 153.094085693 10.8738822937
    endloop
  endfacet
  facet normal -0.0238606203347 -0.050017837435 -0.998463273048
    outer loop
      vertex 169.000473022 153.028152466 9.82169914246
      vertex 169.553894043 153.094085693 10.8738822937
      vertex 169.664306641 153.094085693 10.8212146759
    endloop
  endfacet
  facet normal -0 0 -1
    outer loop
      vertex 170.738128662 153.094085693 10.87388134
      vertex 170.627731323 153.094085693 10.8212146759
      vertex 169.553894043 153.094085693 10.8738822937
    endloop
  endfacet
  facet normal -0.0285962540656 -0.04752683267 -0.998460531235
    outer loop
      vertex 169.000473022 153.028152466 9.82169914246
      vertex 168.773574829 153.028152466 9.95821857452
      vertex 169.553894043 153.094085693 10.8738822937
    endloop
  endfacet
  facet normal 0 0 -1
    outer loop
      vertex 170.512481689 153.094085693 10.7802629471
      vertex 169.779556274 153.094085693 10.7802639008
      vertex 169.664306641 153.094085693 10.8212146759
    endloop
  endfacet
  facet normal -0.0185475517064 -0.052199754864 -0.998464405537
    outer loop
      vertex 169.240814209 153.028152466 9.71051120758
      vertex 169.664306641 153.094085693 10.8212146759
      vertex 169.779556274 153.094085693 10.7802639008
    endloop
  endfacet
  facet normal -0 0 -1
    outer loop
      vertex 170.627731323 153.094085693 10.8212146759
      vertex 170.512481689 153.094085693 10.7802629471
      vertex 169.664306641 153.094085693 10.8212146759
    endloop
  endfacet
  facet normal -0.0233086869121 -0.0503840520978 -0.99845790863
    outer loop
      vertex 169.240814209 153.028152466 9.71051120758
      vertex 169.000473022 153.028152466 9.82169914246
      vertex 169.664306641 153.094085693 10.8212146759
    endloop
  endfacet
  facet normal 0 0 -1
    outer loop
      vertex 170.391448975 153.094085693 10.750164032
      vertex 169.90057373 153.094085693 10.750164032
      vertex 169.779556274 153.094085693 10.7802639008
    endloop
  endfacet
  facet normal -0.0133563587442 -0.0537027716637 -0.998467624187
    outer loop
      vertex 169.491760254 153.028152466 9.62595844269
      vertex 169.779556274 153.094085693 10.7802639008
      vertex 169.90057373 153.094085693 10.750164032
    endloop
  endfacet
  facet normal -0 0 -1
    outer loop
      vertex 170.512481689 153.094085693 10.7802629471
      vertex 170.391448975 153.094085693 10.750164032
      vertex 169.779556274 153.094085693 10.7802639008
    endloop
  endfacet
  facet normal -0.0177273117006 -0.0526124201715 -0.998457670212
    outer loop
      vertex 169.491760254 153.028152466 9.62595844269
      vertex 169.240814209 153.028152466 9.71051120758
      vertex 169.779556274 153.094085693 10.7802639008
    endloop
  endfacet
  facet normal 0 0 -1
    outer loop
      vertex 170.268157959 153.094085693 10.7316017151
      vertex 170.023849487 153.094085693 10.7316017151
      vertex 169.90057373 153.094085693 10.750164032
    endloop
  endfacet
  facet normal -0.00823540426791 -0.0546903274953 -0.998469412327
    outer loop
      vertex 169.750366211 153.028152466 9.56903362274
      vertex 169.90057373 153.094085693 10.750164032
      vertex 170.023849487 153.094085693 10.7316017151
    endloop
  endfacet
  facet normal -0 0 -1
    outer loop
      vertex 170.391448975 153.094085693 10.750164032
      vertex 170.268157959 153.094085693 10.7316017151
      vertex 169.90057373 153.094085693 10.750164032
    endloop
  endfacet
  facet normal -0.0119344592094 -0.0542192682624 -0.998457729816
    outer loop
      vertex 169.750366211 153.028152466 9.56903362274
      vertex 169.491760254 153.028152466 9.62595844269
      vertex 169.90057373 153.094085693 10.750164032
    endloop
  endfacet
  facet normal -0 0 -1
    outer loop
      vertex 170.268157959 153.094085693 10.7316017151
      vertex 170.146011353 153.094085693 10.7252607346
      vertex 170.023849487 153.094085693 10.7316017151
    endloop
  endfacet
  facet normal -0.00286723067984 -0.0552418753505 -0.998468875885
    outer loop
      vertex 170.013595581 153.028152466 9.54040431976
      vertex 170.023849487 153.094085693 10.7316017151
      vertex 170.146011353 153.094085693 10.7252607346
    endloop
  endfacet
  facet normal -0.00600533792749 -0.0552141852677 -0.998456478119
    outer loop
      vertex 170.013595581 153.028152466 9.54040431976
      vertex 169.750366211 153.028152466 9.56903362274
      vertex 170.023849487 153.094085693 10.7316017151
    endloop
  endfacet
  facet normal 0.00286768539809 -0.0552418716252 -0.998468875885
    outer loop
      vertex 170.278411865 153.028152466 9.54040431976
      vertex 170.146011353 153.094085693 10.7252607346
      vertex 170.268157959 153.094085693 10.7316017151
    endloop
  endfacet
  facet normal -0 -0.0555615536869 -0.998455286026
    outer loop
      vertex 170.278411865 153.028152466 9.54040431976
      vertex 170.013595581 153.028152466 9.54040431976
      vertex 170.146011353 153.094085693 10.7252607346
    endloop
  endfacet
  facet normal 0.00823413394392 -0.0546904914081 -0.998469412327
    outer loop
      vertex 170.541656494 153.028152466 9.56903362274
      vertex 170.268157959 153.094085693 10.7316017151
      vertex 170.391448975 153.094085693 10.750164032
    endloop
  endfacet
  facet normal 0.00600489601493 -0.055214188993 -0.998456478119
    outer loop
      vertex 170.541656494 153.028152466 9.56903362274
      vertex 170.278411865 153.028152466 9.54040431976
      vertex 170.268157959 153.094085693 10.7316017151
    endloop
  endfacet
  facet normal 0.0133558390662 -0.0537029616535 -0.998467624187
    outer loop
      vertex 170.80027771 153.028152466 9.62595844269
      vertex 170.391448975 153.094085693 10.750164032
      vertex 170.512481689 153.094085693 10.7802629471
    endloop
  endfacet
  facet normal 0.0119344592094 -0.0542192682624 -0.998457729816
    outer loop
      vertex 170.80027771 153.028152466 9.62595844269
      vertex 170.541656494 153.028152466 9.56903362274
      vertex 170.391448975 153.094085693 10.750164032
    endloop
  endfacet
  facet normal 0.0185480602086 -0.0521995611489 -0.998464405537
    outer loop
      vertex 171.051208496 153.028152466 9.71051120758
      vertex 170.512481689 153.094085693 10.7802629471
      vertex 170.627731323 153.094085693 10.8212146759
    endloop
  endfacet
  facet normal 0.017727330327 -0.0526124723256 -0.998457670212
    outer loop
      vertex 171.051208496 153.028152466 9.71051120758
      vertex 170.80027771 153.028152466 9.62595844269
      vertex 170.512481689 153.094085693 10.7802629471
    endloop
  endfacet
  facet normal 0.023860393092 -0.0500184521079 -0.998463213444
    outer loop
      vertex 171.291534424 153.028152466 9.82169914246
      vertex 170.627731323 153.094085693 10.8212146759
      vertex 170.738128662 153.094085693 10.87388134
    endloop
  endfacet
  facet normal 0.0233102887869 -0.0503834411502 -0.99845790863
    outer loop
      vertex 171.291534424 153.028152466 9.82169914246
      vertex 171.051208496 153.028152466 9.71051120758
      vertex 170.627731323 153.094085693 10.8212146759
    endloop
  endfacet
  facet normal 0.028651881963 -0.0474981404841 -0.998460292816
    outer loop
      vertex 171.291534424 153.028152466 9.82169914246
      vertex 170.738128662 153.094085693 10.87388134
      vertex 170.844894409 153.094085693 10.9382829666
    endloop
  endfacet
  facet normal 0.0329463891685 -0.0445295535028 -0.998464643955
    outer loop
      vertex 171.518447876 153.028152466 9.95821857452
      vertex 170.844894409 153.094085693 10.9382829666
      vertex 170.945144653 153.094085693 11.0124578476
    endloop
  endfacet
  facet normal 0.028591176495 -0.0475224591792 -0.998460888863
    outer loop
      vertex 171.518447876 153.028152466 9.95821857452
      vertex 171.291534424 153.028152466 9.82169914246
      vertex 170.844894409 153.094085693 10.9382829666
    endloop
  endfacet
  facet normal 0.0371112786233 -0.0410903692245 -0.998466014862
    outer loop
      vertex 171.729248047 153.028152466 10.118470192
      vertex 170.945144653 153.094085693 11.0124578476
      vertex 171.035934448 153.094085693 11.0944452286
    endloop
  endfacet
  facet normal 0.0335872769356 -0.0441806688905 -0.9984588027
    outer loop
      vertex 171.729248047 153.028152466 10.118470192
      vertex 171.518447876 153.028152466 9.95821857452
      vertex 170.945144653 153.094085693 11.0124578476
    endloop
  endfacet
  facet normal 0.0411680862308 -0.0370034575462 -0.998466789722
    outer loop
      vertex 171.92149353 153.028152466 10.3005752563
      vertex 171.035934448 153.094085693 11.0944452286
      vertex 171.117721558 153.094085693 11.1854372025
    endloop
  endfacet
  facet normal 0.0381931550801 -0.0403211824596 -0.998456537724
    outer loop
      vertex 171.92149353 153.028152466 10.3005752563
      vertex 171.729248047 153.028152466 10.118470192
      vertex 171.035934448 153.094085693 11.0944452286
    endloop
  endfacet
  facet normal 0.0445456765592 -0.0327818877995 -0.998469352722
    outer loop
      vertex 172.092941284 153.028152466 10.5023975372
      vertex 171.117721558 153.094085693 11.1854372025
      vertex 171.191650391 153.094085693 11.2859106064
    endloop
  endfacet
  facet normal 0.0423240363598 -0.0359526835382 -0.998456835747
    outer loop
      vertex 172.092941284 153.028152466 10.5023975372
      vertex 171.92149353 153.028152466 10.3005752563
      vertex 171.117721558 153.094085693 11.1854372025
    endloop
  endfacet
  facet normal 0.0474159047008 -0.0284446030855 -0.998470127583
    outer loop
      vertex 172.241531372 153.028152466 10.721572876
      vertex 171.191650391 153.094085693 11.2859106064
      vertex 171.255783081 153.094085693 11.392821312
    endloop
  endfacet
  facet normal 0.0459567457438 -0.0311577077955 -0.998457372189
    outer loop
      vertex 172.241531372 153.028152466 10.721572876
      vertex 172.092941284 153.028152466 10.5023975372
      vertex 171.191650391 153.094085693 11.2859106064
    endloop
  endfacet
  facet normal 0.0499635413289 -0.0237486902624 -0.998468637466
    outer loop
      vertex 172.365570068 153.028152466 10.955529213
      vertex 171.255783081 153.094085693 11.392821312
      vertex 171.308227539 153.094085693 11.5031299591
    endloop
  endfacet
  facet normal 0.0490703172982 -0.0260137096047 -0.998456478119
    outer loop
      vertex 172.365570068 153.028152466 10.955529213
      vertex 172.241531372 153.028152466 10.721572876
      vertex 171.255783081 153.094085693 11.392821312
    endloop
  endfacet
  facet normal 0.0521285682917 -0.018586166203 -0.998467385769
    outer loop
      vertex 172.463592529 153.028152466 11.2015256882
      vertex 171.308227539 153.094085693 11.5031299591
      vertex 171.348587036 153.094085693 11.6163291931
    endloop
  endfacet
  facet normal 0.0516110733151 -0.0205659400672 -0.99845546484
    outer loop
      vertex 172.463592529 153.028152466 11.2015256882
      vertex 172.365570068 153.028152466 10.955529213
      vertex 171.308227539 153.094085693 11.5031299591
    endloop
  endfacet
  facet normal 0.0537168011069 -0.0133627951145 -0.998466789722
    outer loop
      vertex 172.534423828 153.028152466 11.4566764832
      vertex 171.348587036 153.094085693 11.6163291931
      vertex 171.377838135 153.094085693 11.7339439392
    endloop
  endfacet
  facet normal 0.0535149537027 -0.0148577913642 -0.998456478119
    outer loop
      vertex 172.534423828 153.028152466 11.4566764832
      vertex 172.463592529 153.028152466 11.2015256882
      vertex 171.348587036 153.094085693 11.6163291931
    endloop
  endfacet
  facet normal 0.0547783412039 -0.00817630719393 -0.998465061188
    outer loop
      vertex 172.577270508 153.028152466 11.7179908752
      vertex 171.377838135 153.094085693 11.7339439392
      vertex 171.396057129 153.094085693 11.855969429
    endloop
  endfacet
  facet normal 0.0547673217952 -0.00897874962538 -0.9984588027
    outer loop
      vertex 172.577270508 153.028152466 11.7179908752
      vertex 172.534423828 153.028152466 11.4566764832
      vertex 171.377838135 153.094085693 11.7339439392
    endloop
  endfacet
  facet normal -0.165908113122 0.0120732551441 -0.986067295074
    outer loop
      vertex 166.532592773 152.827682495 12.3753881454
      vertex 167.714767456 153.028152466 12.2468194962
      vertex 167.686050415 153.026565552 11.9824047089
    endloop
  endfacet
  facet normal -0.164288058877 -0.0269339699298 -0.986044645309
    outer loop
      vertex 166.532592773 152.827682495 11.589422226
      vertex 167.714767456 153.028152466 11.7179908752
      vertex 167.757598877 153.028152466 11.4566764832
    endloop
  endfacet
  facet normal -0.167503640056 -0.0122481696308 -0.985795378685
    outer loop
      vertex 166.498352051 152.824752808 11.9824047089
      vertex 167.686050415 153.026565552 11.9824047089
      vertex 167.714767456 153.028152466 11.7179908752
    endloop
  endfacet
  facet normal -0.166435748339 -0.00715783145279 -0.986026346684
    outer loop
      vertex 166.532592773 152.827682495 11.589422226
      vertex 166.498352051 152.824752808 11.9824047089
      vertex 167.714767456 153.028152466 11.7179908752
    endloop
  endfacet
  facet normal -0.160413205624 -0.0445368215442 -0.986044645309
    outer loop
      vertex 166.5962677 152.827682495 11.2010469437
      vertex 167.757598877 153.028152466 11.4566764832
      vertex 167.828445435 153.028152466 11.2015256882
    endloop
  endfacet
  facet normal -0.164288014174 -0.0269334148616 -0.986044645309
    outer loop
      vertex 166.5962677 152.827682495 11.2010469437
      vertex 166.532592773 152.827682495 11.589422226
      vertex 167.757598877 153.028152466 11.4566764832
    endloop
  endfacet
  facet normal -0.154655560851 -0.0616270303726 -0.9860445261
    outer loop
      vertex 166.701553345 152.827682495 10.8218307495
      vertex 167.828445435 153.028152466 11.2015256882
      vertex 167.926467896 153.028152466 10.955529213
    endloop
  endfacet
  facet normal -0.160413175821 -0.0445392094553 -0.986044585705
    outer loop
      vertex 166.701553345 152.827682495 10.8218307495
      vertex 166.5962677 152.827682495 11.2010469437
      vertex 167.828445435 153.028152466 11.2015256882
    endloop
  endfacet
  facet normal -0.147089242935 -0.0779766067863 -0.986044824123
    outer loop
      vertex 166.847229004 152.827682495 10.4562244415
      vertex 167.926467896 153.028152466 10.955529213
      vertex 168.050491333 153.028152466 10.721572876
    endloop
  endfacet
  facet normal -0.15465632081 -0.061620503664 -0.986044764519
    outer loop
      vertex 166.847229004 152.827682495 10.4562244415
      vertex 166.701553345 152.827682495 10.8218307495
      vertex 167.926467896 153.028152466 10.955529213
    endloop
  endfacet
  facet normal -0.137796521187 -0.0934236943722 -0.986044704914
    outer loop
      vertex 167.031570435 152.827682495 10.10850811
      vertex 168.050491333 153.028152466 10.721572876
      vertex 168.19909668 153.028152466 10.5023984909
    endloop
  endfacet
  facet normal -0.147088319063 -0.0779806450009 -0.986044645309
    outer loop
      vertex 167.031570435 152.827682495 10.10850811
      vertex 166.847229004 152.827682495 10.4562244415
      vertex 168.050491333 153.028152466 10.721572876
    endloop
  endfacet
  facet normal -0.126882359385 -0.107781127095 -0.986044645309
    outer loop
      vertex 167.252426147 152.827682495 9.78276252747
      vertex 168.19909668 153.028152466 10.5023984909
      vertex 168.370529175 153.028152466 10.3005752563
    endloop
  endfacet
  facet normal -0.137796461582 -0.0934238657355 -0.986044704914
    outer loop
      vertex 167.252426147 152.827682495 9.78276252747
      vertex 167.031570435 152.827682495 10.10850811
      vertex 168.19909668 153.028152466 10.5023984909
    endloop
  endfacet
  facet normal -0.114487215877 -0.120866157115 -0.986044645309
    outer loop
      vertex 167.507217407 152.827682495 9.48280620575
      vertex 168.370529175 153.028152466 10.3005752563
      vertex 168.562774658 153.028152466 10.118470192
    endloop
  endfacet
  facet normal -0.126882702112 -0.107780396938 -0.986044704914
    outer loop
      vertex 167.507217407 152.827682495 9.48280620575
      vertex 167.252426147 152.827682495 9.78276252747
      vertex 168.370529175 153.028152466 10.3005752563
    endloop
  endfacet
  facet normal -0.10075327754 -0.132530748844 -0.986044824123
    outer loop
      vertex 167.792938232 152.827682495 9.21215438843
      vertex 168.562774658 153.028152466 10.118470192
      vertex 168.773574829 153.028152466 9.95821857452
    endloop
  endfacet
  facet normal -0.114488765597 -0.120863623917 -0.986044764519
    outer loop
      vertex 167.792938232 152.827682495 9.21215438843
      vertex 167.507217407 152.827682495 9.48280620575
      vertex 168.562774658 153.028152466 10.118470192
    endloop
  endfacet
  facet normal -0.0858308821917 -0.14265049994 -0.986044585705
    outer loop
      vertex 168.106262207 152.827682495 8.97398281097
      vertex 168.773574829 153.028152466 9.95821857452
      vertex 169.000473022 153.028152466 9.82169914246
    endloop
  endfacet
  facet normal -0.100749611855 -0.132535502315 -0.9860445261
    outer loop
      vertex 168.106262207 152.827682495 8.97398281097
      vertex 167.792938232 152.827682495 9.21215438843
      vertex 168.773574829 153.028152466 9.95821857452
    endloop
  endfacet
  facet normal -0.069900251925 -0.151096358895 -0.9860445261
    outer loop
      vertex 168.443481445 152.827682495 8.77108097076
      vertex 169.000473022 153.028152466 9.82169914246
      vertex 169.240814209 153.028152466 9.71051120758
    endloop
  endfacet
  facet normal -0.0858305469155 -0.142650842667 -0.9860445261
    outer loop
      vertex 168.443481445 152.827682495 8.77108097076
      vertex 168.106262207 152.827682495 8.97398281097
      vertex 169.000473022 153.028152466 9.82169914246
    endloop
  endfacet
  facet normal -0.0531578026712 -0.157765641809 -0.986044764519
    outer loop
      vertex 168.80065918 152.827682495 8.60582923889
      vertex 169.240814209 153.028152466 9.71051120758
      vertex 169.491760254 153.028152466 9.62595844269
    endloop
  endfacet
  facet normal -0.0699038878083 -0.151093304157 -0.986044764519
    outer loop
      vertex 168.80065918 152.827682495 8.60582923889
      vertex 168.443481445 152.827682495 8.77108097076
      vertex 169.240814209 153.028152466 9.71051120758
    endloop
  endfacet
  facet normal -0.0357880815864 -0.162588313222 -0.986044764519
    outer loop
      vertex 169.173614502 152.827682495 8.48016452789
      vertex 169.491760254 153.028152466 9.62595844269
      vertex 169.750366211 153.028152466 9.56903362274
    endloop
  endfacet
  facet normal -0.0531582050025 -0.157765373588 -0.986044764519
    outer loop
      vertex 169.173614502 152.827682495 8.48016452789
      vertex 168.80065918 152.827682495 8.60582923889
      vertex 169.491760254 153.028152466 9.62595844269
    endloop
  endfacet
  facet normal -0.0180010050535 -0.165504574776 -0.986044704914
    outer loop
      vertex 169.557983398 152.827682495 8.39556026459
      vertex 169.750366211 153.028152466 9.56903362274
      vertex 170.013595581 153.028152466 9.54040431976
    endloop
  endfacet
  facet normal -0.0357877202332 -0.162588506937 -0.986044704914
    outer loop
      vertex 169.557983398 152.827682495 8.39556026459
      vertex 169.173614502 152.827682495 8.48016452789
      vertex 169.750366211 153.028152466 9.56903362274
    endloop
  endfacet
  facet normal 0 -0.166480764747 -0.986044704914
    outer loop
      vertex 169.949234009 152.827682495 8.35300922394
      vertex 170.013595581 153.028152466 9.54040431976
      vertex 170.278411865 153.028152466 9.54040431976
    endloop
  endfacet
  facet normal -0.0179999042302 -0.165504992008 -0.986044645309
    outer loop
      vertex 169.949234009 152.827682495 8.35300922394
      vertex 169.557983398 152.827682495 8.39556026459
      vertex 170.013595581 153.028152466 9.54040431976
    endloop
  endfacet
  facet normal 0.0179996974766 -0.165504723787 -0.986044704914
    outer loop
      vertex 170.342803955 152.827682495 8.35300922394
      vertex 170.278411865 153.028152466 9.54040431976
      vertex 170.541656494 153.028152466 9.56903362274
    endloop
  endfacet
  facet normal -0 -0.166480764747 -0.986044704914
    outer loop
      vertex 170.342803955 152.827682495 8.35300922394
      vertex 169.949234009 152.827682495 8.35300922394
      vertex 170.278411865 153.028152466 9.54040431976
    endloop
  endfacet
  facet normal 0.0357881113887 -0.162588432431 -0.986044704914
    outer loop
      vertex 170.734039307 152.827682495 8.39556026459
      vertex 170.541656494 153.028152466 9.56903362274
      vertex 170.80027771 153.028152466 9.62595844269
    endloop
  endfacet
  facet normal 0.0179998781532 -0.16550475359 -0.986044704914
    outer loop
      vertex 170.734039307 152.827682495 8.39556026459
      vertex 170.342803955 152.827682495 8.35300922394
      vertex 170.541656494 153.028152466 9.56903362274
    endloop
  endfacet
  facet normal 0.0531577542424 -0.157765492797 -0.986044764519
    outer loop
      vertex 171.118408203 152.827682495 8.48016452789
      vertex 170.80027771 153.028152466 9.62595844269
      vertex 171.051208496 153.028152466 9.71051120758
    endloop
  endfacet
  facet normal 0.0357877016068 -0.16258841753 -0.986044764519
    outer loop
      vertex 171.118408203 152.827682495 8.48016452789
      vertex 170.734039307 152.827682495 8.39556026459
      vertex 170.80027771 153.028152466 9.62595844269
    endloop
  endfacet
  facet normal 0.0699043944478 -0.151093110442 -0.986044764519
    outer loop
      vertex 171.491363525 152.827682495 8.60582923889
      vertex 171.051208496 153.028152466 9.71051120758
      vertex 171.291534424 153.028152466 9.82169914246
    endloop
  endfacet
  facet normal 0.0531582385302 -0.157765462995 -0.986044764519
    outer loop
      vertex 171.491363525 152.827682495 8.60582923889
      vertex 171.118408203 152.827682495 8.48016452789
      vertex 171.051208496 153.028152466 9.71051120758
    endloop
  endfacet
  facet normal 0.0858246907592 -0.14265242219 -0.986044824123
    outer loop
      vertex 171.84854126 152.827682495 8.77108097076
      vertex 171.291534424 153.028152466 9.82169914246
      vertex 171.518447876 153.028152466 9.95821857452
    endloop
  endfacet
  facet normal 0.0699038356543 -0.151093199849 -0.986044764519
    outer loop
      vertex 171.84854126 152.827682495 8.77108097076
      vertex 171.491363525 152.827682495 8.60582923889
      vertex 171.291534424 153.028152466 9.82169914246
    endloop
  endfacet
  facet normal 0.100754357874 -0.132532179356 -0.9860445261
    outer loop
      vertex 172.185775757 152.827682495 8.9739818573
      vertex 171.518447876 153.028152466 9.95821857452
      vertex 171.729248047 153.028152466 10.118470192
    endloop
  endfacet
  facet normal 0.08583021909 -0.142650842667 -0.986044585705
    outer loop
      vertex 172.185775757 152.827682495 8.9739818573
      vertex 171.84854126 152.827682495 8.77108097076
      vertex 171.518447876 153.028152466 9.95821857452
    endloop
  endfacet
  facet normal 0.114486582577 -0.120865486562 -0.986044824123
    outer loop
      vertex 172.499084473 152.827682495 9.21215438843
      vertex 171.729248047 153.028152466 10.118470192
      vertex 171.92149353 153.028152466 10.3005752563
    endloop
  endfacet
  facet normal 0.10074904561 -0.132534340024 -0.986044764519
    outer loop
      vertex 172.499084473 152.827682495 9.21215438843
      vertex 172.185775757 152.827682495 8.9739818573
      vertex 171.729248047 153.028152466 10.118470192
    endloop
  endfacet
  facet normal 0.126881718636 -0.107781268656 -0.986044764519
    outer loop
      vertex 172.784805298 152.827682495 9.48280525208
      vertex 171.92149353 153.028152466 10.3005752563
      vertex 172.092941284 153.028152466 10.5023975372
    endloop
  endfacet
  facet normal 0.114488832653 -0.120864272118 -0.986044704914
    outer loop
      vertex 172.784805298 152.827682495 9.48280525208
      vertex 172.499084473 152.827682495 9.21215438843
      vertex 171.92149353 153.028152466 10.3005752563
    endloop
  endfacet
  facet normal 0.137798666954 -0.0934245958924 -0.986044287682
    outer loop
      vertex 173.039581299 152.827682495 9.78276157379
      vertex 172.092941284 153.028152466 10.5023975372
      vertex 172.241531372 153.028152466 10.721572876
    endloop
  endfacet
  facet normal 0.126888170838 -0.10777682811 -0.986044406891
    outer loop
      vertex 173.039581299 152.827682495 9.78276157379
      vertex 172.784805298 152.827682495 9.48280525208
      vertex 172.092941284 153.028152466 10.5023975372
    endloop
  endfacet
  facet normal 0.147090315819 -0.0779771730304 -0.986044645309
    outer loop
      vertex 173.260452271 152.827682495 10.1085071564
      vertex 172.241531372 153.028152466 10.721572876
      vertex 172.365570068 153.028152466 10.955529213
    endloop
  endfacet
  facet normal 0.137792855501 -0.093429595232 -0.986044645309
    outer loop
      vertex 173.260452271 152.827682495 10.1085071564
      vertex 173.039581299 152.827682495 9.78276157379
      vertex 172.241531372 153.028152466 10.721572876
    endloop
  endfacet
  facet normal 0.154653608799 -0.0616262517869 -0.986044883728
    outer loop
      vertex 173.44480896 152.827682495 10.4562225342
      vertex 172.365570068 153.028152466 10.955529213
      vertex 172.463592529 153.028152466 11.2015256882
    endloop
  endfacet
  facet normal 0.147087484598 -0.0779802054167 -0.986044824123
    outer loop
      vertex 173.44480896 152.827682495 10.4562225342
      vertex 173.260452271 152.827682495 10.1085071564
      vertex 172.365570068 153.028152466 10.955529213
    endloop
  endfacet
  facet normal 0.160413920879 -0.0445370189846 -0.9860445261
    outer loop
      vertex 173.59046936 152.827682495 10.8218307495
      vertex 172.463592529 153.028152466 11.2015256882
      vertex 172.534423828 153.028152466 11.4566764832
    endloop
  endfacet
  facet normal 0.154657661915 -0.0616208389401 -0.986044585705
    outer loop
      vertex 173.59046936 152.827682495 10.8218307495
      vertex 173.44480896 152.827682495 10.4562225342
      vertex 172.463592529 153.028152466 11.2015256882
    endloop
  endfacet
  facet normal 0.164287865162 -0.0269339364022 -0.986044645309
    outer loop
      vertex 173.695755005 152.827682495 11.20104599
      vertex 172.534423828 153.028152466 11.4566764832
      vertex 172.577270508 153.028152466 11.7179908752
    endloop
  endfacet
  facet normal 0.160412624478 -0.0445391982794 -0.986044645309
    outer loop
      vertex 173.695755005 152.827682495 11.20104599
      vertex 173.59046936 152.827682495 10.8218307495
      vertex 172.534423828 153.028152466 11.4566764832
    endloop
  endfacet
  facet normal 0.166236922145 -0.00901448726654 -0.986044645309
    outer loop
      vertex 173.759429932 152.827682495 11.5894212723
      vertex 172.577270508 153.028152466 11.7179908752
      vertex 172.59161377 153.028152466 11.9824047089
    endloop
  endfacet
  facet normal 0.164288088679 -0.0269334297627 -0.986044645309
    outer loop
      vertex 173.759429932 152.827682495 11.5894212723
      vertex 173.695755005 152.827682495 11.20104599
      vertex 172.577270508 153.028152466 11.7179908752
    endloop
  endfacet
  facet normal -0.167511805892 0.00725294277072 -0.985843420029
    outer loop
      vertex 166.532592773 152.827682495 12.3753881454
      vertex 167.686050415 153.026565552 11.9824047089
      vertex 166.498352051 152.824752808 11.9824047089
    endloop
  endfacet
  facet normal -0.275467723608 0.0168422237039 -0.961162745953
    outer loop
      vertex 165.380218506 152.49520874 12.5007181168
      vertex 166.532592773 152.827682495 12.3753881454
      vertex 166.498352051 152.824752808 11.9824047089
    endloop
  endfacet
  facet normal -0.272434651852 -0.0446630045772 -0.961137115955
    outer loop
      vertex 165.380218506 152.49520874 11.4640932083
      vertex 166.532592773 152.827682495 11.589422226
      vertex 166.5962677 152.827682495 11.2010469437
    endloop
  endfacet
  facet normal -0.276261121035 -0.016913048923 -0.960933804512
    outer loop
      vertex 165.352096558 152.49520874 11.9824047089
      vertex 166.498352051 152.824752808 11.9824047089
      vertex 166.532592773 152.827682495 11.589422226
    endloop
  endfacet
  facet normal -0.275665849447 -0.0149528700858 -0.961137235165
    outer loop
      vertex 165.380218506 152.49520874 11.4640932083
      vertex 165.352096558 152.49520874 11.9824047089
      vertex 166.532592773 152.827682495 11.589422226
    endloop
  endfacet
  facet normal -0.266008496284 -0.0738580673933 -0.961137056351
    outer loop
      vertex 165.464187622 152.49520874 10.9518575668
      vertex 166.5962677 152.827682495 11.2010469437
      vertex 166.701553345 152.827682495 10.8218307495
    endloop
  endfacet
  facet normal -0.272434741259 -0.0446633845568 -0.961137056351
    outer loop
      vertex 165.464187622 152.49520874 10.9518575668
      vertex 165.380218506 152.49520874 11.4640932083
      vertex 166.5962677 152.827682495 11.2010469437
    endloop
  endfacet
  facet normal -0.256464272738 -0.102184355259 -0.961137056351
    outer loop
      vertex 165.603057861 152.49520874 10.4517030716
      vertex 166.701553345 152.827682495 10.8218307495
      vertex 166.847229004 152.827682495 10.4562244415
    endloop
  endfacet
  facet normal -0.266008496284 -0.0738581493497 -0.961137056351
    outer loop
      vertex 165.603057861 152.49520874 10.4517030716
      vertex 165.464187622 152.49520874 10.9518575668
      vertex 166.701553345 152.827682495 10.8218307495
    endloop
  endfacet
  facet normal -0.243910849094 -0.12931227684 -0.961137771606
    outer loop
      vertex 165.795181274 152.49520874 9.96949672699
      vertex 166.847229004 152.827682495 10.4562244415
      vertex 167.031570435 152.827682495 10.10850811
    endloop
  endfacet
  facet normal -0.256464451551 -0.1021778211 -0.961137712002
    outer loop
      vertex 165.795181274 152.49520874 9.96949672699
      vertex 165.603057861 152.49520874 10.4517030716
      vertex 166.847229004 152.827682495 10.4562244415
    endloop
  endfacet
  facet normal -0.228502184153 -0.15492092073 -0.961138010025
    outer loop
      vertex 166.038314819 152.49520874 9.51088905334
      vertex 167.031570435 152.827682495 10.10850811
      vertex 167.252426147 152.827682495 9.78276252747
    endloop
  endfacet
  facet normal -0.243911057711 -0.129310756922 -0.96113795042
    outer loop
      vertex 166.038314819 152.49520874 9.51088905334
      vertex 165.795181274 152.49520874 9.96949672699
      vertex 167.031570435 152.827682495 10.10850811
    endloop
  endfacet
  facet normal -0.210409611464 -0.178732261062 -0.961136102676
    outer loop
      vertex 166.32963562 152.49520874 9.08125686646
      vertex 167.252426147 152.827682495 9.78276252747
      vertex 167.507217407 152.827682495 9.48280620575
    endloop
  endfacet
  facet normal -0.228497818112 -0.15493825078 -0.961136221886
    outer loop
      vertex 166.32963562 152.49520874 9.08125686646
      vertex 166.038314819 152.49520874 9.51088905334
      vertex 167.252426147 152.827682495 9.78276252747
    endloop
  endfacet
  facet normal -0.189855545759 -0.200426906347 -0.961136758327
    outer loop
      vertex 166.665679932 152.49520874 8.68563938141
      vertex 167.507217407 152.827682495 9.48280620575
      vertex 167.792938232 152.827682495 9.21215438843
    endloop
  endfacet
  facet normal -0.210411906242 -0.178726062179 -0.961136758327
    outer loop
      vertex 166.665679932 152.49520874 8.68563938141
      vertex 166.32963562 152.49520874 9.08125686646
      vertex 167.507217407 152.827682495 9.48280620575
    endloop
  endfacet
  facet normal -0.167069494724 -0.219778910279 -0.961137354374
    outer loop
      vertex 167.042495728 152.49520874 8.32867240906
      vertex 167.792938232 152.827682495 9.21215438843
      vertex 168.106262207 152.827682495 8.97398281097
    endloop
  endfacet
  facet normal -0.189857959747 -0.20042206347 -0.961137294769
    outer loop
      vertex 167.042495728 152.49520874 8.32867240906
      vertex 166.665679932 152.49520874 8.68563938141
      vertex 167.792938232 152.827682495 9.21215438843
    endloop
  endfacet
  facet normal -0.142329856753 -0.236553013325 -0.961137294769
    outer loop
      vertex 167.455734253 152.49520874 8.01454257965
      vertex 168.106262207 152.827682495 8.97398281097
      vertex 168.443481445 152.827682495 8.77108097076
    endloop
  endfacet
  facet normal -0.167069301009 -0.219779208302 -0.961137294769
    outer loop
      vertex 167.455734253 152.49520874 8.01454257965
      vertex 167.042495728 152.49520874 8.32867240906
      vertex 168.106262207 152.827682495 8.97398281097
    endloop
  endfacet
  facet normal -0.115920491517 -0.250555604696 -0.961136996746
    outer loop
      vertex 167.900527954 152.49520874 7.74693107605
      vertex 168.443481445 152.827682495 8.77108097076
      vertex 168.80065918 152.827682495 8.60582923889
    endloop
  endfacet
  facet normal -0.142327845097 -0.23655551672 -0.961136996746
    outer loop
      vertex 167.900527954 152.49520874 7.74693107605
      vertex 167.455734253 152.49520874 8.01454257965
      vertex 168.443481445 152.827682495 8.77108097076
    endloop
  endfacet
  facet normal -0.0881509557366 -0.261618465185 -0.961137413979
    outer loop
      vertex 168.37159729 152.49520874 7.52897834778
      vertex 168.80065918 152.827682495 8.60582923889
      vertex 169.173614502 152.827682495 8.48016452789
    endloop
  endfacet
  facet normal -0.115923523903 -0.250552594662 -0.961137413979
    outer loop
      vertex 168.37159729 152.49520874 7.52897834778
      vertex 167.900527954 152.49520874 7.74693107605
      vertex 168.80065918 152.827682495 8.60582923889
    endloop
  endfacet
  facet normal -0.059346023947 -0.269617080688 -0.96113717556
    outer loop
      vertex 168.863494873 152.49520874 7.36323738098
      vertex 169.173614502 152.827682495 8.48016452789
      vertex 169.557983398 152.827682495 8.39556026459
    endloop
  endfacet
  facet normal -0.0881492570043 -0.261619836092 -0.961137235165
    outer loop
      vertex 168.863494873 152.49520874 7.36323738098
      vertex 168.37159729 152.49520874 7.52897834778
      vertex 169.173614502 152.827682495 8.48016452789
    endloop
  endfacet
  facet normal -0.0298487748951 -0.274452626705 -0.961137235165
    outer loop
      vertex 169.370437622 152.49520874 7.25165176392
      vertex 169.557983398 152.827682495 8.39556026459
      vertex 169.949234009 152.827682495 8.35300922394
    endloop
  endfacet
  facet normal -0.0593470484018 -0.26961645484 -0.961137294769
    outer loop
      vertex 169.370437622 152.49520874 7.25165176392
      vertex 168.863494873 152.49520874 7.36323738098
      vertex 169.557983398 152.827682495 8.39556026459
    endloop
  endfacet
  facet normal 0 -0.276071131229 -0.96113717556
    outer loop
      vertex 169.886474609 152.49520874 7.19552993774
      vertex 169.949234009 152.827682495 8.35300922394
      vertex 170.342803955 152.827682495 8.35300922394
    endloop
  endfacet
  facet normal -0.0298485830426 -0.274452745914 -0.961137235165
    outer loop
      vertex 169.886474609 152.49520874 7.19552993774
      vertex 169.370437622 152.49520874 7.25165176392
      vertex 169.949234009 152.827682495 8.35300922394
    endloop
  endfacet
  facet normal 0.0298487711698 -0.274452596903 -0.961137235165
    outer loop
      vertex 170.405563354 152.49520874 7.19552946091
      vertex 170.342803955 152.827682495 8.35300922394
      vertex 170.734039307 152.827682495 8.39556026459
    endloop
  endfacet
  facet normal -2.71713958e-07 -0.276071041822 -0.961137235165
    outer loop
      vertex 170.405563354 152.49520874 7.19552946091
      vertex 169.886474609 152.49520874 7.19552993774
      vertex 170.342803955 152.827682495 8.35300922394
    endloop
  endfacet
  facet normal 0.0593459196389 -0.269616633654 -0.961137294769
    outer loop
      vertex 170.921585083 152.49520874 7.25165176392
      vertex 170.734039307 152.827682495 8.39556026459
      vertex 171.118408203 152.827682495 8.48016452789
    endloop
  endfacet
  facet normal 0.0298488419503 -0.274452626705 -0.961137235165
    outer loop
      vertex 170.921585083 152.49520874 7.25165176392
      vertex 170.405563354 152.49520874 7.19552946091
      vertex 170.734039307 152.827682495 8.39556026459
    endloop
  endfacet
  facet normal 0.0881511941552 -0.261619180441 -0.961137235165
    outer loop
      vertex 171.428527832 152.49520874 7.36323690414
      vertex 171.118408203 152.827682495 8.48016452789
      vertex 171.491363525 152.827682495 8.60582923889
    endloop
  endfacet
  facet normal 0.0593468472362 -0.269616752863 -0.961137235165
    outer loop
      vertex 171.428527832 152.49520874 7.36323690414
      vertex 170.921585083 152.49520874 7.25165176392
      vertex 171.118408203 152.827682495 8.48016452789
    endloop
  endfacet
  facet normal 0.115920498967 -0.250555634499 -0.961136996746
    outer loop
      vertex 171.920410156 152.49520874 7.52897787094
      vertex 171.491363525 152.827682495 8.60582923889
      vertex 171.84854126 152.827682495 8.77108097076
    endloop
  endfacet
  facet normal 0.0881525278091 -0.261619210243 -0.961137115955
    outer loop
      vertex 171.920410156 152.49520874 7.52897787094
      vertex 171.428527832 152.49520874 7.36323690414
      vertex 171.491363525 152.827682495 8.60582923889
    endloop
  endfacet
  facet normal 0.142330050468 -0.236554220319 -0.961136937141
    outer loop
      vertex 172.39151001 152.49520874 7.74693059921
      vertex 171.84854126 152.827682495 8.77108097076
      vertex 172.185775757 152.827682495 8.9739818573
    endloop
  endfacet
  facet normal 0.115920163691 -0.250555664301 -0.961136996746
    outer loop
      vertex 172.39151001 152.49520874 7.74693059921
      vertex 171.920410156 152.49520874 7.52897787094
      vertex 171.84854126 152.827682495 8.77108097076
    endloop
  endfacet
  facet normal 0.167070016265 -0.219778895378 -0.961137294769
    outer loop
      vertex 172.836288452 152.49520874 8.01454257965
      vertex 172.185775757 152.827682495 8.9739818573
      vertex 172.499084473 152.827682495 9.21215438843
    endloop
  endfacet
  facet normal 0.142327621579 -0.236554697156 -0.96113717556
    outer loop
      vertex 172.836288452 152.49520874 8.01454257965
      vertex 172.39151001 152.49520874 7.74693059921
      vertex 172.185775757 152.827682495 8.9739818573
    endloop
  endfacet
  facet normal 0.189855575562 -0.200427874923 -0.961136579514
    outer loop
      vertex 173.249511719 152.49520874 8.32867145538
      vertex 172.499084473 152.827682495 9.21215438843
      vertex 172.784805298 152.827682495 9.48280525208
    endloop
  endfacet
  facet normal 0.167075365782 -0.219777226448 -0.961136698723
    outer loop
      vertex 173.249511719 152.49520874 8.32867145538
      vertex 172.836288452 152.49520874 8.01454257965
      vertex 172.499084473 152.827682495 9.21215438843
    endloop
  endfacet
  facet normal 0.210414767265 -0.178723022342 -0.961136698723
    outer loop
      vertex 173.626358032 152.49520874 8.68563747406
      vertex 172.784805298 152.827682495 9.48280525208
      vertex 173.039581299 152.827682495 9.78276157379
    endloop
  endfacet
  facet normal 0.189853951335 -0.200428590178 -0.961136758327
    outer loop
      vertex 173.626358032 152.49520874 8.68563747406
      vertex 173.249511719 152.49520874 8.32867145538
      vertex 172.784805298 152.827682495 9.48280525208
    endloop
  endfacet
  facet normal 0.228498324752 -0.154931873083 -0.96113717556
    outer loop
      vertex 173.962402344 152.49520874 9.08125686646
      vertex 173.039581299 152.827682495 9.78276157379
      vertex 173.260452271 152.827682495 10.1085071564
    endloop
  endfacet
  facet normal 0.210411161184 -0.178725078702 -0.961137056351
    outer loop
      vertex 173.962402344 152.49520874 9.08125686646
      vertex 173.626358032 152.49520874 8.68563747406
      vertex 173.039581299 152.827682495 9.78276157379
    endloop
  endfacet
  facet normal 0.243913650513 -0.129313766956 -0.961136877537
    outer loop
      vertex 174.253707886 152.49520874 9.51088809967
      vertex 173.260452271 152.827682495 10.1085071564
      vertex 173.44480896 152.827682495 10.4562225342
    endloop
  endfacet
  facet normal 0.228500694036 -0.154930144548 -0.961136877537
    outer loop
      vertex 174.253707886 152.49520874 9.51088809967
      vertex 173.962402344 152.49520874 9.08125686646
      vertex 173.260452271 152.827682495 10.1085071564
    endloop
  endfacet
  facet normal 0.256462007761 -0.102183133364 -0.961137771606
    outer loop
      vertex 174.496856689 152.49520874 9.96949481964
      vertex 173.44480896 152.827682495 10.4562225342
      vertex 173.59046936 152.827682495 10.8218307495
    endloop
  endfacet
  facet normal 0.24390758574 -0.129319235682 -0.961137652397
    outer loop
      vertex 174.496856689 152.49520874 9.96949481964
      vertex 174.253707886 152.49520874 9.51088809967
      vertex 173.44480896 152.827682495 10.4562225342
    endloop
  endfacet
  facet normal 0.266008377075 -0.0738582760096 -0.961137056351
    outer loop
      vertex 174.688964844 152.49520874 10.4517021179
      vertex 173.59046936 152.827682495 10.8218307495
      vertex 173.695755005 152.827682495 11.20104599
    endloop
  endfacet
  facet normal 0.256466180086 -0.102178476751 -0.96113717556
    outer loop
      vertex 174.688964844 152.49520874 10.4517021179
      vertex 174.496856689 152.49520874 9.96949481964
      vertex 173.59046936 152.827682495 10.8218307495
    endloop
  endfacet
  facet normal 0.272434800863 -0.0446630269289 -0.961137056351
    outer loop
      vertex 174.827835083 152.49520874 10.9518566132
      vertex 173.695755005 152.827682495 11.20104599
      vertex 173.759429932 152.827682495 11.5894212723
    endloop
  endfacet
  facet normal 0.266008466482 -0.0738581493497 -0.961137056351
    outer loop
      vertex 174.827835083 152.49520874 10.9518566132
      vertex 174.688964844 152.49520874 10.4517021179
      vertex 173.695755005 152.827682495 11.20104599
    endloop
  endfacet
  facet normal 0.166236430407 -0.00901598762721 -0.986044704914
    outer loop
      vertex 172.59161377 153.028152466 11.9824047089
      vertex 173.78074646 152.827682495 11.9824047089
      vertex 173.759429932 152.827682495 11.5894212723
    endloop
  endfacet
  facet normal 0.275666058064 -0.0149510046467 -0.96113717556
    outer loop
      vertex 174.911819458 152.49520874 11.464091301
      vertex 173.759429932 152.827682495 11.5894212723
      vertex 173.78074646 152.827682495 11.9824047089
    endloop
  endfacet
  facet normal 0.272434622049 -0.0446633659303 -0.961137115955
    outer loop
      vertex 174.911819458 152.49520874 11.464091301
      vertex 174.827835083 152.49520874 10.9518566132
      vertex 173.759429932 152.827682495 11.5894212723
    endloop
  endfacet
  facet normal 0.166236430407 0.00901446118951 -0.986044704914
    outer loop
      vertex 172.577270508 153.028152466 12.2468194962
      vertex 173.78074646 152.827682495 11.9824047089
      vertex 172.59161377 153.028152466 11.9824047089
    endloop
  endfacet
  facet normal 0.166236773133 0.00901603326201 -0.986044645309
    outer loop
      vertex 173.759429932 152.827682495 12.3753881454
      vertex 173.78074646 152.827682495 11.9824047089
      vertex 172.577270508 153.028152466 12.2468194962
    endloop
  endfacet
  facet normal -0.276269614697 0.0149855837226 -0.960963368416
    outer loop
      vertex 165.380218506 152.49520874 12.5007181168
      vertex 166.498352051 152.824752808 11.9824047089
      vertex 165.352096558 152.49520874 11.9824047089
    endloop
  endfacet
  facet normal -0.381615847349 -0.0206998884678 -0.924089193344
    outer loop
      vertex 164.237503052 152.034927368 11.9824047089
      vertex 165.352096558 152.49520874 11.9824047089
      vertex 165.380218506 152.49520874 11.4640932083
    endloop
  endfacet
  facet normal -0.381615996361 0.0206840466708 -0.924089491367
    outer loop
      vertex 164.272125244 152.034927368 12.6212291718
      vertex 165.352096558 152.49520874 11.9824047089
      vertex 164.237503052 152.034927368 11.9824047089
    endloop
  endfacet
  facet normal -0.381608128548 0.0206994190812 -0.924092411995
    outer loop
      vertex 164.272125244 152.034927368 12.6212291718
      vertex 165.380218506 152.49520874 12.5007181168
      vertex 165.352096558 152.49520874 11.9824047089
    endloop
  endfacet
  facet normal -0.377135068178 -0.0618281252682 -0.924092233181
    outer loop
      vertex 164.272125244 152.034927368 11.3435821533
      vertex 165.380218506 152.49520874 11.4640932083
      vertex 165.464187622 152.49520874 10.9518575668
    endloop
  endfacet
  facet normal -0.381609708071 -0.0206837467849 -0.924092113972
    outer loop
      vertex 164.272125244 152.034927368 11.3435821533
      vertex 164.237503052 152.034927368 11.9824047089
      vertex 165.380218506 152.49520874 11.4640932083
    endloop
  endfacet
  facet normal -0.368240922689 -0.102243326604 -0.924091398716
    outer loop
      vertex 164.375640869 152.034927368 10.7122488022
      vertex 165.464187622 152.49520874 10.9518575668
      vertex 165.603057861 152.49520874 10.4517030716
    endloop
  endfacet
  facet normal -0.377136111259 -0.0618321225047 -0.924091517925
    outer loop
      vertex 164.375640869 152.034927368 10.7122488022
      vertex 164.272125244 152.034927368 11.3435821533
      vertex 165.464187622 152.49520874 10.9518575668
    endloop
  endfacet
  facet normal -0.355029702187 -0.141447111964 -0.92409235239
    outer loop
      vertex 164.546783447 152.034927368 10.0958070755
      vertex 165.603057861 152.49520874 10.4517030716
      vertex 165.795181274 152.49520874 9.96949672699
    endloop
  endfacet
  facet normal -0.368240267038 -0.102238871157 -0.924092173576
    outer loop
      vertex 164.546783447 152.034927368 10.0958070755
      vertex 164.375640869 152.034927368 10.7122488022
      vertex 165.603057861 152.49520874 10.4517030716
    endloop
  endfacet
  facet normal -0.33765527606 -0.179009765387 -0.924091100693
    outer loop
      vertex 164.783584595 152.034927368 9.50148200989
      vertex 165.795181274 152.49520874 9.96949672699
      vertex 166.038314819 152.49520874 9.51088905334
    endloop
  endfacet
  facet normal -0.35503000021 -0.14145489037 -0.924091041088
    outer loop
      vertex 164.783584595 152.034927368 9.50148200989
      vertex 164.546783447 152.034927368 10.0958070755
      vertex 165.795181274 152.49520874 9.96949672699
    endloop
  endfacet
  facet normal -0.316313832998 -0.214483931661 -0.9240899086
    outer loop
      vertex 165.083251953 152.034927368 8.9362449646
      vertex 166.038314819 152.49520874 9.51088905334
      vertex 166.32963562 152.49520874 9.08125686646
    endloop
  endfacet
  facet normal -0.33765488863 -0.179015427828 -0.924090147018
    outer loop
      vertex 165.083251953 152.034927368 8.9362449646
      vertex 164.783584595 152.034927368 9.50148200989
      vertex 166.038314819 152.49520874 9.51088905334
    endloop
  endfacet
  facet normal -0.291273504496 -0.247410744429 -0.924092888832
    outer loop
      vertex 165.442276001 152.034927368 8.40672111511
      vertex 166.32963562 152.49520874 9.08125686646
      vertex 166.665679932 152.49520874 8.68563938141
    endloop
  endfacet
  facet normal -0.316317051649 -0.21446596086 -0.924093008041
    outer loop
      vertex 165.442276001 152.034927368 8.40672111511
      vertex 165.083251953 152.034927368 8.9362449646
      vertex 166.32963562 152.49520874 9.08125686646
    endloop
  endfacet
  facet normal -0.262824475765 -0.27744859457 -0.924091756344
    outer loop
      vertex 165.856460571 152.034927368 7.9191198349
      vertex 166.665679932 152.49520874 8.68563938141
      vertex 167.042495728 152.49520874 8.32867240906
    endloop
  endfacet
  facet normal -0.291271656752 -0.247417107224 -0.924091756344
    outer loop
      vertex 165.856460571 152.034927368 7.9191198349
      vertex 165.442276001 152.034927368 8.40672111511
      vertex 166.665679932 152.49520874 8.68563938141
    endloop
  endfacet
  facet normal -0.231280088425 -0.304248332977 -0.924090087414
    outer loop
      vertex 166.32093811 152.034927368 7.47915554047
      vertex 167.042495728 152.49520874 8.32867240906
      vertex 167.455734253 152.49520874 8.01454257965
    endloop
  endfacet
  facet normal -0.262820482254 -0.277458190918 -0.924090027809
    outer loop
      vertex 166.32093811 152.034927368 7.47915554047
      vertex 165.856460571 152.034927368 7.9191198349
      vertex 167.042495728 152.49520874 8.32867240906
    endloop
  endfacet
  facet normal -0.197027757764 -0.327469319105 -0.924090862274
    outer loop
      vertex 166.830230713 152.034927368 7.09198904037
      vertex 167.455734253 152.49520874 8.01454257965
      vertex 167.900527954 152.49520874 7.74693107605
    endloop
  endfacet
  facet normal -0.231282353401 -0.304244220257 -0.924090862274
    outer loop
      vertex 166.830230713 152.034927368 7.09198904037
      vertex 166.32093811 152.034927368 7.47915554047
      vertex 167.455734253 152.49520874 8.01454257965
    endloop
  endfacet
  facet normal -0.160475239158 -0.346844911575 -0.924092173576
    outer loop
      vertex 167.37840271 152.034927368 6.76215696335
      vertex 167.900527954 152.49520874 7.74693107605
      vertex 168.37159729 152.49520874 7.52897834778
    endloop
  endfacet
  facet normal -0.197032183409 -0.327463001013 -0.924092173576
    outer loop
      vertex 167.37840271 152.034927368 6.76215696335
      vertex 166.830230713 152.034927368 7.09198904037
      vertex 167.900527954 152.49520874 7.74693107605
    endloop
  endfacet
  facet normal -0.122027345002 -0.362167239189 -0.924091041088
    outer loop
      vertex 167.959030151 152.034927368 6.49352836609
      vertex 168.37159729 152.49520874 7.52897834778
      vertex 168.863494873 152.49520874 7.36323738098
    endloop
  endfacet
  facet normal -0.160470739007 -0.346850067377 -0.924090981483
    outer loop
      vertex 167.959030151 152.034927368 6.49352836609
      vertex 167.37840271 152.034927368 6.76215696335
      vertex 168.37159729 152.49520874 7.52897834778
    endloop
  endfacet
  facet normal -0.0821555405855 -0.373236507177 -0.924091458321
    outer loop
      vertex 168.565307617 152.034927368 6.28925132751
      vertex 168.863494873 152.49520874 7.36323738098
      vertex 169.370437622 152.49520874 7.25165176392
    endloop
  endfacet
  facet normal -0.122029550374 -0.362165212631 -0.924091517925
    outer loop
      vertex 168.565307617 152.034927368 6.28925132751
      vertex 167.959030151 152.034927368 6.49352836609
      vertex 168.863494873 152.49520874 7.36323738098
    endloop
  endfacet
  facet normal -0.0413201786578 -0.379932165146 -0.924091041088
    outer loop
      vertex 169.190124512 152.034927368 6.15172100067
      vertex 169.370437622 152.49520874 7.25165176392
      vertex 169.886474609 152.49520874 7.19552993774
    endloop
  endfacet
  facet normal -0.082153186202 -0.373238235712 -0.924090921879
    outer loop
      vertex 169.190124512 152.034927368 6.15172100067
      vertex 168.565307617 152.034927368 6.28925132751
      vertex 169.370437622 152.49520874 7.25165176392
    endloop
  endfacet
  facet normal -3.76140491198e-07 -0.382172137499 -0.924091160297
    outer loop
      vertex 169.826126099 152.034927368 6.0825510025
      vertex 169.886474609 152.49520874 7.19552993774
      vertex 170.405563354 152.49520874 7.19552946091
    endloop
  endfacet
  facet normal -0.0413204245269 -0.379932016134 -0.924091041088
    outer loop
      vertex 169.826126099 152.034927368 6.0825510025
      vertex 169.190124512 152.034927368 6.15172100067
      vertex 169.886474609 152.49520874 7.19552993774
    endloop
  endfacet
  facet normal 0.0413205549121 -0.379932165146 -0.924090981483
    outer loop
      vertex 170.465896606 152.034927368 6.0825510025
      vertex 170.405563354 152.49520874 7.19552946091
      vertex 170.921585083 152.49520874 7.25165176392
    endloop
  endfacet
  facet normal -0 -0.38217228651 -0.924091100693
    outer loop
      vertex 170.465896606 152.034927368 6.0825510025
      vertex 169.826126099 152.034927368 6.0825510025
      vertex 170.405563354 152.49520874 7.19552946091
    endloop
  endfacet
  facet normal 0.0821554586291 -0.373237848282 -0.924090921879
    outer loop
      vertex 171.101898193 152.034927368 6.15172100067
      vertex 170.921585083 152.49520874 7.25165176392
      vertex 171.428527832 152.49520874 7.36323690414
    endloop
  endfacet
  facet normal 0.0413204357028 -0.379932105541 -0.924091041088
    outer loop
      vertex 171.101898193 152.034927368 6.15172100067
      vertex 170.465896606 152.034927368 6.0825510025
      vertex 170.921585083 152.49520874 7.25165176392
    endloop
  endfacet
  facet normal 0.122031934559 -0.362166583538 -0.92409068346
    outer loop
      vertex 171.726715088 152.034927368 6.28925132751
      vertex 171.428527832 152.49520874 7.36323690414
      vertex 171.920410156 152.49520874 7.52897787094
    endloop
  endfacet
  facet normal 0.0821556597948 -0.373237878084 -0.924090862274
    outer loop
      vertex 171.726715088 152.034927368 6.28925132751
      vertex 171.101898193 152.034927368 6.15172100067
      vertex 171.428527832 152.49520874 7.36323690414
    endloop
  endfacet
  facet normal 0.16047090292 -0.346849858761 -0.924091041088
    outer loop
      vertex 172.332977295 152.034927368 6.49352741241
      vertex 171.920410156 152.49520874 7.52897787094
      vertex 172.39151001 152.49520874 7.74693059921
    endloop
  endfacet
  facet normal 0.122029319406 -0.362166315317 -0.924091100693
    outer loop
      vertex 172.332977295 152.034927368 6.49352741241
      vertex 171.726715088 152.034927368 6.28925132751
      vertex 171.920410156 152.49520874 7.52897787094
    endloop
  endfacet
  facet normal 0.197026193142 -0.327466070652 -0.92409235239
    outer loop
      vertex 172.913619995 152.034927368 6.76215600967
      vertex 172.39151001 152.49520874 7.74693059921
      vertex 172.836288452 152.49520874 8.01454257965
    endloop
  endfacet
  facet normal 0.160465314984 -0.346849918365 -0.924091994762
    outer loop
      vertex 172.913619995 152.034927368 6.76215600967
      vertex 172.332977295 152.034927368 6.49352741241
      vertex 172.39151001 152.49520874 7.74693059921
    endloop
  endfacet
  facet normal 0.231285557151 -0.304241716862 -0.924090862274
    outer loop
      vertex 173.461791992 152.034927368 7.0919880867
      vertex 172.836288452 152.49520874 8.01454257965
      vertex 173.249511719 152.49520874 8.32867145538
    endloop
  endfacet
  facet normal 0.197033494711 -0.327465176582 -0.924091100693
    outer loop
      vertex 173.461791992 152.034927368 7.0919880867
      vertex 172.913619995 152.034927368 6.76215600967
      vertex 172.836288452 152.49520874 8.01454257965
    endloop
  endfacet
  facet normal 0.262817293406 -0.277455925941 -0.92409157753
    outer loop
      vertex 173.971099854 152.034927368 7.47915554047
      vertex 173.249511719 152.49520874 8.32867145538
      vertex 173.626358032 152.49520874 8.68563747406
    endloop
  endfacet
  facet normal 0.231281742454 -0.304242610931 -0.924091517925
    outer loop
      vertex 173.971099854 152.034927368 7.47915554047
      vertex 173.461791992 152.034927368 7.0919880867
      vertex 173.249511719 152.49520874 8.32867145538
    endloop
  endfacet
  facet normal 0.291276097298 -0.247412472963 -0.924091637135
    outer loop
      vertex 174.435562134 152.034927368 7.91911888123
      vertex 173.626358032 152.49520874 8.68563747406
      vertex 173.962402344 152.49520874 9.08125686646
    endloop
  endfacet
  facet normal 0.26281774044 -0.277455747128 -0.924091517925
    outer loop
      vertex 174.435562134 152.034927368 7.91911888123
      vertex 173.971099854 152.034927368 7.47915554047
      vertex 173.626358032 152.49520874 8.68563747406
    endloop
  endfacet
  facet normal 0.316314011812 -0.214470148087 -0.924093067646
    outer loop
      vertex 174.849746704 152.034927368 8.40672111511
      vertex 173.962402344 152.49520874 9.08125686646
      vertex 174.253707886 152.49520874 9.51088809967
    endloop
  endfacet
  facet normal 0.291270077229 -0.24741537869 -0.924092710018
    outer loop
      vertex 174.849746704 152.034927368 8.40672111511
      vertex 174.435562134 152.034927368 7.91911888123
      vertex 173.962402344 152.49520874 9.08125686646
    endloop
  endfacet
  facet normal 0.337646812201 -0.179019570351 -0.92409235239
    outer loop
      vertex 175.208770752 152.034927368 8.9362449646
      vertex 174.253707886 152.49520874 9.51088809967
      vertex 174.496856689 152.49520874 9.96949481964
    endloop
  endfacet
  facet normal 0.316318839788 -0.214467152953 -0.924092113972
    outer loop
      vertex 175.208770752 152.034927368 8.9362449646
      vertex 174.849746704 152.034927368 8.40672111511
      vertex 174.253707886 152.49520874 9.51088809967
    endloop
  endfacet
  facet normal 0.35503295064 -0.141448378563 -0.924090862274
    outer loop
      vertex 175.508453369 152.034927368 9.50148105621
      vertex 174.496856689 152.49520874 9.96949481964
      vertex 174.688964844 152.49520874 10.4517021179
    endloop
  endfacet
  facet normal 0.337652921677 -0.179014787078 -0.924091041088
    outer loop
      vertex 175.508453369 152.034927368 9.50148105621
      vertex 175.208770752 152.034927368 8.9362449646
      vertex 174.496856689 152.49520874 9.96949481964
    endloop
  endfacet
  facet normal 0.368238955736 -0.102242797613 -0.924092233181
    outer loop
      vertex 175.745239258 152.034927368 10.0958051682
      vertex 174.688964844 152.49520874 10.4517021179
      vertex 174.827835083 152.49520874 10.9518566132
    endloop
  endfacet
  facet normal 0.355027347803 -0.141453847289 -0.924092173576
    outer loop
      vertex 175.745239258 152.034927368 10.0958051682
      vertex 175.508453369 152.034927368 9.50148105621
      vertex 174.688964844 152.49520874 10.4517021179
    endloop
  endfacet
  facet normal 0.377136915922 -0.0618284270167 -0.924091458321
    outer loop
      vertex 175.916397095 152.034927368 10.7122468948
      vertex 174.827835083 152.49520874 10.9518566132
      vertex 174.911819458 152.49520874 11.464091301
    endloop
  endfacet
  facet normal 0.368241816759 -0.102239310741 -0.924091517925
    outer loop
      vertex 175.916397095 152.034927368 10.7122468948
      vertex 175.745239258 152.034927368 10.0958051682
      vertex 174.827835083 152.49520874 10.9518566132
    endloop
  endfacet
  facet normal 0.275665283203 -0.0149528039619 -0.961137354374
    outer loop
      vertex 173.78074646 152.827682495 11.9824047089
      vertex 174.939926147 152.49520874 11.9824047089
      vertex 174.911819458 152.49520874 11.464091301
    endloop
  endfacet
  facet normal 0.381608128548 -0.0206994190812 -0.924092411995
    outer loop
      vertex 176.019897461 152.034927368 11.3435811996
      vertex 174.911819458 152.49520874 11.464091301
      vertex 174.939926147 152.49520874 11.9824047089
    endloop
  endfacet
  facet normal 0.377134650946 -0.0618318729103 -0.924092113972
    outer loop
      vertex 176.019897461 152.034927368 11.3435811996
      vertex 175.916397095 152.034927368 10.7122468948
      vertex 174.911819458 152.49520874 11.464091301
    endloop
  endfacet
  facet normal 0.275665283203 0.0149510093033 -0.961137413979
    outer loop
      vertex 173.759429932 152.827682495 12.3753881454
      vertex 174.939926147 152.49520874 11.9824047089
      vertex 173.78074646 152.827682495 11.9824047089
    endloop
  endfacet
  facet normal 0.381615996361 -0.0206840466708 -0.924089491367
    outer loop
      vertex 176.054534912 152.034927368 11.9824047089
      vertex 176.019897461 152.034927368 11.3435811996
      vertex 174.939926147 152.49520874 11.9824047089
    endloop
  endfacet
  facet normal 0.381615847349 0.0206998884678 -0.924089193344
    outer loop
      vertex 174.911819458 152.49520874 12.5007171631
      vertex 176.054534912 152.034927368 11.9824047089
      vertex 174.939926147 152.49520874 11.9824047089
    endloop
  endfacet
  facet normal 0.275665849447 0.0149528700858 -0.961137235165
    outer loop
      vertex 174.911819458 152.49520874 12.5007171631
      vertex 174.939926147 152.49520874 11.9824047089
      vertex 173.759429932 152.827682495 12.3753881454
    endloop
  endfacet
  facet normal -0.48271510005 -0.026163790375 -0.875386536121
    outer loop
      vertex 163.181472778 151.452590942 11.9824047089
      vertex 164.237503052 152.034927368 11.9824047089
      vertex 164.272125244 152.034927368 11.3435821533
    endloop
  endfacet
  facet normal -0.482714831829 0.0261841397732 -0.875386059284
    outer loop
      vertex 163.222320557 151.452590942 12.7354021072
      vertex 164.237503052 152.034927368 11.9824047089
      vertex 163.181472778 151.452590942 11.9824047089
    endloop
  endfacet
  facet normal -0.482726246119 0.0261643454432 -0.875380396843
    outer loop
      vertex 163.222320557 151.452590942 12.7354021072
      vertex 164.272125244 152.034927368 12.6212291718
      vertex 164.237503052 152.034927368 11.9824047089
    endloop
  endfacet
  facet normal -0.477065354586 -0.0782156959176 -0.875380456448
    outer loop
      vertex 163.222320557 151.452590942 11.2294092178
      vertex 164.272125244 152.034927368 11.3435821533
      vertex 164.375640869 152.034927368 10.7122488022
    endloop
  endfacet
  facet normal -0.482724308968 -0.0261846948415 -0.875380814075
    outer loop
      vertex 163.222320557 151.452590942 11.2294092178
      vertex 163.181472778 151.452590942 11.9824047089
      vertex 164.272125244 152.034927368 11.3435821533
    endloop
  endfacet
  facet normal -0.465815544128 -0.129329845309 -0.875379741192
    outer loop
      vertex 163.344329834 151.452590942 10.4852390289
      vertex 164.375640869 152.034927368 10.7122488022
      vertex 164.546783447 152.034927368 10.0958070755
    endloop
  endfacet
  facet normal -0.477066218853 -0.0782183632255 -0.875379741192
    outer loop
      vertex 163.344329834 151.452590942 10.4852390289
      vertex 163.222320557 151.452590942 11.2294092178
      vertex 164.375640869 152.034927368 10.7122488022
    endloop
  endfacet
  facet normal -0.449097335339 -0.1789342314 -0.875382244587
    outer loop
      vertex 163.546051025 151.452590942 9.75862216949
      vertex 164.546783447 152.034927368 10.0958070755
      vertex 164.783584595 152.034927368 9.50148200989
    endloop
  endfacet
  facet normal -0.465813785791 -0.129321113229 -0.875381946564
    outer loop
      vertex 163.546051025 151.452590942 9.75862216949
      vertex 163.344329834 151.452590942 10.4852390289
      vertex 164.546783447 152.034927368 10.0958070755
    endloop
  endfacet
  facet normal -0.427115410566 -0.226444959641 -0.875382840633
    outer loop
      vertex 163.825180054 151.452590942 9.05807876587
      vertex 164.783584595 152.034927368 9.50148200989
      vertex 165.083251953 152.034927368 8.9362449646
    endloop
  endfacet
  facet normal -0.449097126722 -0.178931936622 -0.875382840633
    outer loop
      vertex 163.825180054 151.452590942 9.05807876587
      vertex 163.546051025 151.452590942 9.75862216949
      vertex 164.783584595 152.034927368 9.50148200989
    endloop
  endfacet
  facet normal -0.400135219097 -0.271295458078 -0.875380218029
    outer loop
      vertex 164.178421021 151.452590942 8.39181900024
      vertex 165.083251953 152.034927368 8.9362449646
      vertex 165.442276001 152.034927368 8.40672111511
    endloop
  endfacet
  facet normal -0.42711520195 -0.226455017924 -0.875380337238
    outer loop
      vertex 164.178421021 151.452590942 8.39181900024
      vertex 163.825180054 151.452590942 9.05807876587
      vertex 165.083251953 152.034927368 8.9362449646
    endloop
  endfacet
  facet normal -0.36844804883 -0.31297364831 -0.875381946564
    outer loop
      vertex 164.601593018 151.452590942 7.76765537262
      vertex 165.442276001 152.034927368 8.40672111511
      vertex 165.856460571 152.034927368 7.9191198349
    endloop
  endfacet
  facet normal -0.400136083364 -0.271288692951 -0.875381946564
    outer loop
      vertex 164.601593018 151.452590942 7.76765537262
      vertex 164.178421021 151.452590942 8.39181900024
      vertex 165.442276001 152.034927368 8.40672111511
    endloop
  endfacet
  facet normal -0.33245331049 -0.350969195366 -0.875383019447
    outer loop
      vertex 165.089797974 151.452590942 7.1929063797
      vertex 165.856460571 152.034927368 7.9191198349
      vertex 166.32093811 152.034927368 7.47915554047
    endloop
  endfacet
  facet normal -0.368449240923 -0.31296864152 -0.875383198261
    outer loop
      vertex 165.089797974 151.452590942 7.1929063797
      vertex 164.601593018 151.452590942 7.76765537262
      vertex 165.856460571 152.034927368 7.9191198349
    endloop
  endfacet
  facet normal -0.292560577393 -0.38485366106 -0.875383317471
    outer loop
      vertex 165.637283325 151.452590942 6.67431020737
      vertex 166.32093811 152.034927368 7.47915554047
      vertex 166.830230713 152.034927368 7.09198904037
    endloop
  endfacet
  facet normal -0.332453906536 -0.350967526436 -0.87538343668
    outer loop
      vertex 165.637283325 151.452590942 6.67431020737
      vertex 165.089797974 151.452590942 7.1929063797
      vertex 166.32093811 152.034927368 7.47915554047
    endloop
  endfacet
  facet normal -0.249238088727 -0.414228022099 -0.875383079052
    outer loop
      vertex 166.237609863 151.452590942 6.21794605255
      vertex 166.830230713 152.034927368 7.09198904037
      vertex 167.37840271 152.034927368 6.76215696335
    endloop
  endfacet
  facet normal -0.292560100555 -0.384854614735 -0.875383079052
    outer loop
      vertex 166.237609863 151.452590942 6.21794605255
      vertex 165.637283325 151.452590942 6.67431020737
      vertex 166.830230713 152.034927368 7.09198904037
    endloop
  endfacet
  facet normal -0.202988788486 -0.438750833273 -0.87538176775
    outer loop
      vertex 166.883773804 151.452590942 5.82916593552
      vertex 167.37840271 152.034927368 6.76215696335
      vertex 167.959030151 152.034927368 6.49352836609
    endloop
  endfacet
  facet normal -0.249235153198 -0.414232701063 -0.875381708145
    outer loop
      vertex 166.883773804 151.452590942 5.82916593552
      vertex 166.237609863 151.452590942 6.21794605255
      vertex 167.37840271 152.034927368 6.76215696335
    endloop
  endfacet
  facet normal -0.154362857342 -0.458125561476 -0.87538164854
    outer loop
      vertex 167.56817627 151.452590942 5.51252555847
      vertex 167.959030151 152.034927368 6.49352836609
      vertex 168.565307617 152.034927368 6.28925132751
    endloop
  endfacet
  facet normal -0.202987939119 -0.438751906157 -0.875381410122
    outer loop
      vertex 167.56817627 151.452590942 5.51252555847
      vertex 166.883773804 151.452590942 5.82916593552
      vertex 167.959030151 152.034927368 6.49352836609
    endloop
  endfacet
  facet normal -0.103920273483 -0.472130447626 -0.875381886959
    outer loop
      vertex 168.282791138 151.452590942 5.27173948288
      vertex 168.565307617 152.034927368 6.28925132751
      vertex 169.190124512 152.034927368 6.15172100067
    endloop
  endfacet
  facet normal -0.154363185167 -0.45812523365 -0.87538176775
    outer loop
      vertex 168.282791138 151.452590942 5.27173948288
      vertex 167.56817627 151.452590942 5.51252555847
      vertex 168.565307617 152.034927368 6.28925132751
    endloop
  endfacet
  facet normal -0.0522684939206 -0.480597048998 -0.875382483006
    outer loop
      vertex 169.019271851 151.452590942 5.10962963104
      vertex 169.190124512 152.034927368 6.15172100067
      vertex 169.826126099 152.034927368 6.0825510025
    endloop
  endfacet
  facet normal -0.103923246264 -0.472128033638 -0.875382840633
    outer loop
      vertex 169.019271851 151.452590942 5.10962963104
      vertex 168.282791138 151.452590942 5.27173948288
      vertex 169.190124512 152.034927368 6.15172100067
    endloop
  endfacet
  facet normal 1.20887298152e-16 -0.483431428671 -0.875382244587
    outer loop
      vertex 169.768951416 151.452590942 5.02809619904
      vertex 169.826126099 152.034927368 6.0825510025
      vertex 170.465896606 152.034927368 6.0825510025
    endloop
  endfacet
  facet normal -0.0522682592273 -0.480597198009 -0.875382423401
    outer loop
      vertex 169.768951416 151.452590942 5.02809619904
      vertex 169.019271851 151.452590942 5.10962963104
      vertex 169.826126099 152.034927368 6.0825510025
    endloop
  endfacet
  facet normal 0.0522685088217 -0.480597198009 -0.875382423401
    outer loop
      vertex 170.523071289 151.452590942 5.02809619904
      vertex 170.465896606 152.034927368 6.0825510025
      vertex 171.101898193 152.034927368 6.15172100067
    endloop
  endfacet
  facet normal -0 -0.483431428671 -0.875382244587
    outer loop
      vertex 170.523071289 151.452590942 5.02809619904
      vertex 169.768951416 151.452590942 5.02809619904
      vertex 170.465896606 152.034927368 6.0825510025
    endloop
  endfacet
  facet normal 0.103923298419 -0.472129493952 -0.875382006168
    outer loop
      vertex 171.272750854 151.452590942 5.10962963104
      vertex 171.101898193 152.034927368 6.15172100067
      vertex 171.726715088 152.034927368 6.28925132751
    endloop
  endfacet
  facet normal 0.0522696599364 -0.480597615242 -0.875382065773
    outer loop
      vertex 171.272750854 151.452590942 5.10962963104
      vertex 170.523071289 151.452590942 5.02809619904
      vertex 171.101898193 152.034927368 6.15172100067
    endloop
  endfacet
  facet normal 0.154361337423 -0.458123356104 -0.875383079052
    outer loop
      vertex 172.009231567 151.452590942 5.27173852921
      vertex 171.726715088 152.034927368 6.28925132751
      vertex 172.332977295 152.034927368 6.49352741241
    endloop
  endfacet
  facet normal 0.103920333087 -0.472128748894 -0.875382781029
    outer loop
      vertex 172.009231567 151.452590942 5.27173852921
      vertex 171.272750854 151.452590942 5.10962963104
      vertex 171.726715088 152.034927368 6.28925132751
    endloop
  endfacet
  facet normal 0.202982231975 -0.438751339912 -0.875383019447
    outer loop
      vertex 172.723846436 151.452590942 5.51252508163
      vertex 172.332977295 152.034927368 6.49352741241
      vertex 172.913619995 152.034927368 6.76215600967
    endloop
  endfacet
  facet normal 0.154362604022 -0.458123534918 -0.875382781029
    outer loop
      vertex 172.723846436 151.452590942 5.51252508163
      vertex 172.009231567 151.452590942 5.27173852921
      vertex 172.332977295 152.034927368 6.49352741241
    endloop
  endfacet
  facet normal 0.249239489436 -0.41423034668 -0.875381588936
    outer loop
      vertex 173.40826416 151.452590942 5.82916498184
      vertex 172.913619995 152.034927368 6.76215600967
      vertex 173.461791992 152.034927368 7.0919880867
    endloop
  endfacet
  facet normal 0.20298743248 -0.438751548529 -0.87538176775
    outer loop
      vertex 173.40826416 151.452590942 5.82916498184
      vertex 172.723846436 151.452590942 5.51252508163
      vertex 172.913619995 152.034927368 6.76215600967
    endloop
  endfacet
  facet normal 0.292561471462 -0.384853839874 -0.875382959843
    outer loop
      vertex 174.054412842 151.452590942 6.21794557571
      vertex 173.461791992 152.034927368 7.0919880867
      vertex 173.971099854 152.034927368 7.47915554047
    endloop
  endfacet
  facet normal 0.24923427403 -0.414230704308 -0.875382900238
    outer loop
      vertex 174.054412842 151.452590942 6.21794557571
      vertex 173.40826416 151.452590942 5.82916498184
      vertex 173.461791992 152.034927368 7.0919880867
    endloop
  endfacet
  facet normal 0.332452327013 -0.350968748331 -0.875383555889
    outer loop
      vertex 174.654754639 151.452590942 6.67430973053
      vertex 173.971099854 152.034927368 7.47915554047
      vertex 174.435562134 152.034927368 7.91911888123
    endloop
  endfacet
  facet normal 0.292559742928 -0.3848541677 -0.875383377075
    outer loop
      vertex 174.654754639 151.452590942 6.67430973053
      vertex 174.054412842 151.452590942 6.21794557571
      vertex 173.971099854 152.034927368 7.47915554047
    endloop
  endfacet
  facet normal 0.368446439505 -0.312971770763 -0.875383257866
    outer loop
      vertex 175.202224731 151.452590942 7.19290590286
      vertex 174.435562134 152.034927368 7.91911888123
      vertex 174.849746704 152.034927368 8.40672111511
    endloop
  endfacet
  facet normal 0.33245447278 -0.350968122482 -0.875383019447
    outer loop
      vertex 175.202224731 151.452590942 7.19290590286
      vertex 174.654754639 151.452590942 6.67430973053
      vertex 174.435562134 152.034927368 7.91911888123
    endloop
  endfacet
  facet normal 0.400137007236 -0.271296679974 -0.875379025936
    outer loop
      vertex 175.690414429 151.452590942 7.76765489578
      vertex 174.849746704 152.034927368 8.40672111511
      vertex 175.208770752 152.034927368 8.9362449646
    endloop
  endfacet
  facet normal 0.368460476398 -0.312965869904 -0.875379502773
    outer loop
      vertex 175.690414429 151.452590942 7.76765489578
      vertex 175.202224731 151.452590942 7.19290590286
      vertex 174.849746704 152.034927368 8.40672111511
    endloop
  endfacet
  facet normal 0.427119374275 -0.226447567344 -0.875380218029
    outer loop
      vertex 176.113601685 151.452590942 8.39181804657
      vertex 175.208770752 152.034927368 8.9362449646
      vertex 175.508453369 152.034927368 9.50148105621
    endloop
  endfacet
  facet normal 0.400132805109 -0.271299004555 -0.875380277634
    outer loop
      vertex 176.113601685 151.452590942 8.39181804657
      vertex 175.690414429 151.452590942 7.76765489578
      vertex 175.208770752 152.034927368 8.9362449646
    endloop
  endfacet
  facet normal 0.449102163315 -0.17893615365 -0.875379383564
    outer loop
      vertex 176.466842651 151.452590942 9.05807685852
      vertex 175.508453369 152.034927368 9.50148105621
      vertex 175.745239258 152.034927368 10.0958051682
    endloop
  endfacet
  facet normal 0.427121579647 -0.226446017623 -0.875379562378
    outer loop
      vertex 176.466842651 151.452590942 9.05807685852
      vertex 176.113601685 151.452590942 8.39181804657
      vertex 175.508453369 152.034927368 9.50148105621
    endloop
  endfacet
  facet normal 0.465817809105 -0.129330471158 -0.87537842989
    outer loop
      vertex 176.745956421 151.452590942 9.75862216949
      vertex 175.745239258 152.034927368 10.0958051682
      vertex 175.916397095 152.034927368 10.7122468948
    endloop
  endfacet
  facet normal 0.44910416007 -0.178934410214 -0.875378727913
    outer loop
      vertex 176.745956421 151.452590942 9.75862216949
      vertex 176.466842651 151.452590942 9.05807685852
      vertex 175.745239258 152.034927368 10.0958051682
    endloop
  endfacet
  facet normal 0.477066725492 -0.0782159119844 -0.875379681587
    outer loop
      vertex 176.947692871 151.452590942 10.4852380753
      vertex 175.916397095 152.034927368 10.7122468948
      vertex 176.019897461 152.034927368 11.3435811996
    endloop
  endfacet
  facet normal 0.465814590454 -0.129333987832 -0.875379621983
    outer loop
      vertex 176.947692871 151.452590942 10.4852380753
      vertex 176.745956421 151.452590942 9.75862216949
      vertex 175.916397095 152.034927368 10.7122468948
    endloop
  endfacet
  facet normal 0.482726246119 -0.0261643454432 -0.875380396843
    outer loop
      vertex 177.069702148 151.452590942 11.2294082642
      vertex 176.019897461 152.034927368 11.3435811996
      vertex 176.054534912 152.034927368 11.9824047089
    endloop
  endfacet
  facet normal 0.477065056562 -0.0782181769609 -0.875380396843
    outer loop
      vertex 177.069702148 151.452590942 11.2294082642
      vertex 176.947692871 151.452590942 10.4852380753
      vertex 176.019897461 152.034927368 11.3435811996
    endloop
  endfacet
  facet normal 0.482721805573 -0.0261720698327 -0.875382602215
    outer loop
      vertex 177.110534668 151.452590942 11.9824047089
      vertex 177.069702148 151.452590942 11.2294082642
      vertex 176.054534912 152.034927368 11.9824047089
    endloop
  endfacet
  facet normal 0.482721894979 0.0261641591787 -0.875382781029
    outer loop
      vertex 176.019897461 152.034927368 12.6212282181
      vertex 177.110534668 151.452590942 11.9824047089
      vertex 176.054534912 152.034927368 11.9824047089
    endloop
  endfacet
  facet normal 0.381609708071 0.0206837467849 -0.924092113972
    outer loop
      vertex 176.019897461 152.034927368 12.6212282181
      vertex 176.054534912 152.034927368 11.9824047089
      vertex 174.911819458 152.49520874 12.5007171631
    endloop
  endfacet
  facet normal -0.577707111835 -0.0313369035721 -0.815642356873
    outer loop
      vertex 162.197402954 150.755599976 11.9824047089
      vertex 163.181472778 151.452590942 11.9824047089
      vertex 163.222320557 151.452590942 11.2294092178
    endloop
  endfacet
  facet normal -0.577707290649 0.0313256457448 -0.815642654896
    outer loop
      vertex 162.244003296 150.755599976 12.8418006897
      vertex 163.181472778 151.452590942 11.9824047089
      vertex 162.197402954 150.755599976 11.9824047089
    endloop
  endfacet
  facet normal -0.577700614929 0.0313364975154 -0.815647006035
    outer loop
      vertex 162.244003296 150.755599976 12.8418006897
      vertex 163.222320557 151.452590942 12.7354021072
      vertex 163.181472778 151.452590942 11.9824047089
    endloop
  endfacet
  facet normal -0.570927739143 -0.0936076268554 -0.815646409988
    outer loop
      vertex 162.244003296 150.755599976 11.1230106354
      vertex 163.222320557 151.452590942 11.2294092178
      vertex 163.344329834 151.452590942 10.4852390289
    endloop
  endfacet
  facet normal -0.577701628208 -0.0313253812492 -0.815646708012
    outer loop
      vertex 162.244003296 150.755599976 11.1230106354
      vertex 162.197402954 150.755599976 11.9824047089
      vertex 163.222320557 151.452590942 11.2294092178
    endloop
  endfacet
  facet normal -0.557464182377 -0.154765456915 -0.8156478405
    outer loop
      vertex 162.383255005 150.755599976 10.27368927
      vertex 163.344329834 151.452590942 10.4852390289
      vertex 163.546051025 151.452590942 9.75862216949
    endloop
  endfacet
  facet normal -0.570926606655 -0.0936042964458 -0.815647602081
    outer loop
      vertex 162.383255005 150.755599976 10.27368927
      vertex 162.244003296 150.755599976 11.1230106354
      vertex 163.344329834 151.452590942 10.4852390289
    endloop
  endfacet
  facet normal -0.537459015846 -0.214137598872 -0.81564873457
    outer loop
      vertex 162.613479614 150.755599976 9.44440174103
      vertex 163.546051025 151.452590942 9.75862216949
      vertex 163.825180054 151.452590942 9.05807876587
    endloop
  endfacet
  facet normal -0.557463824749 -0.15476411581 -0.815648317337
    outer loop
      vertex 162.613479614 150.755599976 9.44440174103
      vertex 162.383255005 150.755599976 10.27368927
      vertex 163.546051025 151.452590942 9.75862216949
    endloop
  endfacet
  facet normal -0.511156976223 -0.27101367712 -0.815640926361
    outer loop
      vertex 162.932067871 150.755599976 8.64487171173
      vertex 163.825180054 151.452590942 9.05807876587
      vertex 164.178421021 151.452590942 8.39181900024
    endloop
  endfacet
  facet normal -0.537461638451 -0.214159175754 -0.815641343594
    outer loop
      vertex 162.932067871 150.755599976 8.64487171173
      vertex 162.613479614 150.755599976 9.44440174103
      vertex 163.825180054 151.452590942 9.05807876587
    endloop
  endfacet
  facet normal -0.478861153126 -0.324663579464 -0.8156504035
    outer loop
      vertex 163.335189819 150.755599976 7.88446950912
      vertex 164.178421021 151.452590942 8.39181900024
      vertex 164.601593018 151.452590942 7.76765537262
    endloop
  endfacet
  facet normal -0.511156618595 -0.270986765623 -0.815650105476
    outer loop
      vertex 163.335189819 150.755599976 7.88446950912
      vertex 162.932067871 150.755599976 8.64487171173
      vertex 164.178421021 151.452590942 8.39181900024
    endloop
  endfacet
  facet normal -0.440946877003 -0.374549686909 -0.815645992756
    outer loop
      vertex 163.81817627 150.755599976 7.17211198807
      vertex 164.601593018 151.452590942 7.76765537262
      vertex 165.089797974 151.452590942 7.1929063797
    endloop
  endfacet
  facet normal -0.478859961033 -0.324676185846 -0.815646052361
    outer loop
      vertex 163.81817627 150.755599976 7.17211198807
      vertex 163.335189819 150.755599976 7.88446950912
      vertex 164.601593018 151.452590942 7.76765537262
    endloop
  endfacet
  facet normal -0.39786863327 -0.42002505064 -0.815646648407
    outer loop
      vertex 164.375366211 150.755599976 6.51615142822
      vertex 165.089797974 151.452590942 7.1929063797
      vertex 165.637283325 151.452590942 6.67431020737
    endloop
  endfacet
  facet normal -0.440947294235 -0.374547570944 -0.815646708012
    outer loop
      vertex 164.375366211 150.755599976 6.51615142822
      vertex 163.81817627 150.755599976 7.17211198807
      vertex 165.089797974 151.452590942 7.1929063797
    endloop
  endfacet
  facet normal -0.350123465061 -0.460577607155 -0.815648078918
    outer loop
      vertex 165.000183105 150.755599976 5.9242773056
      vertex 165.637283325 151.452590942 6.67431020737
      vertex 166.237609863 151.452590942 6.21794605255
    endloop
  endfacet
  facet normal -0.397869974375 -0.420020908117 -0.815648138523
    outer loop
      vertex 165.000183105 150.755599976 5.9242773056
      vertex 164.375366211 150.755599976 6.51615142822
      vertex 165.637283325 151.452590942 6.67431020737
    endloop
  endfacet
  facet normal -0.298272907734 -0.495734214783 -0.815647482872
    outer loop
      vertex 165.685348511 150.755599976 5.40342950821
      vertex 166.237609863 151.452590942 6.21794605255
      vertex 166.883773804 151.452590942 5.82916593552
    endloop
  endfacet
  facet normal -0.350122928619 -0.460578799248 -0.815647661686
    outer loop
      vertex 165.685348511 150.755599976 5.40342950821
      vertex 165.000183105 150.755599976 5.9242773056
      vertex 166.237609863 151.452590942 6.21794605255
    endloop
  endfacet
  facet normal -0.242926076055 -0.525076925755 -0.815647661686
    outer loop
      vertex 166.422805786 150.755599976 4.95971393585
      vertex 166.883773804 151.452590942 5.82916593552
      vertex 167.56817627 151.452590942 5.51252555847
    endloop
  endfacet
  facet normal -0.298273414373 -0.495733350515 -0.8156478405
    outer loop
      vertex 166.422805786 150.755599976 4.95971393585
      vertex 165.685348511 150.755599976 5.40342950821
      vertex 166.883773804 151.452590942 5.82916593552
    endloop
  endfacet
  facet normal -0.18473470211 -0.548263013363 -0.815647423267
    outer loop
      vertex 167.203918457 150.755599976 4.59833288193
      vertex 167.56817627 151.452590942 5.51252555847
      vertex 168.282791138 151.452590942 5.27173948288
    endloop
  endfacet
  facet normal -0.242925852537 -0.525077223778 -0.815647542477
    outer loop
      vertex 167.203918457 150.755599976 4.59833288193
      vertex 166.422805786 150.755599976 4.95971393585
      vertex 167.56817627 151.452590942 5.51252555847
    endloop
  endfacet
  facet normal -0.124371290207 -0.56502443552 -0.815646469593
    outer loop
      vertex 168.01953125 150.755599976 4.32352352142
      vertex 168.282791138 151.452590942 5.27173948288
      vertex 169.019271851 151.452590942 5.10962963104
    endloop
  endfacet
  facet normal -0.184732437134 -0.548265516758 -0.815646290779
    outer loop
      vertex 168.01953125 150.755599976 4.32352352142
      vertex 167.203918457 150.755599976 4.59833288193
      vertex 168.282791138 151.452590942 5.27173948288
    endloop
  endfacet
  facet normal -0.0625525265932 -0.575159132481 -0.815646469593
    outer loop
      vertex 168.860076904 150.755599976 4.13850784302
      vertex 169.019271851 151.452590942 5.10962963104
      vertex 169.768951416 151.452590942 5.02809619904
    endloop
  endfacet
  facet normal -0.124370492995 -0.565025150776 -0.815646111965
    outer loop
      vertex 168.860076904 150.755599976 4.13850784302
      vertex 168.01953125 150.755599976 4.32352352142
      vertex 169.019271851 151.452590942 5.10962963104
    endloop
  endfacet
  facet normal 0 -0.57855027914 -0.815646708012
    outer loop
      vertex 169.715682983 150.755599976 4.04545402527
      vertex 169.768951416 151.452590942 5.02809619904
      vertex 170.523071289 151.452590942 5.02809619904
    endloop
  endfacet
  facet normal -0.0625522732735 -0.575159311295 -0.815646350384
    outer loop
      vertex 169.715682983 150.755599976 4.04545402527
      vertex 168.860076904 150.755599976 4.13850784302
      vertex 169.768951416 151.452590942 5.02809619904
    endloop
  endfacet
  facet normal 0.0625541508198 -0.575159192085 -0.815646290779
    outer loop
      vertex 170.576339722 150.755599976 4.04545402527
      vertex 170.523071289 151.452590942 5.02809619904
      vertex 171.272750854 151.452590942 5.10962963104
    endloop
  endfacet
  facet normal -0 -0.57855027914 -0.815646708012
    outer loop
      vertex 170.576339722 150.755599976 4.04545402527
      vertex 169.715682983 150.755599976 4.04545402527
      vertex 170.523071289 151.452590942 5.02809619904
    endloop
  endfacet
  facet normal 0.12436748296 -0.565023839474 -0.815647482872
    outer loop
      vertex 171.43196106 150.755599976 4.13850688934
      vertex 171.272750854 151.452590942 5.10962963104
      vertex 172.009231567 151.452590942 5.27173852921
    endloop
  endfacet
  facet normal 0.0625518113375 -0.575158238411 -0.815647184849
    outer loop
      vertex 171.43196106 150.755599976 4.13850688934
      vertex 170.576339722 150.755599976 4.04545402527
      vertex 171.272750854 151.452590942 5.10962963104
    endloop
  endfacet
  facet normal 0.184735298157 -0.548264861107 -0.815646111965
    outer loop
      vertex 172.272506714 150.755599976 4.32352352142
      vertex 172.009231567 151.452590942 5.27173852921
      vertex 172.723846436 151.452590942 5.51252508163
    endloop
  endfacet
  facet normal 0.124370761216 -0.565024793148 -0.815646290779
    outer loop
      vertex 172.272506714 150.755599976 4.32352352142
      vertex 171.43196106 150.755599976 4.13850688934
      vertex 172.009231567 151.452590942 5.27173852921
    endloop
  endfacet
  facet normal 0.242925822735 -0.525077223778 -0.815647542477
    outer loop
      vertex 173.088104248 150.755599976 4.59833240509
      vertex 172.723846436 151.452590942 5.51252508163
      vertex 173.40826416 151.452590942 5.82916498184
    endloop
  endfacet
  facet normal 0.184731647372 -0.548264205456 -0.815647363663
    outer loop
      vertex 173.088104248 150.755599976 4.59833240509
      vertex 172.272506714 150.755599976 4.32352352142
      vertex 172.723846436 151.452590942 5.51252508163
    endloop
  endfacet
  facet normal 0.298273026943 -0.495733767748 -0.815647721291
    outer loop
      vertex 173.869216919 150.755599976 4.95971345901
      vertex 173.40826416 151.452590942 5.82916498184
      vertex 174.054412842 151.452590942 6.21794557571
    endloop
  endfacet
  facet normal 0.242925867438 -0.525077223778 -0.815647542477
    outer loop
      vertex 173.869216919 150.755599976 4.95971345901
      vertex 173.088104248 150.755599976 4.59833240509
      vertex 173.40826416 151.452590942 5.82916498184
    endloop
  endfacet
  facet normal 0.350123882294 -0.460578143597 -0.815647602081
    outer loop
      vertex 174.606674194 150.755599976 5.40342903137
      vertex 174.054412842 151.452590942 6.21794557571
      vertex 174.654754639 151.452590942 6.67430973053
    endloop
  endfacet
  facet normal 0.298273652792 -0.495733737946 -0.815647542477
    outer loop
      vertex 174.606674194 150.755599976 5.40342903137
      vertex 173.869216919 150.755599976 4.95971345901
      vertex 174.054412842 151.452590942 6.21794557571
    endloop
  endfacet
  facet normal 0.397867113352 -0.420023441315 -0.815648257732
    outer loop
      vertex 175.2918396 150.755599976 5.92427682877
      vertex 174.654754639 151.452590942 6.67430973053
      vertex 175.202224731 151.452590942 7.19290590286
    endloop
  endfacet
  facet normal 0.350122570992 -0.460578352213 -0.815648078918
    outer loop
      vertex 175.2918396 150.755599976 5.92427682877
      vertex 174.606674194 150.755599976 5.40342903137
      vertex 174.654754639 151.452590942 6.67430973053
    endloop
  endfacet
  facet normal 0.440953522921 -0.3745405972 -0.815646588802
    outer loop
      vertex 175.916671753 150.755599976 6.51615047455
      vertex 175.202224731 151.452590942 7.19290590286
      vertex 175.690414429 151.452590942 7.76765489578
    endloop
  endfacet
  facet normal 0.397871047258 -0.420022398233 -0.815646886826
    outer loop
      vertex 175.916671753 150.755599976 6.51615047455
      vertex 175.2918396 150.755599976 5.92427682877
      vertex 175.202224731 151.452590942 7.19290590286
    endloop
  endfacet
  facet normal 0.478854000568 -0.324673771858 -0.815650522709
    outer loop
      vertex 176.473846436 150.755599976 7.17211151123
      vertex 175.690414429 151.452590942 7.76765489578
      vertex 176.113601685 151.452590942 8.39181804657
    endloop
  endfacet
  facet normal 0.440943807364 -0.374544322491 -0.815650105476
    outer loop
      vertex 176.473846436 150.755599976 7.17211151123
      vertex 175.916671753 150.755599976 6.51615047455
      vertex 175.690414429 151.452590942 7.76765489578
    endloop
  endfacet
  facet normal 0.511151373386 -0.270995914936 -0.815650343895
    outer loop
      vertex 176.956848145 150.755599976 7.88446855545
      vertex 176.113601685 151.452590942 8.39181804657
      vertex 176.466842651 151.452590942 9.05807685852
    endloop
  endfacet
  facet normal 0.478855162859 -0.324673175812 -0.815650105476
    outer loop
      vertex 176.956848145 150.755599976 7.88446855545
      vertex 176.473846436 150.755599976 7.17211151123
      vertex 176.113601685 151.452590942 8.39181804657
    endloop
  endfacet
  facet normal 0.537463009357 -0.214138805866 -0.815645813942
    outer loop
      vertex 177.359970093 150.755599976 8.64487075806
      vertex 176.466842651 151.452590942 9.05807685852
      vertex 176.745956421 151.452590942 9.75862216949
    endloop
  endfacet
  facet normal 0.511161446571 -0.270989239216 -0.815646231174
    outer loop
      vertex 177.359970093 150.755599976 8.64487075806
      vertex 176.956848145 150.755599976 7.88446855545
      vertex 176.466842651 151.452590942 9.05807685852
    endloop
  endfacet
  facet normal 0.557452023029 -0.154777228832 -0.815653920174
    outer loop
      vertex 177.678543091 150.755599976 9.44440174103
      vertex 176.745956421 151.452590942 9.75862216949
      vertex 176.947692871 151.452590942 10.4852380753
    endloop
  endfacet
  facet normal 0.537446141243 -0.214152783155 -0.815653264523
    outer loop
      vertex 177.678543091 150.755599976 9.44440174103
      vertex 177.359970093 150.755599976 8.64487075806
      vertex 176.745956421 151.452590942 9.75862216949
    endloop
  endfacet
  facet normal 0.570926010609 -0.0936073437333 -0.815647721291
    outer loop
      vertex 177.908782959 150.755599976 10.2736873627
      vertex 176.947692871 151.452590942 10.4852380753
      vertex 177.069702148 151.452590942 11.2294082642
    endloop
  endfacet
  facet normal 0.557464361191 -0.154764473438 -0.8156478405
    outer loop
      vertex 177.908782959 150.755599976 10.2736873627
      vertex 177.678543091 150.755599976 9.44440174103
      vertex 176.947692871 151.452590942 10.4852380753
    endloop
  endfacet
  facet normal 0.577698171139 -0.0313214696944 -0.815649330616
    outer loop
      vertex 178.048034668 150.755599976 11.123008728
      vertex 177.069702148 151.452590942 11.2294082642
      vertex 177.110534668 151.452590942 11.9824047089
    endloop
  endfacet
  facet normal 0.570923626423 -0.0936103463173 -0.815649032593
    outer loop
      vertex 178.048034668 150.755599976 11.123008728
      vertex 177.908782959 150.755599976 10.2736873627
      vertex 177.069702148 151.452590942 11.2294082642
    endloop
  endfacet
  facet normal 0.577695965767 -0.0313250273466 -0.815650761127
    outer loop
      vertex 178.09463501 150.755599976 11.9824047089
      vertex 178.048034668 150.755599976 11.123008728
      vertex 177.110534668 151.452590942 11.9824047089
    endloop
  endfacet
  facet normal 0.577696025372 0.0313214063644 -0.815650820732
    outer loop
      vertex 177.069702148 151.452590942 12.7354011536
      vertex 178.09463501 150.755599976 11.9824047089
      vertex 177.110534668 151.452590942 11.9824047089
    endloop
  endfacet
  facet normal 0.482725471258 0.0261723119766 -0.875380575657
    outer loop
      vertex 177.069702148 151.452590942 12.7354011536
      vertex 177.110534668 151.452590942 11.9824047089
      vertex 176.019897461 152.034927368 12.6212282181
    endloop
  endfacet
  facet normal -0.665365993977 -0.0360789075494 -0.745644986629
    outer loop
      vertex 161.297637939 149.952697754 11.9824047089
      vertex 162.197402954 150.755599976 11.9824047089
      vertex 162.244003296 150.755599976 11.1230106354
    endloop
  endfacet
  facet normal -0.665366172791 0.0360692627728 -0.745645225048
    outer loop
      vertex 161.349502563 149.952697754 12.9390830994
      vertex 162.197402954 150.755599976 11.9824047089
      vertex 161.297637939 149.952697754 11.9824047089
    endloop
  endfacet
  facet normal -0.665360271931 0.0360785461962 -0.745650053024
    outer loop
      vertex 161.349502563 149.952697754 12.9390830994
      vertex 162.244003296 150.755599976 12.8418006897
      vertex 162.197402954 150.755599976 11.9824047089
    endloop
  endfacet
  facet normal -0.657558977604 -0.107807815075 -0.745649814606
    outer loop
      vertex 161.349502563 149.952697754 11.025727272
      vertex 162.244003296 150.755599976 11.1230106354
      vertex 162.383255005 150.755599976 10.27368927
    endloop
  endfacet
  facet normal -0.665361046791 -0.036068983376 -0.745649814606
    outer loop
      vertex 161.349502563 149.952697754 11.025727272
      vertex 161.297637939 149.952697754 11.9824047089
      vertex 162.244003296 150.755599976 11.1230106354
    endloop
  endfacet
  facet normal -0.64205044508 -0.178247198462 -0.745653510094
    outer loop
      vertex 161.504501343 149.952697754 10.0802659988
      vertex 162.383255005 150.755599976 10.27368927
      vertex 162.613479614 150.755599976 9.44440174103
    endloop
  endfacet
  facet normal -0.657556355 -0.107800543308 -0.74565321207
    outer loop
      vertex 161.504501343 149.952697754 10.0802659988
      vertex 161.349502563 149.952697754 11.025727272
      vertex 162.383255005 150.755599976 10.27368927
    endloop
  endfacet
  facet normal -0.619016885757 -0.246656015515 -0.745639920235
    outer loop
      vertex 161.76083374 149.952697754 9.15710449219
      vertex 162.613479614 150.755599976 9.44440174103
      vertex 162.932067871 150.755599976 8.64487171173
    endloop
  endfacet
  facet normal -0.642057597637 -0.17827616632 -0.745640397072
    outer loop
      vertex 161.76083374 149.952697754 9.15710449219
      vertex 161.504501343 149.952697754 10.0802659988
      vertex 162.613479614 150.755599976 9.44440174103
    endloop
  endfacet
  facet normal -0.588721871376 -0.312107533216 -0.745651006699
    outer loop
      vertex 162.115447998 149.952697754 8.26706886292
      vertex 162.932067871 150.755599976 8.64487171173
      vertex 163.335189819 150.755599976 7.88446950912
    endloop
  endfacet
  facet normal -0.619013607502 -0.246631488204 -0.74565076828
    outer loop
      vertex 162.115447998 149.952697754 8.26706886292
      vertex 161.76083374 149.952697754 9.15710449219
      vertex 162.932067871 150.755599976 8.64487171173
    endloop
  endfacet
  facet normal -0.551526725292 -0.373945653439 -0.745642602444
    outer loop
      vertex 162.564224243 149.952697754 7.42058992386
      vertex 163.335189819 150.755599976 7.88446950912
      vertex 163.81817627 150.755599976 7.17211198807
    endloop
  endfacet
  facet normal -0.588722348213 -0.312126904726 -0.745642542839
    outer loop
      vertex 162.564224243 149.952697754 7.42058992386
      vertex 162.115447998 149.952697754 8.26706886292
      vertex 163.335189819 150.755599976 7.88446950912
    endloop
  endfacet
  facet normal -0.507858216763 -0.431382775307 -0.74564665556
    outer loop
      vertex 163.101882935 149.952697754 6.62759542465
      vertex 163.81817627 150.755599976 7.17211198807
      vertex 164.375366211 150.755599976 6.51615142822
    endloop
  endfacet
  facet normal -0.551527500153 -0.373936653137 -0.745646595955
    outer loop
      vertex 163.101882935 149.952697754 6.62759542465
      vertex 162.564224243 149.952697754 7.42058992386
      vertex 163.81817627 150.755599976 7.17211198807
    endloop
  endfacet
  facet normal -0.458245307207 -0.483757525682 -0.745647311211
    outer loop
      vertex 163.722137451 149.952697754 5.89738082886
      vertex 164.375366211 150.755599976 6.51615142822
      vertex 165.000183105 150.755599976 5.9242773056
    endloop
  endfacet
  facet normal -0.507858514786 -0.431381225586 -0.745647311211
    outer loop
      vertex 163.722137451 149.952697754 5.89738082886
      vertex 163.101882935 149.952697754 6.62759542465
      vertex 164.375366211 150.755599976 6.51615142822
    endloop
  endfacet
  facet normal -0.403251469135 -0.530468225479 -0.745648562908
    outer loop
      vertex 164.417678833 149.952697754 5.23850774765
      vertex 165.000183105 150.755599976 5.9242773056
      vertex 165.685348511 150.755599976 5.40342950821
    endloop
  endfacet
  facet normal -0.458246201277 -0.483754575253 -0.745648682117
    outer loop
      vertex 164.417678833 149.952697754 5.23850774765
      vertex 163.722137451 149.952697754 5.89738082886
      vertex 165.000183105 150.755599976 5.9242773056
    endloop
  endfacet
  facet normal -0.343536943197 -0.570961773396 -0.745644032955
    outer loop
      vertex 165.180419922 149.952697754 4.65870046616
      vertex 165.685348511 150.755599976 5.40342950821
      vertex 166.422805786 150.755599976 4.95971393585
    endloop
  endfacet
  facet normal -0.403247177601 -0.530478060246 -0.745643794537
    outer loop
      vertex 165.180419922 149.952697754 4.65870046616
      vertex 164.417678833 149.952697754 5.23850774765
      vertex 165.685348511 150.755599976 5.40342950821
    endloop
  endfacet
  facet normal -0.279789507389 -0.604756951332 -0.745645225048
    outer loop
      vertex 166.001358032 149.952697754 4.16475772858
      vertex 166.422805786 150.755599976 4.95971393585
      vertex 167.203918457 150.755599976 4.59833288193
    endloop
  endfacet
  facet normal -0.343538045883 -0.570959866047 -0.745644986629
    outer loop
      vertex 166.001358032 149.952697754 4.16475772858
      vertex 165.180419922 149.952697754 4.65870046616
      vertex 166.422805786 150.755599976 4.95971393585
    endloop
  endfacet
  facet normal -0.212764248252 -0.63146084547 -0.745646417141
    outer loop
      vertex 166.870880127 149.952697754 3.76246833801
      vertex 167.203918457 150.755599976 4.59833288193
      vertex 168.01953125 150.755599976 4.32352352142
    endloop
  endfacet
  facet normal -0.279791027308 -0.60475486517 -0.745646417141
    outer loop
      vertex 166.870880127 149.952697754 3.76246833801
      vertex 166.001358032 149.952697754 4.16475772858
      vertex 167.203918457 150.755599976 4.59833288193
    endloop
  endfacet
  facet normal -0.1432428509 -0.650763809681 -0.745645999908
    outer loop
      vertex 167.778823853 149.952697754 3.45655155182
      vertex 168.01953125 150.755599976 4.32352352142
      vertex 168.860076904 150.755599976 4.13850784302
    endloop
  endfacet
  facet normal -0.212763532996 -0.631461620331 -0.745645940304
    outer loop
      vertex 167.778823853 149.952697754 3.45655155182
      vertex 166.870880127 149.952697754 3.76246833801
      vertex 168.01953125 150.755599976 4.32352352142
    endloop
  endfacet
  facet normal -0.0720442160964 -0.662436366081 -0.745645821095
    outer loop
      vertex 168.714523315 149.952697754 3.25059199333
      vertex 168.860076904 150.755599976 4.13850784302
      vertex 169.715682983 150.755599976 4.04545402527
    endloop
  endfacet
  facet normal -0.143241852522 -0.650764703751 -0.745645403862
    outer loop
      vertex 168.714523315 149.952697754 3.25059199333
      vertex 167.778823853 149.952697754 3.45655155182
      vertex 168.860076904 150.755599976 4.13850784302
    endloop
  endfacet
  facet normal -9.74448407741e-17 -0.666341841221 -0.745646357536
    outer loop
      vertex 169.666976929 149.952697754 3.14700460434
      vertex 169.715682983 150.755599976 4.04545402527
      vertex 170.576339722 150.755599976 4.04545402527
    endloop
  endfacet
  facet normal -0.0720451399684 -0.66243571043 -0.745646357536
    outer loop
      vertex 169.666976929 149.952697754 3.14700460434
      vertex 168.714523315 149.952697754 3.25059199333
      vertex 169.715682983 150.755599976 4.04545402527
    endloop
  endfacet
  facet normal 0.072043761611 -0.662435770035 -0.745646357536
    outer loop
      vertex 170.625061035 149.952697754 3.14700460434
      vertex 170.576339722 150.755599976 4.04545402527
      vertex 171.43196106 150.755599976 4.13850688934
    endloop
  endfacet
  facet normal -0 -0.666341841221 -0.745646357536
    outer loop
      vertex 170.625061035 149.952697754 3.14700460434
      vertex 169.666976929 149.952697754 3.14700460434
      vertex 170.576339722 150.755599976 4.04545402527
    endloop
  endfacet
  facet normal 0.143243432045 -0.650764584541 -0.745645165443
    outer loop
      vertex 171.577514648 149.952697754 3.25059199333
      vertex 171.43196106 150.755599976 4.13850688934
      vertex 172.272506714 150.755599976 4.32352352142
    endloop
  endfacet
  facet normal 0.0720452219248 -0.662436425686 -0.745645701885
    outer loop
      vertex 171.577514648 149.952697754 3.25059199333
      vertex 170.625061035 149.952697754 3.14700460434
      vertex 171.43196106 150.755599976 4.13850688934
    endloop
  endfacet
  facet normal 0.212764069438 -0.631461441517 -0.745645940304
    outer loop
      vertex 172.513214111 149.952697754 3.45655155182
      vertex 172.272506714 150.755599976 4.32352352142
      vertex 173.088104248 150.755599976 4.59833240509
    endloop
  endfacet
  facet normal 0.143241718411 -0.6507640481 -0.745645999908
    outer loop
      vertex 172.513214111 149.952697754 3.45655155182
      vertex 171.577514648 149.952697754 3.25059199333
      vertex 172.272506714 150.755599976 4.32352352142
    endloop
  endfacet
  facet normal 0.279790431261 -0.60475897789 -0.745643258095
    outer loop
      vertex 173.421127319 149.952697754 3.76246833801
      vertex 173.088104248 150.755599976 4.59833240509
      vertex 173.869216919 150.755599976 4.95971345901
    endloop
  endfacet
  facet normal 0.212768301368 -0.631462275982 -0.745644032955
    outer loop
      vertex 173.421127319 149.952697754 3.76246833801
      vertex 172.513214111 149.952697754 3.45655155182
      vertex 173.088104248 150.755599976 4.59833240509
    endloop
  endfacet
  facet normal 0.343536376953 -0.570960819721 -0.745645046234
    outer loop
      vertex 174.290664673 149.952697754 4.16475725174
      vertex 173.869216919 150.755599976 4.95971345901
      vertex 174.606674194 150.755599976 5.40342903137
    endloop
  endfacet
  facet normal 0.279786169529 -0.604758620262 -0.745645165443
    outer loop
      vertex 174.290664673 149.952697754 4.16475725174
      vertex 173.421127319 149.952697754 3.76246833801
      vertex 173.869216919 150.755599976 4.95971345901
    endloop
  endfacet
  facet normal 0.403254836798 -0.530472636223 -0.745643556118
    outer loop
      vertex 175.111602783 149.952697754 4.65869998932
      vertex 174.606674194 150.755599976 5.40342903137
      vertex 175.2918396 150.755599976 5.92427682877
    endloop
  endfacet
  facet normal 0.343538582325 -0.570960760117 -0.74564409256
    outer loop
      vertex 175.111602783 149.952697754 4.65869998932
      vertex 174.290664673 149.952697754 4.16475725174
      vertex 174.606674194 150.755599976 5.40342903137
    endloop
  endfacet
  facet normal 0.458247750998 -0.483760565519 -0.745643794537
    outer loop
      vertex 175.874328613 149.952697754 5.23850727081
      vertex 175.2918396 150.755599976 5.92427682877
      vertex 175.916671753 150.755599976 6.51615047455
    endloop
  endfacet
  facet normal 0.403253436089 -0.530472815037 -0.745644152164
    outer loop
      vertex 175.874328613 149.952697754 5.23850727081
      vertex 175.111602783 149.952697754 4.65869998932
      vertex 175.2918396 150.755599976 5.92427682877
    endloop
  endfacet
  facet normal 0.507857918739 -0.431382149458 -0.745647251606
    outer loop
      vertex 176.569900513 149.952697754 5.89738035202
      vertex 175.916671753 150.755599976 6.51615047455
      vertex 176.473846436 150.755599976 7.17211151123
    endloop
  endfacet
  facet normal 0.458240747452 -0.483762323856 -0.745647013187
    outer loop
      vertex 176.569900513 149.952697754 5.89738035202
      vertex 175.874328613 149.952697754 5.23850727081
      vertex 175.916671753 150.755599976 6.51615047455
    endloop
  endfacet
  facet normal 0.551528215408 -0.373946934938 -0.745640873909
    outer loop
      vertex 177.190139771 149.952697754 6.62759494781
      vertex 176.473846436 150.755599976 7.17211151123
      vertex 176.956848145 150.755599976 7.88446855545
    endloop
  endfacet
  facet normal 0.507870197296 -0.431377619505 -0.745641469955
    outer loop
      vertex 177.190139771 149.952697754 6.62759494781
      vertex 176.569900513 149.952697754 5.89738035202
      vertex 176.473846436 150.755599976 7.17211151123
    endloop
  endfacet
  facet normal 0.588730871677 -0.312112182379 -0.745642006397
    outer loop
      vertex 177.727798462 149.952697754 7.42058944702
      vertex 176.956848145 150.755599976 7.88446855545
      vertex 177.359970093 150.755599976 8.64487075806
    endloop
  endfacet
  facet normal 0.551525056362 -0.373948514462 -0.74564242363
    outer loop
      vertex 177.727798462 149.952697754 7.42058944702
      vertex 177.190139771 149.952697754 6.62759494781
      vertex 176.956848145 150.755599976 7.88446855545
    endloop
  endfacet
  facet normal 0.619001626968 -0.246649682522 -0.745654702187
    outer loop
      vertex 178.176589966 149.952697754 8.26706790924
      vertex 177.359970093 150.755599976 8.64487075806
      vertex 177.678543091 150.755599976 9.44440174103
    endloop
  endfacet
  facet normal 0.588708519936 -0.312126517296 -0.745653629303
    outer loop
      vertex 178.176589966 149.952697754 8.26706790924
      vertex 177.727798462 149.952697754 7.42058944702
      vertex 177.359970093 150.755599976 8.64487075806
    endloop
  endfacet
  facet normal 0.642065167427 -0.1782515347 -0.745639801025
    outer loop
      vertex 178.531204224 149.952697754 9.15710449219
      vertex 177.678543091 150.755599976 9.44440174103
      vertex 177.908782959 150.755599976 10.2736873627
    endloop
  endfacet
  facet normal 0.619026362896 -0.246629685163 -0.7456407547
    outer loop
      vertex 178.531204224 149.952697754 9.15710449219
      vertex 178.176589966 149.952697754 8.26706790924
      vertex 177.678543091 150.755599976 9.44440174103
    endloop
  endfacet
  facet normal 0.657561421394 -0.107815735042 -0.74564653635
    outer loop
      vertex 178.787506104 149.952697754 10.0802640915
      vertex 177.908782959 150.755599976 10.2736873627
      vertex 178.048034668 150.755599976 11.123008728
    endloop
  endfacet
  facet normal 0.642054796219 -0.178261995316 -0.745646238327
    outer loop
      vertex 178.787506104 149.952697754 10.0802640915
      vertex 178.531204224 149.952697754 9.15710449219
      vertex 177.908782959 150.755599976 10.2736873627
    endloop
  endfacet
  facet normal 0.665368020535 -0.036078967154 -0.745643138885
    outer loop
      vertex 178.942520142 149.952697754 11.0257263184
      vertex 178.048034668 150.755599976 11.123008728
      vertex 178.09463501 150.755599976 11.9824047089
    endloop
  endfacet
  facet normal 0.657566547394 -0.107809327543 -0.745642960072
    outer loop
      vertex 178.942520142 149.952697754 11.0257263184
      vertex 178.787506104 149.952697754 10.0802640915
      vertex 178.048034668 150.755599976 11.123008728
    endloop
  endfacet
  facet normal 0.665370047092 -0.036075823009 -0.74564152956
    outer loop
      vertex 178.994384766 149.952697754 11.9824047089
      vertex 178.942520142 149.952697754 11.0257263184
      vertex 178.09463501 150.755599976 11.9824047089
    endloop
  endfacet
  facet normal 0.665369927883 0.0360791236162 -0.745641410351
    outer loop
      vertex 178.048034668 150.755599976 12.841799736
      vertex 178.994384766 149.952697754 11.9824047089
      vertex 178.09463501 150.755599976 11.9824047089
    endloop
  endfacet
  facet normal 0.577697813511 0.0313251726329 -0.815649390221
    outer loop
      vertex 178.048034668 150.755599976 12.841799736
      vertex 178.09463501 150.755599976 11.9824047089
      vertex 177.069702148 151.452590942 12.7354011536
    endloop
  endfacet
  facet normal -0.744626820087 -0.0403659529984 -0.666259348392
    outer loop
      vertex 160.493530273 149.054000854 11.9824047089
      vertex 161.297637939 149.952697754 11.9824047089
      vertex 161.349502563 149.952697754 11.025727272
    endloop
  endfacet
  facet normal -0.744626700878 0.0403692536056 -0.666259229183
    outer loop
      vertex 160.550109863 149.054000854 13.0260229111
      vertex 161.297637939 149.952697754 11.9824047089
      vertex 160.493530273 149.054000854 11.9824047089
    endloop
  endfacet
  facet normal -0.744628727436 0.0403660573065 -0.666257202625
    outer loop
      vertex 160.550109863 149.054000854 13.0260229111
      vertex 161.349502563 149.952697754 12.9390830994
      vertex 161.297637939 149.952697754 11.9824047089
    endloop
  endfacet
  facet normal -0.735898137093 -0.120643988252 -0.666257441044
    outer loop
      vertex 160.550109863 149.054000854 10.9387874603
      vertex 161.349502563 149.952697754 11.025727272
      vertex 161.504501343 149.952697754 10.0802659988
    endloop
  endfacet
  facet normal -0.744628429413 -0.0403693467379 -0.666257321835
    outer loop
      vertex 160.550109863 149.054000854 10.9387874603
      vertex 160.493530273 149.054000854 11.9824047089
      vertex 161.349502563 149.952697754 11.025727272
    endloop
  endfacet
  facet normal -0.718534350395 -0.199511006474 -0.666261017323
    outer loop
      vertex 160.719177246 149.054000854 9.9074048996
      vertex 161.504501343 149.952697754 10.0802659988
      vertex 161.76083374 149.952697754 9.15710449219
    endloop
  endfacet
  facet normal -0.735895812511 -0.120637461543 -0.666261196136
    outer loop
      vertex 160.719177246 149.054000854 9.9074048996
      vertex 160.550109863 149.054000854 10.9387874603
      vertex 161.504501343 149.952697754 10.0802659988
    endloop
  endfacet
  facet normal -0.692756474018 -0.276012599468 -0.666262388229
    outer loop
      vertex 160.998794556 149.054000854 8.90035057068
      vertex 161.76083374 149.952697754 9.15710449219
      vertex 162.115447998 149.952697754 8.26706886292
    endloop
  endfacet
  facet normal -0.718533694744 -0.199508219957 -0.666262567043
    outer loop
      vertex 160.998794556 149.054000854 8.90035057068
      vertex 160.719177246 149.054000854 9.9074048996
      vertex 161.76083374 149.952697754 9.15710449219
    endloop
  endfacet
  facet normal -0.658852696419 -0.349308371544 -0.666255772114
    outer loop
      vertex 161.385650635 149.054000854 7.9294295311
      vertex 162.115447998 149.952697754 8.26706886292
      vertex 162.564224243 149.952697754 7.42058992386
    endloop
  endfacet
  facet normal -0.692757964134 -0.276024460793 -0.666255891323
    outer loop
      vertex 161.385650635 149.054000854 7.9294295311
      vertex 160.998794556 149.054000854 8.90035057068
      vertex 162.115447998 149.952697754 8.26706886292
    endloop
  endfacet
  facet normal -0.617226362228 -0.418480575085 -0.666262447834
    outer loop
      vertex 161.875213623 149.054000854 7.00602579117
      vertex 162.564224243 149.952697754 7.42058992386
      vertex 163.101882935 149.952697754 6.62759542465
    endloop
  endfacet
  facet normal -0.658852517605 -0.349296271801 -0.666262328625
    outer loop
      vertex 161.875213623 149.054000854 7.00602579117
      vertex 161.385650635 149.054000854 7.9294295311
      vertex 162.564224243 149.952697754 7.42058992386
    endloop
  endfacet
  facet normal -0.56836014986 -0.482772052288 -0.666256606579
    outer loop
      vertex 162.461730957 149.054000854 6.14096641541
      vertex 163.101882935 149.952697754 6.62759542465
      vertex 163.722137451 149.952697754 5.89738082886
    endloop
  endfacet
  facet normal -0.617225348949 -0.418491482735 -0.66625648737
    outer loop
      vertex 162.461730957 149.054000854 6.14096641541
      vertex 161.875213623 149.054000854 7.00602579117
      vertex 163.101882935 149.952697754 6.62759542465
    endloop
  endfacet
  facet normal -0.51283633709 -0.541383504868 -0.666260302067
    outer loop
      vertex 163.138336182 149.054000854 5.34439229965
      vertex 163.722137451 149.952697754 5.89738082886
      vertex 164.417678833 149.952697754 5.23850774765
    endloop
  endfacet
  facet normal -0.568361461163 -0.482765674591 -0.666260123253
    outer loop
      vertex 163.138336182 149.054000854 5.34439229965
      vertex 162.461730957 149.054000854 6.14096641541
      vertex 163.722137451 149.952697754 5.89738082886
    endloop
  endfacet
  facet normal -0.451287031174 -0.593675255775 -0.6662504673
    outer loop
      vertex 163.897140503 149.054000854 4.62564277649
      vertex 164.417678833 149.952697754 5.23850774765
      vertex 165.180419922 149.952697754 4.65870046616
    endloop
  endfacet
  facet normal -0.512830555439 -0.541401803493 -0.666249871254
    outer loop
      vertex 163.897140503 149.054000854 4.62564277649
      vertex 163.138336182 149.054000854 5.34439229965
      vertex 164.417678833 149.952697754 5.23850774765
    endloop
  endfacet
  facet normal -0.384459853172 -0.638971865177 -0.666262388229
    outer loop
      vertex 164.729156494 149.054000854 3.9931447506
      vertex 165.180419922 149.952697754 4.65870046616
      vertex 166.001358032 149.952697754 4.16475772858
    endloop
  endfacet
  facet normal -0.451296120882 -0.593654632568 -0.666262686253
    outer loop
      vertex 164.729156494 149.054000854 3.9931447506
      vertex 163.897140503 149.054000854 4.62564277649
      vertex 165.180419922 149.952697754 4.65870046616
    endloop
  endfacet
  facet normal -0.313121318817 -0.676796674728 -0.666259229183
    outer loop
      vertex 165.624710083 149.054000854 3.4543132782
      vertex 166.001358032 149.952697754 4.16475772858
      vertex 166.870880127 149.952697754 3.76246833801
    endloop
  endfacet
  facet normal -0.384456962347 -0.638976871967 -0.666259288788
    outer loop
      vertex 165.624710083 149.054000854 3.4543132782
      vertex 164.729156494 149.054000854 3.9931447506
      vertex 166.001358032 149.952697754 4.16475772858
    endloop
  endfacet
  facet normal -0.23810967803 -0.706686496735 -0.666256666183
    outer loop
      vertex 166.573272705 149.054000854 3.01546597481
      vertex 166.870880127 149.952697754 3.76246833801
      vertex 167.778823853 149.952697754 3.45655155182
    endloop
  endfacet
  facet normal -0.313117951155 -0.676801264286 -0.666256129742
    outer loop
      vertex 166.573272705 149.054000854 3.01546597481
      vertex 165.624710083 149.054000854 3.4543132782
      vertex 166.870880127 149.952697754 3.76246833801
    endloop
  endfacet
  facet normal -0.160305514932 -0.728286921978 -0.666258394718
    outer loop
      vertex 167.563705444 149.054000854 2.68174672127
      vertex 167.778823853 149.952697754 3.45655155182
      vertex 168.714523315 149.952697754 3.25059199333
    endloop
  endfacet
  facet normal -0.238111376762 -0.706684648991 -0.66625803709
    outer loop
      vertex 167.563705444 149.054000854 2.68174672127
      vertex 166.573272705 149.054000854 3.01546597481
      vertex 167.778823853 149.952697754 3.45655155182
    endloop
  endfacet
  facet normal -0.0806275978684 -0.741349041462 -0.666258811951
    outer loop
      vertex 168.58442688 149.054000854 2.45707154274
      vertex 168.714523315 149.952697754 3.25059199333
      vertex 169.666976929 149.952697754 3.14700460434
    endloop
  endfacet
  facet normal -0.16030614078 -0.728286385536 -0.666258871555
    outer loop
      vertex 168.58442688 149.054000854 2.45707154274
      vertex 167.563705444 149.054000854 2.68174672127
      vertex 168.714523315 149.952697754 3.25059199333
    endloop
  endfacet
  facet normal -9.08533494925e-17 -0.745720624924 -0.666258752346
    outer loop
      vertex 169.623443604 149.054000854 2.34407043457
      vertex 169.666976929 149.952697754 3.14700460434
      vertex 170.625061035 149.952697754 3.14700460434
    endloop
  endfacet
  facet normal -0.0806278511882 -0.741348862648 -0.66625893116
    outer loop
      vertex 169.623443604 149.054000854 2.34407043457
      vertex 168.58442688 149.054000854 2.45707154274
      vertex 169.666976929 149.952697754 3.14700460434
    endloop
  endfacet
  facet normal 0.0806276723742 -0.741349756718 -0.666257977486
    outer loop
      vertex 170.668579102 149.054000854 2.34407043457
      vertex 170.625061035 149.952697754 3.14700460434
      vertex 171.577514648 149.952697754 3.25059199333
    endloop
  endfacet
  facet normal -0 -0.745720624924 -0.666258752346
    outer loop
      vertex 170.668579102 149.054000854 2.34407043457
      vertex 169.623443604 149.054000854 2.34407043457
      vertex 170.625061035 149.952697754 3.14700460434
    endloop
  endfacet
  facet normal 0.160305425525 -0.728286504745 -0.666258871555
    outer loop
      vertex 171.707611084 149.054000854 2.45707154274
      vertex 171.577514648 149.952697754 3.25059199333
      vertex 172.513214111 149.952697754 3.45655155182
    endloop
  endfacet
  facet normal 0.0806263834238 -0.741349220276 -0.666258752346
    outer loop
      vertex 171.707611084 149.054000854 2.45707154274
      vertex 170.668579102 149.054000854 2.34407043457
      vertex 171.577514648 149.952697754 3.25059199333
    endloop
  endfacet
  facet normal 0.238113895059 -0.70668387413 -0.666257977486
    outer loop
      vertex 172.72833252 149.054000854 2.68174672127
      vertex 172.513214111 149.952697754 3.45655155182
      vertex 173.421127319 149.952697754 3.76246833801
    endloop
  endfacet
  facet normal 0.160306215286 -0.728286743164 -0.666258454323
    outer loop
      vertex 172.72833252 149.054000854 2.68174672127
      vertex 171.707611084 149.054000854 2.45707154274
      vertex 172.513214111 149.952697754 3.45655155182
    endloop
  endfacet
  facet normal 0.313114792109 -0.676798522472 -0.666260361671
    outer loop
      vertex 173.718765259 149.054000854 3.01546478271
      vertex 173.421127319 149.952697754 3.76246833801
      vertex 174.290664673 149.952697754 4.16475725174
    endloop
  endfacet
  facet normal 0.238110154867 -0.706683218479 -0.666260004044
    outer loop
      vertex 173.718765259 149.054000854 3.01546478271
      vertex 172.72833252 149.054000854 2.68174672127
      vertex 173.421127319 149.952697754 3.76246833801
    endloop
  endfacet
  facet normal 0.384461462498 -0.638974547386 -0.66625893116
    outer loop
      vertex 174.667327881 149.054000854 3.4543132782
      vertex 174.290664673 149.952697754 4.16475725174
      vertex 175.111602783 149.952697754 4.65869998932
    endloop
  endfacet
  facet normal 0.31311750412 -0.676798701286 -0.666258871555
    outer loop
      vertex 174.667327881 149.054000854 3.4543132782
      vertex 173.718765259 149.054000854 3.01546478271
      vertex 174.290664673 149.952697754 4.16475725174
    endloop
  endfacet
  facet normal 0.451287537813 -0.593660831451 -0.666262984276
    outer loop
      vertex 175.56288147 149.054000854 3.99314403534
      vertex 175.111602783 149.952697754 4.65869998932
      vertex 175.874328613 149.952697754 5.23850727081
    endloop
  endfacet
  facet normal 0.384455293417 -0.6389747262 -0.66626226902
    outer loop
      vertex 175.56288147 149.054000854 3.99314403534
      vertex 174.667327881 149.054000854 3.4543132782
      vertex 175.111602783 149.952697754 4.65869998932
    endloop
  endfacet
  facet normal 0.512831568718 -0.541393518448 -0.666255831718
    outer loop
      vertex 176.394897461 149.054000854 4.62564229965
      vertex 175.874328613 149.952697754 5.23850727081
      vertex 176.569900513 149.952697754 5.89738035202
    endloop
  endfacet
  facet normal 0.451299518347 -0.593659102917 -0.666256427765
    outer loop
      vertex 176.394897461 149.054000854 4.62564229965
      vertex 175.56288147 149.054000854 3.99314403534
      vertex 175.874328613 149.952697754 5.23850727081
    endloop
  endfacet
  facet normal 0.568369984627 -0.482765287161 -0.666253149509
    outer loop
      vertex 177.153671265 149.054000854 5.34439182281
      vertex 176.569900513 149.952697754 5.89738035202
      vertex 177.190139771 149.952697754 6.62759494781
    endloop
  endfacet
  facet normal 0.512834966183 -0.541392624378 -0.66625392437
    outer loop
      vertex 177.153671265 149.054000854 5.34439182281
      vertex 176.394897461 149.054000854 4.62564229965
      vertex 176.569900513 149.952697754 5.89738035202
    endloop
  endfacet
  facet normal 0.617220878601 -0.418492019176 -0.666260302067
    outer loop
      vertex 177.830291748 149.054000854 6.14096593857
      vertex 177.190139771 149.952697754 6.62759494781
      vertex 177.727798462 149.952697754 7.42058944702
    endloop
  endfacet
  facet normal 0.568358123302 -0.482769757509 -0.666260004044
    outer loop
      vertex 177.830291748 149.054000854 6.14096593857
      vertex 177.153671265 149.054000854 5.34439182281
      vertex 177.190139771 149.952697754 6.62759494781
    endloop
  endfacet
  facet normal 0.658843934536 -0.349311500788 -0.666262805462
    outer loop
      vertex 178.416824341 149.054000854 7.00602531433
      vertex 177.727798462 149.952697754 7.42058944702
      vertex 178.176589966 149.952697754 8.26706790924
    endloop
  endfacet
  facet normal 0.617218017578 -0.41849347949 -0.666262030602
    outer loop
      vertex 178.416824341 149.054000854 7.00602531433
      vertex 177.830291748 149.054000854 6.14096593857
      vertex 177.727798462 149.952697754 7.42058944702
    endloop
  endfacet
  facet normal 0.692764639854 -0.276008158922 -0.666255652905
    outer loop
      vertex 178.906387329 149.054000854 7.92942857742
      vertex 178.176589966 149.952697754 8.26706790924
      vertex 178.531204224 149.952697754 9.15710449219
    endloop
  endfacet
  facet normal 0.65885424614 -0.349304765463 -0.666256129742
    outer loop
      vertex 178.906387329 149.054000854 7.92942857742
      vertex 178.416824341 149.054000854 7.00602531433
      vertex 178.176589966 149.952697754 8.26706790924
    endloop
  endfacet
  facet normal 0.718537092209 -0.199496775866 -0.666262328625
    outer loop
      vertex 179.293228149 149.054000854 8.90034866333
      vertex 178.531204224 149.952697754 9.15710449219
      vertex 178.787506104 149.952697754 10.0802640915
    endloop
  endfacet
  facet normal 0.692755043507 -0.276016026735 -0.666262388229
    outer loop
      vertex 179.293228149 149.054000854 8.90034866333
      vertex 178.906387329 149.054000854 7.92942857742
      vertex 178.531204224 149.952697754 9.15710449219
    endloop
  endfacet
  facet normal 0.735893249512 -0.12065114826 -0.666261553764
    outer loop
      vertex 179.5728302 149.054000854 9.90740394592
      vertex 178.787506104 149.952697754 10.0802640915
      vertex 178.942520142 149.952697754 11.0257263184
    endloop
  endfacet
  facet normal 0.718538284302 -0.199495613575 -0.666261434555
    outer loop
      vertex 179.5728302 149.054000854 9.90740394592
      vertex 179.293228149 149.054000854 8.90034866333
      vertex 178.787506104 149.952697754 10.0802640915
    endloop
  endfacet
  facet normal 0.744632363319 -0.0403733588755 -0.666252672672
    outer loop
      vertex 179.741912842 149.054000854 10.938785553
      vertex 178.942520142 149.952697754 11.0257263184
      vertex 178.994384766 149.952697754 11.9824047089
    endloop
  endfacet
  facet normal 0.735903084278 -0.120638661087 -0.666252911091
    outer loop
      vertex 179.741912842 149.054000854 10.938785553
      vertex 179.5728302 149.054000854 9.90740394592
      vertex 178.942520142 149.952697754 11.0257263184
    endloop
  endfacet
  facet normal 0.744626283646 -0.0403830371797 -0.666258871555
    outer loop
      vertex 179.79850769 149.054000854 11.9824047089
      vertex 179.741912842 149.054000854 10.938785553
      vertex 178.994384766 149.952697754 11.9824047089
    endloop
  endfacet
  facet normal 0.744626581669 0.040373146534 -0.666259169579
    outer loop
      vertex 178.942520142 149.952697754 12.9390821457
      vertex 179.79850769 149.054000854 11.9824047089
      vertex 178.994384766 149.952697754 11.9824047089
    endloop
  endfacet
  facet normal 0.665368318558 0.0360758192837 -0.745643019676
    outer loop
      vertex 178.942520142 149.952697754 12.9390821457
      vertex 178.994384766 149.952697754 11.9824047089
      vertex 178.048034668 150.755599976 12.841799736
    endloop
  endfacet
  facet normal -0.814472198486 -0.0441558621824 -0.578519940376
    outer loop
      vertex 159.795196533 148.070861816 11.9824047089
      vertex 160.493530273 149.054000854 11.9824047089
      vertex 160.550109863 149.054000854 10.9387874603
    endloop
  endfacet
  facet normal -0.814472079277 0.0441588610411 -0.578519821167
    outer loop
      vertex 159.855865479 148.070861816 13.1015253067
      vertex 160.493530273 149.054000854 11.9824047089
      vertex 159.795196533 148.070861816 11.9824047089
    endloop
  endfacet
  facet normal -0.814473807812 0.0441559478641 -0.5785176754
    outer loop
      vertex 159.855865479 148.070861816 13.1015253067
      vertex 160.550109863 149.054000854 13.0260229111
      vertex 160.493530273 149.054000854 11.9824047089
    endloop
  endfacet
  facet normal -0.804925620556 -0.131953716278 -0.578517913818
    outer loop
      vertex 159.855865479 148.070861816 10.8632850647
      vertex 160.550109863 149.054000854 10.9387874603
      vertex 160.719177246 149.054000854 9.9074048996
    endloop
  endfacet
  facet normal -0.814473569393 -0.0441589429975 -0.578517735004
    outer loop
      vertex 159.855865479 148.070861816 10.8632850647
      vertex 159.795196533 148.070861816 11.9824047089
      vertex 160.550109863 149.054000854 10.9387874603
    endloop
  endfacet
  facet normal -0.785941302776 -0.21822462976 -0.578510403633
    outer loop
      vertex 160.037200928 148.070861816 9.75728607178
      vertex 160.719177246 149.054000854 9.9074048996
      vertex 160.998794556 149.054000854 8.90035057068
    endloop
  endfacet
  facet normal -0.80492913723 -0.131964445114 -0.578510582447
    outer loop
      vertex 160.037200928 148.070861816 9.75728607178
      vertex 159.855865479 148.070861816 10.8632850647
      vertex 160.719177246 149.054000854 9.9074048996
    endloop
  endfacet
  facet normal -0.757737576962 -0.30191513896 -0.578516244888
    outer loop
      vertex 160.337036133 148.070861816 8.67737293243
      vertex 160.998794556 149.054000854 8.90035057068
      vertex 161.385650635 149.054000854 7.9294295311
    endloop
  endfacet
  facet normal -0.785939395428 -0.218215793371 -0.578516304493
    outer loop
      vertex 160.337036133 148.070861816 8.67737293243
      vertex 160.037200928 148.070861816 9.75728607178
      vertex 160.998794556 149.054000854 8.90035057068
    endloop
  endfacet
  facet normal -0.720654904842 -0.382061332464 -0.5785202384
    outer loop
      vertex 160.751861572 148.070861816 7.63620996475
      vertex 161.385650635 149.054000854 7.9294295311
      vertex 161.875213623 149.054000854 7.00602579117
    endloop
  endfacet
  facet normal -0.75773692131 -0.301909118891 -0.578520178795
    outer loop
      vertex 160.751861572 148.070861816 7.63620996475
      vertex 160.337036133 148.070861816 8.67737293243
      vertex 161.385650635 149.054000854 7.9294295311
    endloop
  endfacet
  facet normal -0.675119042397 -0.457744628191 -0.578518927097
    outer loop
      vertex 161.27684021 148.070861816 6.64600133896
      vertex 161.875213623 149.054000854 7.00602579117
      vertex 162.461730957 149.054000854 6.14096641541
    endloop
  endfacet
  facet normal -0.720654845238 -0.382063359022 -0.578518927097
    outer loop
      vertex 161.27684021 148.070861816 6.64600133896
      vertex 160.751861572 148.070861816 7.63620996475
      vertex 161.875213623 149.054000854 7.00602579117
    endloop
  endfacet
  facet normal -0.621672570705 -0.528048098087 -0.578522562981
    outer loop
      vertex 161.905792236 148.070861816 5.71835803986
      vertex 162.461730957 149.054000854 6.14096641541
      vertex 163.138336182 149.054000854 5.34439229965
    endloop
  endfacet
  facet normal -0.675119757652 -0.457738697529 -0.578522801399
    outer loop
      vertex 161.905792236 148.070861816 5.71835803986
      vertex 161.27684021 148.070861816 6.64600133896
      vertex 162.461730957 149.054000854 6.14096641541
    endloop
  endfacet
  facet normal -0.560928702354 -0.592179656029 -0.578517317772
    outer loop
      vertex 162.631362915 148.070861816 4.864153862
      vertex 163.138336182 149.054000854 5.34439229965
      vertex 163.897140503 149.054000854 4.62564277649
    endloop
  endfacet
  facet normal -0.621670901775 -0.528055608273 -0.57851755619
    outer loop
      vertex 162.631362915 148.070861816 4.864153862
      vertex 161.905792236 148.070861816 5.71835803986
      vertex 163.138336182 149.054000854 5.34439229965
    endloop
  endfacet
  facet normal -0.493627220392 -0.649338781834 -0.578525066376
    outer loop
      vertex 163.445037842 148.070861816 4.09340524673
      vertex 163.897140503 149.054000854 4.62564277649
      vertex 164.729156494 149.054000854 3.9931447506
    endloop
  endfacet
  facet normal -0.56093287468 -0.592167496681 -0.578525662422
    outer loop
      vertex 163.445037842 148.070861816 4.09340524673
      vertex 162.631362915 148.070861816 4.864153862
      vertex 163.897140503 149.054000854 4.62564277649
    endloop
  endfacet
  facet normal -0.420520037413 -0.698914587498 -0.578516483307
    outer loop
      vertex 164.337265015 148.070861816 3.41514730453
      vertex 164.729156494 149.054000854 3.9931447506
      vertex 165.624710083 149.054000854 3.4543132782
    endloop
  endfacet
  facet normal -0.493621408939 -0.649351119995 -0.578516244888
    outer loop
      vertex 164.337265015 148.070861816 3.41514730453
      vertex 163.445037842 148.070861816 4.09340524673
      vertex 164.729156494 149.054000854 3.9931447506
    endloop
  endfacet
  facet normal -0.34248816967 -0.74028468132 -0.578515708447
    outer loop
      vertex 165.297607422 148.070861816 2.83733344078
      vertex 165.624710083 149.054000854 3.4543132782
      vertex 166.573272705 149.054000854 3.01546597481
    endloop
  endfacet
  facet normal -0.420519113541 -0.698916077614 -0.578515350819
    outer loop
      vertex 165.297607422 148.070861816 2.83733344078
      vertex 164.337265015 148.070861816 3.41514730453
      vertex 165.624710083 149.054000854 3.4543132782
    endloop
  endfacet
  facet normal -0.260445922613 -0.772970795631 -0.578518867493
    outer loop
      vertex 166.314788818 148.070861816 2.36673688889
      vertex 166.573272705 149.054000854 3.01546597481
      vertex 167.563705444 149.054000854 2.68174672127
    endloop
  endfacet
  facet normal -0.342491149902 -0.740280807018 -0.578518867493
    outer loop
      vertex 166.314788818 148.070861816 2.36673688889
      vertex 165.297607422 148.070861816 2.83733344078
      vertex 166.573272705 149.054000854 3.01546597481
    endloop
  endfacet
  facet normal -0.175342872739 -0.79659974575 -0.578518569469
    outer loop
      vertex 167.376876831 148.070861816 2.00887489319
      vertex 167.563705444 149.054000854 2.68174672127
      vertex 168.58442688 149.054000854 2.45707154274
    endloop
  endfacet
  facet normal -0.260445922613 -0.772970795631 -0.578518807888
    outer loop
      vertex 167.376876831 148.070861816 2.00887489319
      vertex 166.314788818 148.070861816 2.36673688889
      vertex 167.563705444 149.054000854 2.68174672127
    endloop
  endfacet
  facet normal -0.0881907120347 -0.810887098312 -0.578519225121
    outer loop
      vertex 168.471435547 148.070861816 1.76794397831
      vertex 168.58442688 149.054000854 2.45707154274
      vertex 169.623443604 149.054000854 2.34407043457
    endloop
  endfacet
  facet normal -0.175343990326 -0.796598792076 -0.578519523144
    outer loop
      vertex 168.471435547 148.070861816 1.76794397831
      vertex 167.376876831 148.070861816 2.00887489319
      vertex 168.58442688 149.054000854 2.45707154274
    endloop
  endfacet
  facet normal -1.72211552291e-16 -0.815669417381 -0.578518331051
    outer loop
      vertex 169.585632324 148.070861816 1.64676845074
      vertex 169.623443604 149.054000854 2.34407043457
      vertex 170.668579102 149.054000854 2.34407043457
    endloop
  endfacet
  facet normal -0.0881893113256 -0.810888051987 -0.578518092632
    outer loop
      vertex 169.585632324 148.070861816 1.64676845074
      vertex 168.471435547 148.070861816 1.76794397831
      vertex 169.623443604 149.054000854 2.34407043457
    endloop
  endfacet
  facet normal 0.0881890878081 -0.810887277126 -0.578519284725
    outer loop
      vertex 170.706390381 148.070861816 1.64676845074
      vertex 170.668579102 149.054000854 2.34407043457
      vertex 171.707611084 149.054000854 2.45707154274
    endloop
  endfacet
  facet normal -0 -0.815669417381 -0.578518331051
    outer loop
      vertex 170.706390381 148.070861816 1.64676845074
      vertex 169.585632324 148.070861816 1.64676845074
      vertex 170.668579102 149.054000854 2.34407043457
    endloop
  endfacet
  facet normal 0.175342723727 -0.796599030495 -0.578519582748
    outer loop
      vertex 171.820587158 148.070861816 1.76794397831
      vertex 171.707611084 149.054000854 2.45707154274
      vertex 172.72833252 149.054000854 2.68174672127
    endloop
  endfacet
  facet normal 0.0881892293692 -0.810887336731 -0.578519165516
    outer loop
      vertex 171.820587158 148.070861816 1.76794397831
      vertex 170.706390381 148.070861816 1.64676845074
      vertex 171.707611084 149.054000854 2.45707154274
    endloop
  endfacet
  facet normal 0.260445207357 -0.77297103405 -0.578518867493
    outer loop
      vertex 172.915145874 148.070861816 2.00887489319
      vertex 172.72833252 149.054000854 2.68174672127
      vertex 173.718765259 149.054000854 3.01546478271
    endloop
  endfacet
  facet normal 0.175344139338 -0.796599388123 -0.578518629074
    outer loop
      vertex 172.915145874 148.070861816 2.00887489319
      vertex 171.820587158 148.070861816 1.76794397831
      vertex 172.72833252 149.054000854 2.68174672127
    endloop
  endfacet
  facet normal 0.342488020658 -0.740282595158 -0.57851845026
    outer loop
      vertex 173.977233887 148.070861816 2.36673688889
      vertex 173.718765259 149.054000854 3.01546478271
      vertex 174.667327881 149.054000854 3.4543132782
    endloop
  endfacet
  facet normal 0.260446041822 -0.772971153259 -0.578518331051
    outer loop
      vertex 173.977233887 148.070861816 2.36673688889
      vertex 172.915145874 148.070861816 2.00887489319
      vertex 173.718765259 149.054000854 3.01546478271
    endloop
  endfacet
  facet normal 0.420520156622 -0.698915481567 -0.578515291214
    outer loop
      vertex 174.994415283 148.070861816 2.83733344078
      vertex 174.667327881 149.054000854 3.4543132782
      vertex 175.56288147 149.054000854 3.99314403534
    endloop
  endfacet
  facet normal 0.342492043972 -0.740282773972 -0.578515827656
    outer loop
      vertex 174.994415283 148.070861816 2.83733344078
      vertex 173.977233887 148.070861816 2.36673688889
      vertex 174.667327881 149.054000854 3.4543132782
    endloop
  endfacet
  facet normal 0.493633925915 -0.649347662926 -0.578509449959
    outer loop
      vertex 175.954742432 148.070861816 3.4151468277
      vertex 175.56288147 149.054000854 3.99314403534
      vertex 176.394897461 149.054000854 4.62564229965
    endloop
  endfacet
  facet normal 0.420526623726 -0.698915064335 -0.578511118889
    outer loop
      vertex 175.954742432 148.070861816 3.4151468277
      vertex 174.994415283 148.070861816 2.83733344078
      vertex 175.56288147 149.054000854 3.99314403534
    endloop
  endfacet
  facet normal 0.560932159424 -0.592168152332 -0.578525722027
    outer loop
      vertex 176.847000122 148.070861816 4.0934047699
      vertex 176.394897461 149.054000854 4.62564229965
      vertex 177.153671265 149.054000854 5.34439182281
    endloop
  endfacet
  facet normal 0.493611037731 -0.649351596832 -0.578524529934
    outer loop
      vertex 176.847000122 148.070861816 4.0934047699
      vertex 175.954742432 148.070861816 3.4151468277
      vertex 176.394897461 149.054000854 4.62564229965
    endloop
  endfacet
  facet normal 0.621667146683 -0.52805107832 -0.578525722027
    outer loop
      vertex 177.66065979 148.070861816 4.86415338516
      vertex 177.153671265 149.054000854 5.34439182281
      vertex 177.830291748 149.054000854 6.14096593857
    endloop
  endfacet
  facet normal 0.560933172703 -0.592167854309 -0.578525006771
    outer loop
      vertex 177.66065979 148.070861816 4.86415338516
      vertex 176.847000122 148.070861816 4.0934047699
      vertex 177.153671265 149.054000854 5.34439182281
    endloop
  endfacet
  facet normal 0.675112903118 -0.457748025656 -0.578523397446
    outer loop
      vertex 178.386230469 148.070861816 5.71835613251
      vertex 177.830291748 149.054000854 6.14096593857
      vertex 178.416824341 149.054000854 7.00602531433
    endloop
  endfacet
  facet normal 0.621671199799 -0.528049468994 -0.578522861004
    outer loop
      vertex 178.386230469 148.070861816 5.71835613251
      vertex 177.66065979 148.070861816 4.86415338516
      vertex 177.830291748 149.054000854 6.14096593857
    endloop
  endfacet
  facet normal 0.720649063587 -0.382066547871 -0.578524053097
    outer loop
      vertex 179.015197754 148.070861816 6.64600086212
      vertex 178.416824341 149.054000854 7.00602531433
      vertex 178.906387329 149.054000854 7.92942857742
    endloop
  endfacet
  facet normal 0.675112843513 -0.457748055458 -0.578523397446
    outer loop
      vertex 179.015197754 148.070861816 6.64600086212
      vertex 178.386230469 148.070861816 5.71835613251
      vertex 178.416824341 149.054000854 7.00602531433
    endloop
  endfacet
  facet normal 0.757741212845 -0.301908612251 -0.578514814377
    outer loop
      vertex 179.540161133 148.070861816 7.63620901108
      vertex 178.906387329 149.054000854 7.92942857742
      vertex 179.293228149 149.054000854 8.90034866333
    endloop
  endfacet
  facet normal 0.720660150051 -0.382058918476 -0.578515350819
    outer loop
      vertex 179.540161133 148.070861816 7.63620901108
      vertex 179.015197754 148.070861816 6.64600086212
      vertex 178.906387329 149.054000854 7.92942857742
    endloop
  endfacet
  facet normal 0.785945117474 -0.21821051836 -0.578510522842
    outer loop
      vertex 179.954986572 148.070861816 8.67737293243
      vertex 179.293228149 149.054000854 8.90034866333
      vertex 179.5728302 149.054000854 9.90740394592
    endloop
  endfacet
  facet normal 0.757745623589 -0.301904827356 -0.578511059284
    outer loop
      vertex 179.954986572 148.070861816 8.67737293243
      vertex 179.540161133 148.070861816 7.63620901108
      vertex 179.293228149 149.054000854 8.90034866333
    endloop
  endfacet
  facet normal 0.804923534393 -0.131953373551 -0.578520834446
    outer loop
      vertex 180.254837036 148.070861816 9.7572851181
      vertex 179.5728302 149.054000854 9.90740394592
      vertex 179.741912842 149.054000854 10.938785553
    endloop
  endfacet
  facet normal 0.785934388638 -0.218222036958 -0.578520774841
    outer loop
      vertex 180.254837036 148.070861816 9.7572851181
      vertex 179.954986572 148.070861816 8.67737293243
      vertex 179.5728302 149.054000854 9.90740394592
    endloop
  endfacet
  facet normal 0.814465165138 -0.0441705808043 -0.578528702259
    outer loop
      vertex 180.436157227 148.070861816 10.8632850647
      vertex 179.741912842 149.054000854 10.938785553
      vertex 179.79850769 149.054000854 11.9824047089
    endloop
  endfacet
  facet normal 0.804916858673 -0.131962314248 -0.578528106213
    outer loop
      vertex 180.436157227 148.070861816 10.8632850647
      vertex 180.254837036 148.070861816 9.7572851181
      vertex 179.741912842 149.054000854 10.938785553
    endloop
  endfacet
  facet normal 0.814475893974 -0.0441523753107 -0.578514933586
    outer loop
      vertex 180.496826172 148.070861816 11.9824047089
      vertex 180.436157227 148.070861816 10.8632850647
      vertex 179.79850769 149.054000854 11.9824047089
    endloop
  endfacet
  facet normal 0.814475238323 0.0441711805761 -0.578514456749
    outer loop
      vertex 179.741912842 149.054000854 13.0260229111
      vertex 180.496826172 148.070861816 11.9824047089
      vertex 179.79850769 149.054000854 11.9824047089
    endloop
  endfacet
  facet normal 0.744631528854 0.0403833687305 -0.666252970695
    outer loop
      vertex 179.741912842 149.054000854 13.0260229111
      vertex 179.79850769 149.054000854 11.9824047089
      vertex 178.942520142 149.952697754 12.9390821457
    endloop
  endfacet
  facet normal -0.874050736427 -0.0473890826106 -0.483517885208
    outer loop
      vertex 159.211456299 147.015640259 11.9824047089
      vertex 159.795196533 148.070861816 11.9824047089
      vertex 159.855865479 148.070861816 10.8632850647
    endloop
  endfacet
  facet normal -0.874050498009 0.0473952069879 -0.483517736197
    outer loop
      vertex 159.275558472 147.015640259 13.1646385193
      vertex 159.795196533 148.070861816 11.9824047089
      vertex 159.211456299 147.015640259 11.9824047089
    endloop
  endfacet
  facet normal -0.874053657055 0.0473892427981 -0.483512610197
    outer loop
      vertex 159.275558472 147.015640259 13.1646385193
      vertex 159.855865479 148.070861816 13.1015253067
      vertex 159.795196533 148.070861816 11.9824047089
    endloop
  endfacet
  facet normal -0.863805651665 -0.141616985202 -0.483512610197
    outer loop
      vertex 159.275558472 147.015640259 10.8001718521
      vertex 159.855865479 148.070861816 10.8632850647
      vertex 160.037200928 148.070861816 9.75728607178
    endloop
  endfacet
  facet normal -0.874053239822 -0.0473953559995 -0.483512759209
    outer loop
      vertex 159.275558472 147.015640259 10.8001718521
      vertex 159.211456299 147.015640259 11.9824047089
      vertex 159.855865479 148.070861816 10.8632850647
    endloop
  endfacet
  facet normal -0.843429148197 -0.234177798033 -0.483516305685
    outer loop
      vertex 159.467102051 147.015640259 9.6317987442
      vertex 160.037200928 148.070861816 9.75728607178
      vertex 160.337036133 148.070861816 8.67737293243
    endloop
  endfacet
  facet normal -0.863804399967 -0.141612410545 -0.483516216278
    outer loop
      vertex 159.467102051 147.015640259 9.6317987442
      vertex 159.275558472 147.015640259 10.8001718521
      vertex 160.037200928 148.070861816 9.75728607178
    endloop
  endfacet
  facet normal -0.813165664673 -0.323993861675 -0.48351791501
    outer loop
      vertex 159.783843994 147.015640259 8.49098491669
      vertex 160.337036133 148.070861816 8.67737293243
      vertex 160.751861572 148.070861816 7.63620996475
    endloop
  endfacet
  facet normal -0.843428850174 -0.234175726771 -0.483517885208
    outer loop
      vertex 159.783843994 147.015640259 8.49098491669
      vertex 159.467102051 147.015640259 9.6317987442
      vertex 160.337036133 148.070861816 8.67737293243
    endloop
  endfacet
  facet normal -0.77337038517 -0.410011082888 -0.48351752758
    outer loop
      vertex 160.222076416 147.015640259 7.39110422134
      vertex 160.751861572 148.070861816 7.63620996475
      vertex 161.27684021 148.070861816 6.64600133896
    endloop
  endfacet
  facet normal -0.813165724277 -0.323994576931 -0.483517378569
    outer loop
      vertex 160.222076416 147.015640259 7.39110422134
      vertex 159.783843994 147.015640259 8.49098491669
      vertex 160.751861572 148.070861816 7.63620996475
    endloop
  endfacet
  facet normal -0.72450709343 -0.49122390151 -0.483516842127
    outer loop
      vertex 160.776657104 147.015640259 6.34505224228
      vertex 161.27684021 148.070861816 6.64600133896
      vertex 161.905792236 148.070861816 5.71835803986
    endloop
  endfacet
  facet normal -0.773370325565 -0.410012274981 -0.483516603708
    outer loop
      vertex 160.776657104 147.015640259 6.34505224228
      vertex 160.222076416 147.015640259 7.39110422134
      vertex 161.27684021 148.070861816 6.64600133896
    endloop
  endfacet
  facet normal -0.667146682739 -0.566683411598 -0.48351341486
    outer loop
      vertex 161.441085815 147.015640259 5.36509275436
      vertex 161.905792236 148.070861816 5.71835803986
      vertex 162.631362915 148.070861816 4.864153862
    endloop
  endfacet
  facet normal -0.724506318569 -0.491228878498 -0.483512997627
    outer loop
      vertex 161.441085815 147.015640259 5.36509275436
      vertex 160.776657104 147.015640259 6.34505224228
      vertex 161.905792236 148.070861816 5.71835803986
    endloop
  endfacet
  facet normal -0.601967155933 -0.635486721992 -0.483520597219
    outer loop
      vertex 162.207565308 147.015640259 4.4627161026
      vertex 162.631362915 148.070861816 4.864153862
      vertex 163.445037842 148.070861816 4.09340524673
    endloop
  endfacet
  facet normal -0.667149245739 -0.566674172878 -0.483520686626
    outer loop
      vertex 162.207565308 147.015640259 4.4627161026
      vertex 161.441085815 147.015640259 5.36509275436
      vertex 162.631362915 148.070861816 4.864153862
    endloop
  endfacet
  facet normal -0.529729306698 -0.696850419044 -0.48351457715
    outer loop
      vertex 163.067138672 147.015640259 3.64850068092
      vertex 163.445037842 148.070861816 4.09340524673
      vertex 164.337265015 148.070861816 3.41514730453
    endloop
  endfacet
  facet normal -0.601963996887 -0.635494530201 -0.483514219522
    outer loop
      vertex 163.067138672 147.015640259 3.64850068092
      vertex 162.207565308 147.015640259 4.4627161026
      vertex 163.445037842 148.070861816 4.09340524673
    endloop
  endfacet
  facet normal -0.451277732849 -0.750037908554 -0.483519971371
    outer loop
      vertex 164.009674072 147.015640259 2.9319934845
      vertex 164.337265015 148.070861816 3.41514730453
      vertex 165.297607422 148.070861816 2.83733344078
    endloop
  endfacet
  facet normal -0.529732882977 -0.69684368372 -0.483520388603
    outer loop
      vertex 164.009674072 147.015640259 2.9319934845
      vertex 163.067138672 147.015640259 3.64850068092
      vertex 164.337265015 148.070861816 3.41514730453
    endloop
  endfacet
  facet normal -0.367543458939 -0.794430434704 -0.483520537615
    outer loop
      vertex 165.024169922 147.015640259 2.32159304619
      vertex 165.297607422 148.070861816 2.83733344078
      vertex 166.314788818 148.070861816 2.36673688889
    endloop
  endfacet
  facet normal -0.451278626919 -0.750036597252 -0.483521163464
    outer loop
      vertex 165.024169922 147.015640259 2.32159304619
      vertex 164.009674072 147.015640259 2.9319934845
      vertex 165.297607422 148.070861816 2.83733344078
    endloop
  endfacet
  facet normal -0.279497295618 -0.829512953758 -0.483517855406
    outer loop
      vertex 166.098724365 147.015640259 1.824457407
      vertex 166.314788818 148.070861816 2.36673688889
      vertex 167.376876831 148.070861816 2.00887489319
    endloop
  endfacet
  facet normal -0.367541223764 -0.794433057308 -0.48351791501
    outer loop
      vertex 166.098724365 147.015640259 1.824457407
      vertex 165.024169922 147.015640259 2.32159304619
      vertex 166.314788818 148.070861816 2.36673688889
    endloop
  endfacet
  facet normal -0.188170239329 -0.854869246483 -0.483518898487
    outer loop
      vertex 167.220703125 147.015640259 1.44641292095
      vertex 167.376876831 148.070861816 2.00887489319
      vertex 168.471435547 148.070861816 1.76794397831
    endloop
  endfacet
  facet normal -0.27949860692 -0.829511702061 -0.48351919651
    outer loop
      vertex 167.220703125 147.015640259 1.44641292095
      vertex 166.098724365 147.015640259 1.824457407
      vertex 167.376876831 148.070861816 2.00887489319
    endloop
  endfacet
  facet normal -0.0946402177215 -0.870203256607 -0.483517855406
    outer loop
      vertex 168.376998901 147.015640259 1.19189524651
      vertex 168.471435547 148.070861816 1.76794397831
      vertex 169.585632324 148.070861816 1.64676845074
    endloop
  endfacet
  facet normal -0.188169300556 -0.854869961739 -0.483518004417
    outer loop
      vertex 168.376998901 147.015640259 1.19189524651
      vertex 167.220703125 147.015640259 1.44641292095
      vertex 168.471435547 148.070861816 1.76794397831
    endloop
  endfacet
  facet normal 0 -0.875334203243 -0.48351842165
    outer loop
      vertex 169.554031372 147.015640259 1.06388485432
      vertex 169.585632324 148.070861816 1.64676845074
      vertex 170.706390381 148.070861816 1.64676845074
    endloop
  endfacet
  facet normal -0.0946407914162 -0.870202898979 -0.483518362045
    outer loop
      vertex 169.554031372 147.015640259 1.06388485432
      vertex 168.376998901 147.015640259 1.19189524651
      vertex 169.585632324 148.070861816 1.64676845074
    endloop
  endfacet
  facet normal 0.0946401879191 -0.870202958584 -0.483518391848
    outer loop
      vertex 170.737991333 147.015640259 1.06388485432
      vertex 170.706390381 148.070861816 1.64676845074
      vertex 171.820587158 148.070861816 1.76794397831
    endloop
  endfacet
  facet normal -0 -0.875334203243 -0.48351842165
    outer loop
      vertex 170.737991333 147.015640259 1.06388485432
      vertex 169.554031372 147.015640259 1.06388485432
      vertex 170.706390381 148.070861816 1.64676845074
    endloop
  endfacet
  facet normal 0.188170358539 -0.85486972332 -0.483517974615
    outer loop
      vertex 171.915023804 147.015640259 1.19189524651
      vertex 171.820587158 148.070861816 1.76794397831
      vertex 172.915145874 148.070861816 2.00887489319
    endloop
  endfacet
  facet normal 0.0946408212185 -0.870203197002 -0.483517885208
    outer loop
      vertex 171.915023804 147.015640259 1.19189524651
      vertex 170.737991333 147.015640259 1.06388485432
      vertex 171.820587158 148.070861816 1.76794397831
    endloop
  endfacet
  facet normal 0.279497742653 -0.82951426506 -0.483515352011
    outer loop
      vertex 173.071304321 147.015640259 1.44641292095
      vertex 172.915145874 148.070861816 2.00887489319
      vertex 173.977233887 148.070861816 2.36673688889
    endloop
  endfacet
  facet normal 0.188172474504 -0.854870200157 -0.483516335487
    outer loop
      vertex 173.071304321 147.015640259 1.44641292095
      vertex 171.915023804 147.015640259 1.19189524651
      vertex 172.915145874 148.070861816 2.00887489319
    endloop
  endfacet
  facet normal 0.367543816566 -0.794431209564 -0.483519017696
    outer loop
      vertex 174.19329834 147.015640259 1.82445538044
      vertex 173.977233887 148.070861816 2.36673688889
      vertex 174.994415283 148.070861816 2.83733344078
    endloop
  endfacet
  facet normal 0.279493004084 -0.829513728619 -0.483518987894
    outer loop
      vertex 174.19329834 147.015640259 1.82445538044
      vertex 173.071304321 147.015640259 1.44641292095
      vertex 173.977233887 148.070861816 2.36673688889
    endloop
  endfacet
  facet normal 0.451283842325 -0.750033557415 -0.483521014452
    outer loop
      vertex 175.267852783 147.015640259 2.32159304619
      vertex 174.994415283 148.070861816 2.83733344078
      vertex 175.954742432 148.070861816 3.4151468277
    endloop
  endfacet
  facet normal 0.367541879416 -0.794431209564 -0.483520507813
    outer loop
      vertex 175.267852783 147.015640259 2.32159304619
      vertex 174.19329834 147.015640259 1.82445538044
      vertex 174.994415283 148.070861816 2.83733344078
    endloop
  endfacet
  facet normal 0.529717326164 -0.696849882603 -0.483528465033
    outer loop
      vertex 176.282348633 147.015640259 2.93199253082
      vertex 175.954742432 148.070861816 3.4151468277
      vertex 176.847000122 148.070861816 4.0934047699
    endloop
  endfacet
  facet normal 0.451276510954 -0.750034332275 -0.483526617289
    outer loop
      vertex 176.282348633 147.015640259 2.93199253082
      vertex 175.267852783 147.015640259 2.32159304619
      vertex 175.954742432 148.070861816 3.4151468277
    endloop
  endfacet
  facet normal 0.601969718933 -0.635489463806 -0.48351380229
    outer loop
      vertex 177.224899292 147.015640259 3.64850068092
      vertex 176.847000122 148.070861816 4.0934047699
      vertex 177.66065979 148.070861816 4.86415338516
    endloop
  endfacet
  facet normal 0.529735326767 -0.696845948696 -0.483514487743
    outer loop
      vertex 177.224899292 147.015640259 3.64850068092
      vertex 176.282348633 147.015640259 2.93199253082
      vertex 176.847000122 148.070861816 4.0934047699
    endloop
  endfacet
  facet normal 0.667147099972 -0.566676855087 -0.483520537615
    outer loop
      vertex 178.084457397 147.015640259 4.4627161026
      vertex 177.66065979 148.070861816 4.86415338516
      vertex 178.386230469 148.070861816 5.71835613251
    endloop
  endfacet
  facet normal 0.601961731911 -0.635492146015 -0.483520209789
    outer loop
      vertex 178.084457397 147.015640259 4.4627161026
      vertex 177.224899292 147.015640259 3.64850068092
      vertex 177.66065979 148.070861816 4.86415338516
    endloop
  endfacet
  facet normal 0.724501848221 -0.491235345602 -0.483513087034
    outer loop
      vertex 178.85093689 147.015640259 5.36509227753
      vertex 178.386230469 148.070861816 5.71835613251
      vertex 179.015197754 148.070861816 6.64600086212
    endloop
  endfacet
  facet normal 0.667155444622 -0.566672980785 -0.483513534069
    outer loop
      vertex 178.85093689 147.015640259 5.36509227753
      vertex 178.084457397 147.015640259 4.4627161026
      vertex 178.386230469 148.070861816 5.71835613251
    endloop
  endfacet
  facet normal 0.773379385471 -0.410008072853 -0.483505696058
    outer loop
      vertex 179.515365601 147.015640259 6.3450512886
      vertex 179.015197754 148.070861816 6.64600086212
      vertex 179.540161133 148.070861816 7.63620901108
    endloop
  endfacet
  facet normal 0.724509060383 -0.491230994463 -0.483506709337
    outer loop
      vertex 179.515365601 147.015640259 6.3450512886
      vertex 178.85093689 147.015640259 5.36509227753
      vertex 179.015197754 148.070861816 6.64600086212
    endloop
  endfacet
  facet normal 0.813168942928 -0.323986887932 -0.483517080545
    outer loop
      vertex 180.069946289 147.015640259 7.39110326767
      vertex 179.540161133 148.070861816 7.63620901108
      vertex 179.954986572 148.070861816 8.67737293243
    endloop
  endfacet
  facet normal 0.773367285728 -0.410017251968 -0.483517199755
    outer loop
      vertex 180.069946289 147.015640259 7.39110326767
      vertex 179.515365601 147.015640259 6.3450512886
      vertex 179.540161133 148.070861816 7.63620901108
    endloop
  endfacet
  facet normal 0.843422651291 -0.234184190631 -0.483524590731
    outer loop
      vertex 180.508178711 147.015640259 8.49098300934
      vertex 179.954986572 148.070861816 8.67737293243
      vertex 180.254837036 148.070861816 9.7572851181
    endloop
  endfacet
  facet normal 0.813162088394 -0.323993384838 -0.483524233103
    outer loop
      vertex 180.508178711 147.015640259 8.49098300934
      vertex 180.069946289 147.015640259 7.39110326767
      vertex 179.954986572 148.070861816 8.67737293243
    endloop
  endfacet
  facet normal 0.863803625107 -0.141616523266 -0.483516335487
    outer loop
      vertex 180.824920654 147.015640259 9.63179779053
      vertex 180.254837036 148.070861816 9.7572851181
      vertex 180.436157227 148.070861816 10.8632850647
    endloop
  endfacet
  facet normal 0.843429625034 -0.234175950289 -0.483516395092
    outer loop
      vertex 180.824920654 147.015640259 9.63179779053
      vertex 180.508178711 147.015640259 8.49098300934
      vertex 180.254837036 148.070861816 9.7572851181
    endloop
  endfacet
  facet normal 0.874057352543 -0.0473822578788 -0.483506649733
    outer loop
      vertex 181.016464233 147.015640259 10.8001708984
      vertex 180.436157227 148.070861816 10.8632850647
      vertex 180.496826172 148.070861816 11.9824047089
    endloop
  endfacet
  facet normal 0.863810360432 -0.141606584191 -0.483507215977
    outer loop
      vertex 181.016464233 147.015640259 10.8001708984
      vertex 180.824920654 147.015640259 9.63179779053
      vertex 180.436157227 148.070861816 10.8632850647
    endloop
  endfacet
  facet normal 0.874046981335 -0.0474017672241 -0.48352342844
    outer loop
      vertex 181.080566406 147.015640259 11.9824047089
      vertex 181.016464233 147.015640259 10.8001708984
      vertex 180.496826172 148.070861816 11.9824047089
    endloop
  endfacet
  facet normal 0.8740478158 0.0473817437887 -0.483523875475
    outer loop
      vertex 180.436157227 148.070861816 13.1015253067
      vertex 181.080566406 147.015640259 11.9824047089
      vertex 180.496826172 148.070861816 11.9824047089
    endloop
  endfacet
  facet normal 0.81446647644 0.0441518649459 -0.578528285027
    outer loop
      vertex 180.436157227 148.070861816 13.1015253067
      vertex 180.496826172 148.070861816 11.9824047089
      vertex 179.741912842 149.054000854 13.0260229111
    endloop
  endfacet
  facet normal -0.922616362572 -0.0500286817551 -0.382460713387
    outer loop
      vertex 158.749664307 145.901641846 11.9824047089
      vertex 159.211456299 147.015640259 11.9824047089
      vertex 159.275558472 147.015640259 10.8001718521
    endloop
  endfacet
  facet normal -0.922616541386 0.0500250868499 -0.382460802794
    outer loop
      vertex 158.816467285 145.901641846 13.2145681381
      vertex 159.211456299 147.015640259 11.9824047089
      vertex 158.749664307 145.901641846 11.9824047089
    endloop
  endfacet
  facet normal -0.92261493206 0.050028603524 -0.382464140654
    outer loop
      vertex 158.816467285 145.901641846 13.2145681381
      vertex 159.275558472 147.015640259 13.1646385193
      vertex 159.211456299 147.015640259 11.9824047089
    endloop
  endfacet
  facet normal -0.911798715591 -0.149480611086 -0.38246396184
    outer loop
      vertex 158.816467285 145.901641846 10.750243187
      vertex 159.275558472 147.015640259 10.8001718521
      vertex 159.467102051 147.015640259 9.6317987442
    endloop
  endfacet
  facet normal -0.922615170479 -0.0500250682235 -0.382464021444
    outer loop
      vertex 158.816467285 145.901641846 10.750243187
      vertex 158.749664307 145.901641846 11.9824047089
      vertex 159.275558472 147.015640259 10.8001718521
    endloop
  endfacet
  facet normal -0.890289485455 -0.247186467052 -0.382470279932
    outer loop
      vertex 159.016098022 145.901641846 9.53252601624
      vertex 159.467102051 147.015640259 9.6317987442
      vertex 159.783843994 147.015640259 8.49098491669
    endloop
  endfacet
  facet normal -0.911797225475 -0.149473503232 -0.38247025013
    outer loop
      vertex 159.016098022 145.901641846 9.53252601624
      vertex 158.816467285 145.901641846 10.750243187
      vertex 159.467102051 147.015640259 9.6317987442
    endloop
  endfacet
  facet normal -0.858347713947 -0.341996729374 -0.382462382317
    outer loop
      vertex 159.346221924 145.901641846 8.34353256226
      vertex 159.783843994 147.015640259 8.49098491669
      vertex 160.222076416 147.015640259 7.39110422134
    endloop
  endfacet
  facet normal -0.89029031992 -0.247195452452 -0.382462471724
    outer loop
      vertex 159.346221924 145.901641846 8.34353256226
      vertex 159.016098022 145.901641846 9.53252601624
      vertex 159.783843994 147.015640259 8.49098491669
    endloop
  endfacet
  facet normal -0.816337645054 -0.432791948318 -0.382470875978
    outer loop
      vertex 159.802947998 145.901641846 7.19720029831
      vertex 160.222076416 147.015640259 7.39110422134
      vertex 160.776657104 147.015640259 6.34505224228
    endloop
  endfacet
  facet normal -0.858347833157 -0.341986745596 -0.382470995188
    outer loop
      vertex 159.802947998 145.901641846 7.19720029831
      vertex 159.346221924 145.901641846 8.34353256226
      vertex 160.222076416 147.015640259 7.39110422134
    endloop
  endfacet
  facet normal -0.764758050442 -0.518520355225 -0.382467955351
    outer loop
      vertex 160.380950928 145.901641846 6.10697078705
      vertex 160.776657104 147.015640259 6.34505224228
      vertex 161.441085815 147.015640259 5.36509275436
    endloop
  endfacet
  facet normal -0.816337287426 -0.432794928551 -0.382468283176
    outer loop
      vertex 160.380950928 145.901641846 6.10697078705
      vertex 159.802947998 145.901641846 7.19720029831
      vertex 160.776657104 147.015640259 6.34505224228
    endloop
  endfacet
  facet normal -0.70421731472 -0.598159611225 -0.38246974349
    outer loop
      vertex 161.073440552 145.901641846 5.0856256485
      vertex 161.441085815 147.015640259 5.36509275436
      vertex 162.207565308 147.015640259 4.4627161026
    endloop
  endfacet
  facet normal -0.764758646488 -0.51851785183 -0.382470190525
    outer loop
      vertex 161.073440552 145.901641846 5.0856256485
      vertex 160.380950928 145.901641846 6.10697078705
      vertex 161.441085815 147.015640259 5.36509275436
    endloop
  endfacet
  facet normal -0.635410308838 -0.670803904533 -0.382460296154
    outer loop
      vertex 161.872314453 145.901641846 4.14513921738
      vertex 162.207565308 147.015640259 4.4627161026
      vertex 163.067138672 147.015640259 3.64850068092
    endloop
  endfacet
  facet normal -0.704213619232 -0.598169982433 -0.382460236549
    outer loop
      vertex 161.872314453 145.901641846 4.14513921738
      vertex 161.073440552 145.901641846 5.0856256485
      vertex 162.207565308 147.015640259 4.4627161026
    endloop
  endfacet
  facet normal -0.559167921543 -0.735564410686 -0.382460802794
    outer loop
      vertex 162.768173218 145.901641846 3.29653692245
      vertex 163.067138672 147.015640259 3.64850068092
      vertex 164.009674072 147.015640259 2.9319934845
    endloop
  endfacet
  facet normal -0.635410428047 -0.67080360651 -0.382460564375
    outer loop
      vertex 162.768173218 145.901641846 3.29653692245
      vertex 161.872314453 145.901641846 4.14513921738
      vertex 163.067138672 147.015640259 3.64850068092
    endloop
  endfacet
  facet normal -0.476353794336 -0.791712164879 -0.382464230061
    outer loop
      vertex 163.750518799 145.901641846 2.54976892471
      vertex 164.009674072 147.015640259 2.9319934845
      vertex 165.024169922 147.015640259 2.32159304619
    endloop
  endfacet
  facet normal -0.559170007706 -0.735561013222 -0.382464259863
    outer loop
      vertex 163.750518799 145.901641846 2.54976892471
      vertex 162.768173218 145.901641846 3.29653692245
      vertex 164.009674072 147.015640259 2.9319934845
    endloop
  endfacet
  facet normal -0.387962460518 -0.838573157787 -0.382465898991
    outer loop
      vertex 164.807861328 145.901641846 1.91358852386
      vertex 165.024169922 147.015640259 2.32159304619
      vertex 166.098724365 147.015640259 1.824457407
    endloop
  endfacet
  facet normal -0.476355314255 -0.791710197926 -0.382466375828
    outer loop
      vertex 164.807861328 145.901641846 1.91358852386
      vertex 163.750518799 145.901641846 2.54976892471
      vertex 165.024169922 147.015640259 2.32159304619
    endloop
  endfacet
  facet normal -0.295028328896 -0.875601708889 -0.382465541363
    outer loop
      vertex 165.927780151 145.901641846 1.39545810223
      vertex 166.098724365 147.015640259 1.824457407
      vertex 167.220703125 147.015640259 1.44641292095
    endloop
  endfacet
  facet normal -0.387962639332 -0.838572978973 -0.382466107607
    outer loop
      vertex 165.927780151 145.901641846 1.39545810223
      vertex 164.807861328 145.901641846 1.91358852386
      vertex 166.098724365 147.015640259 1.824457407
    endloop
  endfacet
  facet normal -0.198624625802 -0.902369499207 -0.382462501526
    outer loop
      vertex 167.097167969 145.901641846 1.00144910812
      vertex 167.220703125 147.015640259 1.44641292095
      vertex 168.376998901 147.015640259 1.19189524651
    endloop
  endfacet
  facet normal -0.295025616884 -0.875603973866 -0.382462501526
    outer loop
      vertex 167.097167969 145.901641846 1.00144910812
      vertex 165.927780151 145.901641846 1.39545810223
      vertex 167.220703125 147.015640259 1.44641292095
    endloop
  endfacet
  facet normal -0.0998993292451 -0.918554008007 -0.382463872433
    outer loop
      vertex 168.30229187 145.901641846 0.736181139946
      vertex 168.376998901 147.015640259 1.19189524651
      vertex 169.554031372 147.015640259 1.06388485432
    endloop
  endfacet
  facet normal -0.198626250029 -0.902368426323 -0.382464170456
    outer loop
      vertex 168.30229187 145.901641846 0.736181139946
      vertex 167.097167969 145.901641846 1.00144910812
      vertex 168.376998901 147.015640259 1.19189524651
    endloop
  endfacet
  facet normal 4.00352074666e-17 -0.923970580101 -0.382463604212
    outer loop
      vertex 169.529022217 145.901641846 0.602764427662
      vertex 169.554031372 147.015640259 1.06388485432
      vertex 170.737991333 147.015640259 1.06388485432
    endloop
  endfacet
  facet normal -0.0999000966549 -0.918553650379 -0.382464617491
    outer loop
      vertex 169.529022217 145.901641846 0.602764427662
      vertex 168.30229187 145.901641846 0.736181139946
      vertex 169.554031372 147.015640259 1.06388485432
    endloop
  endfacet
  facet normal 0.0998993590474 -0.91855430603 -0.382463127375
    outer loop
      vertex 170.763000488 145.901641846 0.602764427662
      vertex 170.737991333 147.015640259 1.06388485432
      vertex 171.915023804 147.015640259 1.19189524651
    endloop
  endfacet
  facet normal -0 -0.923970580101 -0.382463604212
    outer loop
      vertex 170.763000488 145.901641846 0.602764427662
      vertex 169.529022217 145.901641846 0.602764427662
      vertex 170.737991333 147.015640259 1.06388485432
    endloop
  endfacet
  facet normal 0.198627889156 -0.902369320393 -0.382461220026
    outer loop
      vertex 171.989715576 145.901641846 0.736181139946
      vertex 171.915023804 147.015640259 1.19189524651
      vertex 173.071304321 147.015640259 1.44641292095
    endloop
  endfacet
  facet normal 0.0999001860619 -0.918554544449 -0.382462412119
    outer loop
      vertex 171.989715576 145.901641846 0.736181139946
      vertex 170.763000488 145.901641846 0.602764427662
      vertex 171.915023804 147.015640259 1.19189524651
    endloop
  endfacet
  facet normal 0.295022189617 -0.875603199005 -0.382466882467
    outer loop
      vertex 173.194869995 145.901641846 1.00144910812
      vertex 173.071304321 147.015640259 1.44641292095
      vertex 174.19329834 147.015640259 1.82445538044
    endloop
  endfacet
  facet normal 0.198623105884 -0.902368605137 -0.382465392351
    outer loop
      vertex 173.194869995 145.901641846 1.00144910812
      vertex 171.989715576 145.901641846 0.736181139946
      vertex 173.071304321 147.015640259 1.44641292095
    endloop
  endfacet
  facet normal 0.387963861227 -0.838572740555 -0.382465422153
    outer loop
      vertex 174.364242554 145.901641846 1.39545702934
      vertex 174.19329834 147.015640259 1.82445538044
      vertex 175.267852783 147.015640259 2.32159304619
    endloop
  endfacet
  facet normal 0.295024633408 -0.875603318214 -0.382464766502
    outer loop
      vertex 174.364242554 145.901641846 1.39545702934
      vertex 173.194869995 145.901641846 1.00144910812
      vertex 174.19329834 147.015640259 1.82445538044
    endloop
  endfacet
  facet normal 0.476352721453 -0.791711747646 -0.382466435432
    outer loop
      vertex 175.484176636 145.901641846 1.91358852386
      vertex 175.267852783 147.015640259 2.32159304619
      vertex 176.282348633 147.015640259 2.93199253082
    endloop
  endfacet
  facet normal 0.387963294983 -0.838572800159 -0.382465928793
    outer loop
      vertex 175.484176636 145.901641846 1.91358852386
      vertex 174.364242554 145.901641846 1.39545702934
      vertex 175.267852783 147.015640259 2.32159304619
    endloop
  endfacet
  facet normal 0.559167683125 -0.73556303978 -0.382463753223
    outer loop
      vertex 176.541519165 145.901641846 2.54976892471
      vertex 176.282348633 147.015640259 2.93199253082
      vertex 177.224899292 147.015640259 3.64850068092
    endloop
  endfacet
  facet normal 0.476355910301 -0.791711211205 -0.382463634014
    outer loop
      vertex 176.541519165 145.901641846 2.54976892471
      vertex 175.484176636 145.901641846 1.91358852386
      vertex 176.282348633 147.015640259 2.93199253082
    endloop
  endfacet
  facet normal 0.635410249233 -0.670803785324 -0.382460564375
    outer loop
      vertex 177.523849487 145.901641846 3.29653692245
      vertex 177.224899292 147.015640259 3.64850068092
      vertex 178.084457397 147.015640259 4.4627161026
    endloop
  endfacet
  facet normal 0.559170901775 -0.735562086105 -0.382460862398
    outer loop
      vertex 177.523849487 145.901641846 3.29653692245
      vertex 176.541519165 145.901641846 2.54976892471
      vertex 177.224899292 147.015640259 3.64850068092
    endloop
  endfacet
  facet normal 0.704225301743 -0.598159611225 -0.382454931736
    outer loop
      vertex 178.419708252 145.901641846 4.14513874054
      vertex 178.084457397 147.015640259 4.4627161026
      vertex 178.85093689 147.015640259 5.36509227753
    endloop
  endfacet
  facet normal 0.635415196419 -0.670801758766 -0.382455915213
    outer loop
      vertex 178.419708252 145.901641846 4.14513874054
      vertex 177.523849487 145.901641846 3.29653692245
      vertex 178.084457397 147.015640259 4.4627161026
    endloop
  endfacet
  facet normal 0.764757394791 -0.518520116806 -0.382469624281
    outer loop
      vertex 179.218566895 145.901641846 5.08562517166
      vertex 178.85093689 147.015640259 5.36509227753
      vertex 179.515365601 147.015640259 6.3450512886
    endloop
  endfacet
  facet normal 0.704211056232 -0.598167419434 -0.382468998432
    outer loop
      vertex 179.218566895 145.901641846 5.08562517166
      vertex 178.419708252 145.901641846 4.14513874054
      vertex 178.85093689 147.015640259 5.36509227753
    endloop
  endfacet
  facet normal 0.816335976124 -0.432798057795 -0.382467538118
    outer loop
      vertex 179.911056519 145.901641846 6.10697031021
      vertex 179.515365601 147.015640259 6.3450512886
      vertex 180.069946289 147.015640259 7.39110326767
    endloop
  endfacet
  facet normal 0.764759659767 -0.518518507481 -0.38246718049
    outer loop
      vertex 179.911056519 145.901641846 6.10697031021
      vertex 179.218566895 145.901641846 5.08562517166
      vertex 179.515365601 147.015640259 6.3450512886
    endloop
  endfacet
  facet normal 0.858344256878 -0.341995596886 -0.382471054792
    outer loop
      vertex 180.489074707 145.901641846 7.19720029831
      vertex 180.069946289 147.015640259 7.39110326767
      vertex 180.508178711 147.015640259 8.49098300934
    endloop
  endfacet
  facet normal 0.816333413124 -0.432800322771 -0.382470518351
    outer loop
      vertex 180.489074707 145.901641846 7.19720029831
      vertex 179.911056519 145.901641846 6.10697031021
      vertex 180.069946289 147.015640259 7.39110326767
    endloop
  endfacet
  facet normal 0.890289902687 -0.247186586261 -0.382469177246
    outer loop
      vertex 180.94581604 145.901641846 8.34353160858
      vertex 180.508178711 147.015640259 8.49098300934
      vertex 180.824920654 147.015640259 9.63179779053
    endloop
  endfacet
  facet normal 0.858345866203 -0.341993868351 -0.382468998432
    outer loop
      vertex 180.94581604 145.901641846 8.34353160858
      vertex 180.489074707 145.901641846 7.19720029831
      vertex 180.508178711 147.015640259 8.49098300934
    endloop
  endfacet
  facet normal 0.911799967289 -0.149473637342 -0.382463663816
    outer loop
      vertex 181.275924683 145.901641846 9.53252601624
      vertex 180.824920654 147.015640259 9.63179779053
      vertex 181.016464233 147.015640259 10.8001708984
    endloop
  endfacet
  facet normal 0.89029353857 -0.247181653976 -0.382463872433
    outer loop
      vertex 181.275924683 145.901641846 9.53252601624
      vertex 180.94581604 145.901641846 8.34353160858
      vertex 180.824920654 147.015640259 9.63179779053
    endloop
  endfacet
  facet normal 0.922611832619 -0.050035558641 -0.382470726967
    outer loop
      vertex 181.47555542 145.901641846 10.7502412796
      vertex 181.016464233 147.015640259 10.8001708984
      vertex 181.080566406 147.015640259 11.9824047089
    endloop
  endfacet
  facet normal 0.911796033382 -0.149480357766 -0.382470399141
    outer loop
      vertex 181.47555542 145.901641846 10.7502412796
      vertex 181.275924683 145.901641846 9.53252601624
      vertex 181.016464233 147.015640259 10.8001708984
    endloop
  endfacet
  facet normal 0.922616541386 -0.0500250868499 -0.382460802794
    outer loop
      vertex 181.542373657 145.901641846 11.9824047089
      vertex 181.47555542 145.901641846 10.7502412796
      vertex 181.080566406 147.015640259 11.9824047089
    endloop
  endfacet
  facet normal 0.922616004944 0.0500358380377 -0.382460594177
    outer loop
      vertex 181.016464233 147.015640259 13.1646385193
      vertex 181.542373657 145.901641846 11.9824047089
      vertex 181.080566406 147.015640259 11.9824047089
    endloop
  endfacet
  facet normal 0.874056041241 0.0474023073912 -0.483507066965
    outer loop
      vertex 181.016464233 147.015640259 13.1646385193
      vertex 181.080566406 147.015640259 11.9824047089
      vertex 180.436157227 148.070861816 13.1015253067
    endloop
  endfacet
  facet normal -0.959570109844 -0.0520287975669 -0.276619166136
    outer loop
      vertex 158.415618896 144.742904663 11.9824047089
      vertex 158.749664307 145.901641846 11.9824047089
      vertex 158.816467285 145.901641846 10.750243187
    endloop
  endfacet
  facet normal -0.959570169449 0.0520276576281 -0.276619195938
    outer loop
      vertex 158.484390259 144.742904663 13.2506828308
      vertex 158.749664307 145.901641846 11.9824047089
      vertex 158.415618896 144.742904663 11.9824047089
    endloop
  endfacet
  facet normal -0.959569811821 0.0520287267864 -0.276620268822
    outer loop
      vertex 158.484390259 144.742904663 13.2506828308
      vertex 158.816467285 145.901641846 13.2145681381
      vertex 158.749664307 145.901641846 11.9824047089
    endloop
  endfacet
  facet normal -0.948321163654 -0.155460983515 -0.276620417833
    outer loop
      vertex 158.484390259 144.742904663 10.7141265869
      vertex 158.816467285 145.901641846 10.750243187
      vertex 159.016098022 145.901641846 9.53252601624
    endloop
  endfacet
  facet normal -0.959569871426 -0.0520276390016 -0.276620298624
    outer loop
      vertex 158.484390259 144.742904663 10.7141265869
      vertex 158.415618896 144.742904663 11.9824047089
      vertex 158.816467285 145.901641846 10.750243187
    endloop
  endfacet
  facet normal -0.925949692726 -0.257096529007 -0.276619791985
    outer loop
      vertex 158.689865112 144.742904663 9.46071815491
      vertex 159.016098022 145.901641846 9.53252601624
      vertex 159.346221924 145.901641846 8.34353256226
    endloop
  endfacet
  facet normal -0.948321223259 -0.155461594462 -0.276619821787
    outer loop
      vertex 158.689865112 144.742904663 9.46071815491
      vertex 158.484390259 144.742904663 10.7141265869
      vertex 159.016098022 145.901641846 9.53252601624
    endloop
  endfacet
  facet normal -0.892731547356 -0.355686068535 -0.276618480682
    outer loop
      vertex 159.029678345 144.742904663 8.23687362671
      vertex 159.346221924 145.901641846 8.34353256226
      vertex 159.802947998 145.901641846 7.19720029831
    endloop
  endfacet
  facet normal -0.925949752331 -0.257097929716 -0.276618421078
    outer loop
      vertex 159.029678345 144.742904663 8.23687362671
      vertex 158.689865112 144.742904663 9.46071815491
      vertex 159.346221924 145.901641846 8.34353256226
    endloop
  endfacet
  facet normal -0.849039196968 -0.450132399797 -0.276610404253
    outer loop
      vertex 159.499801636 144.742904663 7.05694246292
      vertex 159.802947998 145.901641846 7.19720029831
      vertex 160.380950928 145.901641846 6.10697078705
    endloop
  endfacet
  facet normal -0.892730712891 -0.35569486022 -0.276610016823
    outer loop
      vertex 159.499801636 144.742904663 7.05694246292
      vertex 159.029678345 144.742904663 8.23687362671
      vertex 159.802947998 145.901641846 7.19720029831
    endloop
  endfacet
  facet normal -0.795393884182 -0.53928899765 -0.276615083218
    outer loop
      vertex 160.094741821 144.742904663 5.9347577095
      vertex 160.380950928 145.901641846 6.10697078705
      vertex 161.073440552 145.901641846 5.0856256485
    endloop
  endfacet
  facet normal -0.849040091038 -0.450127899647 -0.276614785194
    outer loop
      vertex 160.094741821 144.742904663 5.9347577095
      vertex 159.499801636 144.742904663 7.05694246292
      vertex 160.380950928 145.901641846 6.10697078705
    endloop
  endfacet
  facet normal -0.732420086861 -0.62212896347 -0.276615828276
    outer loop
      vertex 160.807525635 144.742904663 4.88347530365
      vertex 161.073440552 145.901641846 5.0856256485
      vertex 161.872314453 145.901641846 4.14513921738
    endloop
  endfacet
  facet normal -0.795394062996 -0.539288461208 -0.276615589857
    outer loop
      vertex 160.807525635 144.742904663 4.88347530365
      vertex 160.094741821 144.742904663 5.9347577095
      vertex 161.073440552 145.901641846 5.0856256485
    endloop
  endfacet
  facet normal -0.660862147808 -0.697673022747 -0.276610851288
    outer loop
      vertex 161.629821777 144.742904663 3.91542243958
      vertex 161.872314453 145.901641846 4.14513921738
      vertex 162.768173218 145.901641846 3.29653692245
    endloop
  endfacet
  facet normal -0.732417702675 -0.622134327888 -0.276610225439
    outer loop
      vertex 161.629821777 144.742904663 3.91542243958
      vertex 160.807525635 144.742904663 4.88347530365
      vertex 161.872314453 145.901641846 4.14513921738
    endloop
  endfacet
  facet normal -0.581566870213 -0.765022993088 -0.276622146368
    outer loop
      vertex 162.551925659 144.742904663 3.04194760323
      vertex 162.768173218 145.901641846 3.29653692245
      vertex 163.750518799 145.901641846 2.54976892471
    endloop
  endfacet
  facet normal -0.660868287086 -0.697662591934 -0.276622444391
    outer loop
      vertex 162.551925659 144.742904663 3.04194760323
      vertex 161.629821777 144.742904663 3.91542243958
      vertex 162.768173218 145.901641846 3.29653692245
    endloop
  endfacet
  facet normal -0.495436757803 -0.823423862457 -0.276614516973
    outer loop
      vertex 163.563064575 144.742904663 2.27329063416
      vertex 163.750518799 145.901641846 2.54976892471
      vertex 164.807861328 145.901641846 1.91358852386
    endloop
  endfacet
  facet normal -0.581561684608 -0.765029966831 -0.276613801718
    outer loop
      vertex 163.563064575 144.742904663 2.27329063416
      vertex 162.551925659 144.742904663 3.04194760323
      vertex 163.750518799 145.901641846 2.54976892471
    endloop
  endfacet
  facet normal -0.403502941132 -0.872163057327 -0.276617050171
    outer loop
      vertex 164.651397705 144.742904663 1.61846470833
      vertex 164.807861328 145.901641846 1.91358852386
      vertex 165.927780151 145.901641846 1.39545810223
    endloop
  endfacet
  facet normal -0.495438426733 -0.823422014713 -0.276616901159
    outer loop
      vertex 164.651397705 144.742904663 1.61846470833
      vertex 163.563064575 144.742904663 2.27329063416
      vertex 164.807861328 145.901641846 1.91358852386
    endloop
  endfacet
  facet normal -0.306842565536 -0.910675406456 -0.276618719101
    outer loop
      vertex 165.804153442 144.742904663 1.08514630795
      vertex 165.927780151 145.901641846 1.39545810223
      vertex 167.097167969 145.901641846 1.00144910812
    endloop
  endfacet
  facet normal -0.403504282236 -0.872161924839 -0.276618719101
    outer loop
      vertex 165.804153442 144.742904663 1.08514630795
      vertex 164.651397705 144.742904663 1.61846470833
      vertex 165.927780151 145.901641846 1.39545810223
    endloop
  endfacet
  facet normal -0.206582158804 -0.938512504101 -0.276618987322
    outer loop
      vertex 167.007797241 144.742904663 0.679588019848
      vertex 167.097167969 145.901641846 1.00144910812
      vertex 168.30229187 145.901641846 0.736181139946
    endloop
  endfacet
  facet normal -0.30684274435 -0.910675287247 -0.276618927717
    outer loop
      vertex 167.007797241 144.742904663 0.679588019848
      vertex 165.804153442 144.742904663 1.08514630795
      vertex 167.097167969 145.901641846 1.00144910812
    endloop
  endfacet
  facet normal -0.103901587427 -0.955346286297 -0.27661883831
    outer loop
      vertex 168.248245239 144.742904663 0.406545221806
      vertex 168.30229187 145.901641846 0.736181139946
      vertex 169.529022217 145.901641846 0.602764427662
    endloop
  endfacet
  facet normal -0.206581935287 -0.93851262331 -0.276618748903
    outer loop
      vertex 168.248245239 144.742904663 0.406545221806
      vertex 167.007797241 144.742904663 0.679588019848
      vertex 168.30229187 145.901641846 0.736181139946
    endloop
  endfacet
  facet normal 0 -0.960979759693 -0.276618778706
    outer loop
      vertex 169.510940552 144.742904663 0.269218116999
      vertex 169.529022217 145.901641846 0.602764427662
      vertex 170.763000488 145.901641846 0.602764427662
    endloop
  endfacet
  facet normal -0.103901013732 -0.955346524715 -0.276618242264
    outer loop
      vertex 169.510940552 144.742904663 0.269218116999
      vertex 168.248245239 144.742904663 0.406545221806
      vertex 169.529022217 145.901641846 0.602764427662
    endloop
  endfacet
  facet normal 0.103901602328 -0.955346465111 -0.276618212461
    outer loop
      vertex 170.781066895 144.742904663 0.269218116999
      vertex 170.763000488 145.901641846 0.602764427662
      vertex 171.989715576 145.901641846 0.736181139946
    endloop
  endfacet
  facet normal -0 -0.960979759693 -0.276618778706
    outer loop
      vertex 170.781066895 144.742904663 0.269218116999
      vertex 169.510940552 144.742904663 0.269218116999
      vertex 170.763000488 145.901641846 0.602764427662
    endloop
  endfacet
  facet normal 0.206578820944 -0.938512384892 -0.276621967554
    outer loop
      vertex 172.043777466 144.742904663 0.406545221806
      vertex 171.989715576 145.901641846 0.736181139946
      vertex 173.194869995 145.901641846 1.00144910812
    endloop
  endfacet
  facet normal 0.103899374604 -0.955346047878 -0.276620388031
    outer loop
      vertex 172.043777466 144.742904663 0.406545221806
      vertex 170.781066895 144.742904663 0.269218116999
      vertex 171.989715576 145.901641846 0.736181139946
    endloop
  endfacet
  facet normal 0.306842267513 -0.910676896572 -0.276614189148
    outer loop
      vertex 173.284210205 144.742904663 0.679588019848
      vertex 173.194869995 145.901641846 1.00144910812
      vertex 174.364242554 145.901641846 1.39545702934
    endloop
  endfacet
  facet normal 0.206585198641 -0.938512802124 -0.276615858078
    outer loop
      vertex 173.284210205 144.742904663 0.679588019848
      vertex 172.043777466 144.742904663 0.406545221806
      vertex 173.194869995 145.901641846 1.00144910812
    endloop
  endfacet
  facet normal 0.403503477573 -0.872162461281 -0.276618033648
    outer loop
      vertex 174.487884521 144.742904663 1.08514630795
      vertex 174.364242554 145.901641846 1.39545702934
      vertex 175.484176636 145.901641846 1.91358852386
    endloop
  endfacet
  facet normal 0.306838393211 -0.910677075386 -0.276617914438
    outer loop
      vertex 174.487884521 144.742904663 1.08514630795
      vertex 173.284210205 144.742904663 0.679588019848
      vertex 174.364242554 145.901641846 1.39545702934
    endloop
  endfacet
  facet normal 0.495436400175 -0.823423266411 -0.276616930962
    outer loop
      vertex 175.640640259 144.742904663 1.61846470833
      vertex 175.484176636 145.901641846 1.91358852386
      vertex 176.541519165 145.901641846 2.54976892471
    endloop
  endfacet
  facet normal 0.403504490852 -0.872162342072 -0.276617050171
    outer loop
      vertex 175.640640259 144.742904663 1.61846470833
      vertex 174.487884521 144.742904663 1.08514630795
      vertex 175.484176636 145.901641846 1.91358852386
    endloop
  endfacet
  facet normal 0.581568241119 -0.765024781227 -0.276614308357
    outer loop
      vertex 176.72895813 144.742904663 2.27328968048
      vertex 176.541519165 145.901641846 2.54976892471
      vertex 177.523849487 145.901641846 3.29653692245
    endloop
  endfacet
  facet normal 0.49543812871 -0.823422789574 -0.276615232229
    outer loop
      vertex 176.72895813 144.742904663 2.27328968048
      vertex 175.640640259 144.742904663 1.61846470833
      vertex 176.541519165 145.901641846 2.54976892471
    endloop
  endfacet
  facet normal 0.660865306854 -0.69766920805 -0.276612907648
    outer loop
      vertex 177.740081787 144.742904663 3.04194664955
      vertex 177.523849487 145.901641846 3.29653692245
      vertex 178.419708252 145.901641846 4.14513874054
    endloop
  endfacet
  facet normal 0.581568777561 -0.765024602413 -0.276613771915
    outer loop
      vertex 177.740081787 144.742904663 3.04194664955
      vertex 176.72895813 144.742904663 2.27328968048
      vertex 177.523849487 145.901641846 3.29653692245
    endloop
  endfacet
  facet normal 0.732419133186 -0.622127711773 -0.276621222496
    outer loop
      vertex 178.662231445 144.742904663 3.91542243958
      vertex 178.419708252 145.901641846 4.14513874054
      vertex 179.218566895 145.901641846 5.08562517166
    endloop
  endfacet
  facet normal 0.660858035088 -0.697672963142 -0.276620745659
    outer loop
      vertex 178.662231445 144.742904663 3.91542243958
      vertex 177.740081787 144.742904663 3.04194664955
      vertex 178.419708252 145.901641846 4.14513874054
    endloop
  endfacet
  facet normal 0.795393705368 -0.539288818836 -0.276616036892
    outer loop
      vertex 179.48449707 144.742904663 4.88347530365
      vertex 179.218566895 145.901641846 5.08562517166
      vertex 179.911056519 145.901641846 6.10697031021
    endloop
  endfacet
  facet normal 0.732423424721 -0.62212485075 -0.276616245508
    outer loop
      vertex 179.48449707 144.742904663 4.88347530365
      vertex 178.662231445 144.742904663 3.91542243958
      vertex 179.218566895 145.901641846 5.08562517166
    endloop
  endfacet
  facet normal 0.849033117294 -0.45013692975 -0.276621699333
    outer loop
      vertex 180.197280884 144.742904663 5.9347577095
      vertex 179.911056519 145.901641846 6.10697031021
      vertex 180.489074707 145.901641846 7.19720029831
    endloop
  endfacet
  facet normal 0.795389533043 -0.53929233551 -0.276621252298
    outer loop
      vertex 180.197280884 144.742904663 5.9347577095
      vertex 179.48449707 144.742904663 4.88347530365
      vertex 179.911056519 145.901641846 6.10697031021
    endloop
  endfacet
  facet normal 0.892732918262 -0.355694800615 -0.276602894068
    outer loop
      vertex 180.792221069 144.742904663 7.05694198608
      vertex 180.489074707 145.901641846 7.19720029831
      vertex 180.94581604 145.901641846 8.34353160858
    endloop
  endfacet
  facet normal 0.849045991898 -0.450123518705 -0.276603847742
    outer loop
      vertex 180.792221069 144.742904663 7.05694198608
      vertex 180.197280884 144.742904663 5.9347577095
      vertex 180.489074707 145.901641846 7.19720029831
    endloop
  endfacet
  facet normal 0.925958096981 -0.257083594799 -0.276603728533
    outer loop
      vertex 181.26234436 144.742904663 8.23687362671
      vertex 180.94581604 145.901641846 8.34353160858
      vertex 181.275924683 145.901641846 9.53252601624
    endloop
  endfacet
  facet normal 0.892732024193 -0.355695992708 -0.276604324579
    outer loop
      vertex 181.26234436 144.742904663 8.23687362671
      vertex 180.792221069 144.742904663 7.05694198608
      vertex 180.94581604 145.901641846 8.34353160858
    endloop
  endfacet
  facet normal 0.948318183422 -0.155467808247 -0.276626884937
    outer loop
      vertex 181.602157593 144.742904663 9.46071815491
      vertex 181.275924683 145.901641846 9.53252601624
      vertex 181.47555542 145.901641846 10.7502412796
    endloop
  endfacet
  facet normal 0.925945699215 -0.257103770971 -0.276626437902
    outer loop
      vertex 181.602157593 144.742904663 9.46071815491
      vertex 181.26234436 144.742904663 8.23687362671
      vertex 181.275924683 145.901641846 9.53252601624
    endloop
  endfacet
  facet normal 0.959567785263 -0.052028618753 -0.27662730217
    outer loop
      vertex 181.807647705 144.742904663 10.7141265869
      vertex 181.47555542 145.901641846 10.7502412796
      vertex 181.542373657 145.901641846 11.9824047089
    endloop
  endfacet
  facet normal 0.948318064213 -0.155468031764 -0.276627123356
    outer loop
      vertex 181.807647705 144.742904663 10.7141265869
      vertex 181.602157593 144.742904663 9.46071815491
      vertex 181.47555542 145.901641846 10.7502412796
    endloop
  endfacet
  facet normal 0.959572911263 -0.0520138889551 -0.276612341404
    outer loop
      vertex 181.87638855 144.742904663 11.9824047089
      vertex 181.807647705 144.742904663 10.7141265869
      vertex 181.542373657 145.901641846 11.9824047089
    endloop
  endfacet
  facet normal 0.959572136402 0.0520289093256 -0.276612132788
    outer loop
      vertex 181.47555542 145.901641846 13.2145671844
      vertex 181.87638855 144.742904663 11.9824047089
      vertex 181.542373657 145.901641846 11.9824047089
    endloop
  endfacet
  facet normal 0.92261248827 0.0500249192119 -0.382470518351
    outer loop
      vertex 181.47555542 145.901641846 13.2145671844
      vertex 181.542373657 145.901641846 11.9824047089
      vertex 181.016464233 147.015640259 13.1646385193
    endloop
  endfacet
  facet normal -0.984454572201 -0.0533768832684 -0.167332470417
    outer loop
      vertex 158.213546753 143.554046631 11.9824047089
      vertex 158.415618896 144.742904663 11.9824047089
      vertex 158.484390259 144.742904663 10.7141265869
    endloop
  endfacet
  facet normal -0.984453856945 0.0533898957074 -0.167332351208
    outer loop
      vertex 158.28352356 143.554046631 13.2725296021
      vertex 158.415618896 144.742904663 11.9824047089
      vertex 158.213546753 143.554046631 11.9824047089
    endloop
  endfacet
  facet normal -0.984456896782 0.0533770099282 -0.167318701744
    outer loop
      vertex 158.28352356 143.554046631 13.2725296021
      vertex 158.484390259 144.742904663 13.2506828308
      vertex 158.415618896 144.742904663 11.9824047089
    endloop
  endfacet
  facet normal -0.972916305065 -0.159493565559 -0.167318955064
    outer loop
      vertex 158.28352356 143.554046631 10.692278862
      vertex 158.484390259 144.742904663 10.7141265869
      vertex 158.689865112 144.742904663 9.46071815491
    endloop
  endfacet
  facet normal -0.984456121922 -0.0533899702132 -0.167318865657
    outer loop
      vertex 158.28352356 143.554046631 10.692278862
      vertex 158.213546753 143.554046631 11.9824047089
      vertex 158.484390259 144.742904663 10.7141265869
    endloop
  endfacet
  facet normal -0.94996380806 -0.263765662909 -0.167321428657
    outer loop
      vertex 158.492523193 143.554046631 9.41727924347
      vertex 158.689865112 144.742904663 9.46071815491
      vertex 159.029678345 144.742904663 8.23687362671
    endloop
  endfacet
  facet normal -0.972916305065 -0.159491285682 -0.167321309447
    outer loop
      vertex 158.492523193 143.554046631 9.41727924347
      vertex 158.28352356 143.554046631 10.692278862
      vertex 158.689865112 144.742904663 9.46071815491
    endloop
  endfacet
  facet normal -0.915879547596 -0.364918142557 -0.167330354452
    outer loop
      vertex 158.838180542 143.554046631 8.17235374451
      vertex 159.029678345 144.742904663 8.23687362671
      vertex 159.499801636 144.742904663 7.05694246292
    endloop
  endfacet
  facet normal -0.949964642525 -0.263756871223 -0.167330548167
    outer loop
      vertex 158.838180542 143.554046631 8.17235374451
      vertex 158.492523193 143.554046631 9.41727924347
      vertex 159.029678345 144.742904663 8.23687362671
    endloop
  endfacet
  facet normal -0.871057450771 -0.461800664663 -0.167329087853
    outer loop
      vertex 159.31640625 143.554046631 6.97209739685
      vertex 159.499801636 144.742904663 7.05694246292
      vertex 160.094741821 144.742904663 5.9347577095
    endloop
  endfacet
  facet normal -0.915879309177 -0.364919185638 -0.167329266667
    outer loop
      vertex 159.31640625 143.554046631 6.97209739685
      vertex 158.838180542 143.554046631 8.17235374451
      vertex 159.499801636 144.742904663 7.05694246292
    endloop
  endfacet
  facet normal -0.816022455692 -0.553274810314 -0.16731493175
    outer loop
      vertex 159.921615601 143.554046631 5.83058214188
      vertex 160.094741821 144.742904663 5.9347577095
      vertex 160.807525635 144.742904663 4.88347530365
    endloop
  endfacet
  facet normal -0.871053099632 -0.461814254522 -0.167314365506
    outer loop
      vertex 159.921615601 143.554046631 5.83058214188
      vertex 159.31640625 143.554046631 6.97209739685
      vertex 160.094741821 144.742904663 5.9347577095
    endloop
  endfacet
  facet normal -0.751411259174 -0.638267934322 -0.167317524552
    outer loop
      vertex 160.64666748 143.554046631 4.76119089127
      vertex 160.807525635 144.742904663 4.88347530365
      vertex 161.629821777 144.742904663 3.91542243958
    endloop
  endfacet
  facet normal -0.816023290157 -0.55327296257 -0.167317032814
    outer loop
      vertex 160.64666748 143.554046631 4.76119089127
      vertex 159.921615601 143.554046631 5.83058214188
      vertex 160.807525635 144.742904663 4.88347530365
    endloop
  endfacet
  facet normal -0.678006827831 -0.715755283833 -0.167335227132
    outer loop
      vertex 161.483093262 143.554046631 3.77646183968
      vertex 161.629821777 144.742904663 3.91542243958
      vertex 162.551925659 144.742904663 3.04194760323
    endloop
  endfacet
  facet normal -0.75142043829 -0.638252258301 -0.16733622551
    outer loop
      vertex 161.483093262 143.554046631 3.77646183968
      vertex 160.64666748 143.554046631 4.76119089127
      vertex 161.629821777 144.742904663 3.91542243958
    endloop
  endfacet
  facet normal -0.596642792225 -0.784868836403 -0.16732698679
    outer loop
      vertex 162.421096802 143.554046631 2.88794088364
      vertex 162.551925659 144.742904663 3.04194760323
      vertex 163.563064575 144.742904663 2.27329063416
    endloop
  endfacet
  facet normal -0.678002238274 -0.715761482716 -0.167327269912
    outer loop
      vertex 162.421096802 143.554046631 2.88794088364
      vertex 161.483093262 143.554046631 3.77646183968
      vertex 162.551925659 144.742904663 3.04194760323
    endloop
  endfacet
  facet normal -0.508287131786 -0.844776690006 -0.167321741581
    outer loop
      vertex 163.449676514 143.554046631 2.10604333878
      vertex 163.563064575 144.742904663 2.27329063416
      vertex 164.651397705 144.742904663 1.61846470833
    endloop
  endfacet
  facet normal -0.596639037132 -0.784872889519 -0.167321264744
    outer loop
      vertex 163.449676514 143.554046631 2.10604333878
      vertex 162.421096802 143.554046631 2.88794088364
      vertex 163.563064575 144.742904663 2.27329063416
    endloop
  endfacet
  facet normal -0.413968682289 -0.894780397415 -0.167325824499
    outer loop
      vertex 164.556747437 143.554046631 1.43993782997
      vertex 164.651397705 144.742904663 1.61846470833
      vertex 165.804153442 144.742904663 1.08514630795
    endloop
  endfacet
  facet normal -0.508290350437 -0.844773888588 -0.167326122522
    outer loop
      vertex 164.556747437 143.554046631 1.43993782997
      vertex 163.449676514 143.554046631 2.10604333878
      vertex 164.651397705 144.742904663 1.61846470833
    endloop
  endfacet
  facet normal -0.314800411463 -0.934292733669 -0.167325288057
    outer loop
      vertex 165.729354858 143.554046631 0.897431492805
      vertex 165.804153442 144.742904663 1.08514630795
      vertex 167.007797241 144.742904663 0.679588019848
    endloop
  endfacet
  facet normal -0.413968265057 -0.894780695438 -0.167325288057
    outer loop
      vertex 165.729354858 143.554046631 0.897431492805
      vertex 164.556747437 143.554046631 1.43993782997
      vertex 165.804153442 144.742904663 1.08514630795
    endloop
  endfacet
  facet normal -0.211939454079 -0.962852060795 -0.167324647307
    outer loop
      vertex 166.953735352 143.554046631 0.484888225794
      vertex 167.007797241 144.742904663 0.679588019848
      vertex 168.248245239 144.742904663 0.406545221806
    endloop
  endfacet
  facet normal -0.314799964428 -0.934292972088 -0.167324766517
    outer loop
      vertex 166.953735352 143.554046631 0.484888225794
      vertex 165.729354858 143.554046631 0.897431492805
      vertex 167.007797241 144.742904663 0.679588019848
    endloop
  endfacet
  facet normal -0.10659558326 -0.980122447014 -0.167324125767
    outer loop
      vertex 168.215560913 143.554046631 0.207142069936
      vertex 168.248245239 144.742904663 0.406545221806
      vertex 169.510940552 144.742904663 0.269218116999
    endloop
  endfacet
  facet normal -0.211938768625 -0.962852358818 -0.167323887348
    outer loop
      vertex 168.215560913 143.554046631 0.207142069936
      vertex 166.953735352 143.554046631 0.484888225794
      vertex 168.248245239 144.742904663 0.406545221806
    endloop
  endfacet
  facet normal 0 -0.985902070999 -0.167323455215
    outer loop
      vertex 169.499984741 143.554046631 0.067450530827
      vertex 169.510940552 144.742904663 0.269218116999
      vertex 170.781066895 144.742904663 0.269218116999
    endloop
  endfacet
  facet normal -0.106595605612 -0.980122447014 -0.167324140668
    outer loop
      vertex 169.499984741 143.554046631 0.067450530827
      vertex 168.215560913 143.554046631 0.207142069936
      vertex 169.510940552 144.742904663 0.269218116999
    endloop
  endfacet
  facet normal 0.106593936682 -0.980122327805 -0.1673258394
    outer loop
      vertex 170.792037964 143.554046631 0.067450530827
      vertex 170.781066895 144.742904663 0.269218116999
      vertex 172.043777466 144.742904663 0.406545221806
    endloop
  endfacet
  facet normal -0 -0.985902070999 -0.167323455215
    outer loop
      vertex 170.792037964 143.554046631 0.067450530827
      vertex 169.499984741 143.554046631 0.067450530827
      vertex 170.781066895 144.742904663 0.269218116999
    endloop
  endfacet
  facet normal 0.211942613125 -0.962851405144 -0.167324647307
    outer loop
      vertex 172.076477051 143.554046631 0.207141041756
      vertex 172.043777466 144.742904663 0.406545221806
      vertex 173.284210205 144.742904663 0.679588019848
    endloop
  endfacet
  facet normal 0.106594823301 -0.980122387409 -0.167324930429
    outer loop
      vertex 172.076477051 143.554046631 0.207141041756
      vertex 170.792037964 143.554046631 0.067450530827
      vertex 172.043777466 144.742904663 0.406545221806
    endloop
  endfacet
  facet normal 0.31479588151 -0.934294342995 -0.167324796319
    outer loop
      vertex 173.338272095 143.554046631 0.484888225794
      vertex 173.284210205 144.742904663 0.679588019848
      vertex 174.487884521 144.742904663 1.08514630795
    endloop
  endfacet
  facet normal 0.211942598224 -0.962851405144 -0.16732467711
    outer loop
      vertex 173.338272095 143.554046631 0.484888225794
      vertex 172.076477051 143.554046631 0.207141041756
      vertex 173.284210205 144.742904663 0.679588019848
    endloop
  endfacet
  facet normal 0.413968741894 -0.894780516624 -0.167325273156
    outer loop
      vertex 174.562667847 143.554046631 0.897431492805
      vertex 174.487884521 144.742904663 1.08514630795
      vertex 175.640640259 144.742904663 1.61846470833
    endloop
  endfacet
  facet normal 0.314795464277 -0.934294462204 -0.167325243354
    outer loop
      vertex 174.562667847 143.554046631 0.897431492805
      vertex 173.338272095 143.554046631 0.484888225794
      vertex 174.487884521 144.742904663 1.08514630795
    endloop
  endfacet
  facet normal 0.508286893368 -0.844777524471 -0.167318090796
    outer loop
      vertex 175.735275269 143.554046631 1.43993782997
      vertex 175.640640259 144.742904663 1.61846470833
      vertex 176.72895813 144.742904663 2.27328968048
    endloop
  endfacet
  facet normal 0.41397434473 -0.894779026508 -0.167319297791
    outer loop
      vertex 175.735275269 143.554046631 1.43993782997
      vertex 174.562667847 143.554046631 0.897431492805
      vertex 175.640640259 144.742904663 1.61846470833
    endloop
  endfacet
  facet normal 0.596650660038 -0.784864068031 -0.167321130633
    outer loop
      vertex 176.842346191 143.554046631 2.1060423851
      vertex 176.72895813 144.742904663 2.27328968048
      vertex 177.740081787 144.742904663 3.04194664955
    endloop
  endfacet
  facet normal 0.508283615112 -0.844778776169 -0.167321711779
    outer loop
      vertex 176.842346191 143.554046631 2.1060423851
      vertex 175.735275269 143.554046631 1.43993782997
      vertex 176.72895813 144.742904663 2.27328968048
    endloop
  endfacet
  facet normal 0.677996337414 -0.715765953064 -0.16733212769
    outer loop
      vertex 177.870910645 143.554046631 2.88794088364
      vertex 177.740081787 144.742904663 3.04194664955
      vertex 178.662231445 144.742904663 3.91542243958
    endloop
  endfacet
  facet normal 0.596642076969 -0.784868478775 -0.167331069708
    outer loop
      vertex 177.870910645 143.554046631 2.88794088364
      vertex 176.842346191 143.554046631 2.1060423851
      vertex 177.740081787 144.742904663 3.04194664955
    endloop
  endfacet
  facet normal 0.751417696476 -0.638258695602 -0.16732403636
    outer loop
      vertex 178.808914185 143.554046631 3.77646183968
      vertex 178.662231445 144.742904663 3.91542243958
      vertex 179.48449707 144.742904663 4.88347530365
    endloop
  endfacet
  facet normal 0.67800283432 -0.715761721134 -0.167324110866
    outer loop
      vertex 178.808914185 143.554046631 3.77646183968
      vertex 177.870910645 143.554046631 2.88794088364
      vertex 178.662231445 144.742904663 3.91542243958
    endloop
  endfacet
  facet normal 0.816017985344 -0.553278923035 -0.167323470116
    outer loop
      vertex 179.645355225 143.554046631 4.76119041443
      vertex 179.48449707 144.742904663 4.88347530365
      vertex 180.197280884 144.742904663 5.9347577095
    endloop
  endfacet
  facet normal 0.751418054104 -0.638258397579 -0.167323544621
    outer loop
      vertex 179.645355225 143.554046631 4.76119041443
      vertex 178.808914185 143.554046631 3.77646183968
      vertex 179.48449707 144.742904663 4.88347530365
    endloop
  endfacet
  facet normal 0.871062934399 -0.461795806885 -0.167314171791
    outer loop
      vertex 180.370407104 143.554046631 5.83058214188
      vertex 180.197280884 144.742904663 5.9347577095
      vertex 180.792221069 144.742904663 7.05694198608
    endloop
  endfacet
  facet normal 0.81602370739 -0.55327296257 -0.167314961553
    outer loop
      vertex 180.370407104 143.554046631 5.83058214188
      vertex 179.645355225 143.554046631 4.76119041443
      vertex 180.197280884 144.742904663 5.9347577095
    endloop
  endfacet
  facet normal 0.915879368782 -0.364918708801 -0.167329877615
    outer loop
      vertex 180.975616455 143.554046631 6.97209739685
      vertex 180.792221069 144.742904663 7.05694198608
      vertex 181.26234436 144.742904663 8.23687362671
    endloop
  endfacet
  facet normal 0.871053695679 -0.461807578802 -0.167329549789
    outer loop
      vertex 180.975616455 143.554046631 6.97209739685
      vertex 180.370407104 143.554046631 5.83058214188
      vertex 180.792221069 144.742904663 7.05694198608
    endloop
  endfacet
  facet normal 0.949960589409 -0.263771891594 -0.167329892516
    outer loop
      vertex 181.453842163 143.554046631 8.17235374451
      vertex 181.26234436 144.742904663 8.23687362671
      vertex 181.602157593 144.742904663 9.46071815491
    endloop
  endfacet
  facet normal 0.915879547596 -0.364918500185 -0.167329579592
    outer loop
      vertex 181.453842163 143.554046631 8.17235374451
      vertex 180.975616455 143.554046631 6.97209739685
      vertex 181.26234436 144.742904663 8.23687362671
    endloop
  endfacet
  facet normal 0.972916007042 -0.159500643611 -0.167314067483
    outer loop
      vertex 181.799484253 143.554046631 9.41727924347
      vertex 181.602157593 144.742904663 9.46071815491
      vertex 181.807647705 144.742904663 10.7141265869
    endloop
  endfacet
  facet normal 0.949967086315 -0.263758331537 -0.167314365506
    outer loop
      vertex 181.799484253 143.554046631 9.41727924347
      vertex 181.453842163 143.554046631 8.17235374451
      vertex 181.602157593 144.742904663 9.46071815491
    endloop
  endfacet
  facet normal 0.984457671642 -0.053362775594 -0.167318627238
    outer loop
      vertex 182.008514404 143.554046631 10.692278862
      vertex 181.807647705 144.742904663 10.7141265869
      vertex 181.87638855 144.742904663 11.9824047089
    endloop
  endfacet
  facet normal 0.972914457321 -0.159505009651 -0.167318850756
    outer loop
      vertex 182.008514404 143.554046631 10.692278862
      vertex 181.799484253 143.554046631 9.41727924347
      vertex 181.807647705 144.742904663 10.7141265869
    endloop
  endfacet
  facet normal 0.984454572201 -0.0533758513629 -0.167332470417
    outer loop
      vertex 182.078475952 143.554046631 11.9824047089
      vertex 182.008514404 143.554046631 10.692278862
      vertex 181.87638855 144.742904663 11.9824047089
    endloop
  endfacet
  facet normal 0.984455287457 0.0533626452088 -0.167332589626
    outer loop
      vertex 181.807647705 144.742904663 13.2506828308
      vertex 182.078475952 143.554046631 11.9824047089
      vertex 181.87638855 144.742904663 11.9824047089
    endloop
  endfacet
  facet normal 0.959568679333 0.0520136579871 -0.276627153158
    outer loop
      vertex 181.807647705 144.742904663 13.2506828308
      vertex 181.87638855 144.742904663 11.9824047089
      vertex 181.47555542 145.901641846 13.2145671844
    endloop
  endfacet
  facet normal 0.984456956387 0.0533760301769 -0.167318686843
    outer loop
      vertex 182.008514404 143.554046631 13.2725296021
      vertex 182.078475952 143.554046631 11.9824047089
      vertex 181.807647705 144.742904663 13.2506828308
    endloop
  endfacet
  facet normal 0.164288058877 0.0269339699298 -0.986044645309
    outer loop
      vertex 173.759429932 152.827682495 12.3753881454
      vertex 172.577270508 153.028152466 12.2468194962
      vertex 172.534423828 153.028152466 12.5081338882
    endloop
  endfacet
  facet normal 0.160413205624 0.0445368215442 -0.986044645309
    outer loop
      vertex 173.695755005 152.827682495 12.7637634277
      vertex 172.534423828 153.028152466 12.5081338882
      vertex 172.463592529 153.028152466 12.7632846832
    endloop
  endfacet
  facet normal 0.164288014174 0.0269334148616 -0.986044645309
    outer loop
      vertex 173.695755005 152.827682495 12.7637634277
      vertex 173.759429932 152.827682495 12.3753881454
      vertex 172.534423828 153.028152466 12.5081338882
    endloop
  endfacet
  facet normal 0.154655560851 0.0616270303726 -0.9860445261
    outer loop
      vertex 173.59046936 152.827682495 13.1429796219
      vertex 172.463592529 153.028152466 12.7632846832
      vertex 172.365570068 153.028152466 13.0092811584
    endloop
  endfacet
  facet normal 0.160413175821 0.0445392094553 -0.986044585705
    outer loop
      vertex 173.59046936 152.827682495 13.1429796219
      vertex 173.695755005 152.827682495 12.7637634277
      vertex 172.463592529 153.028152466 12.7632846832
    endloop
  endfacet
  facet normal 0.147089242935 0.0779766067863 -0.986044824123
    outer loop
      vertex 173.44480896 152.827682495 13.5085859299
      vertex 172.365570068 153.028152466 13.0092811584
      vertex 172.241531372 153.028152466 13.2432365417
    endloop
  endfacet
  facet normal 0.15465632081 0.061620503664 -0.986044764519
    outer loop
      vertex 173.44480896 152.827682495 13.5085859299
      vertex 173.59046936 152.827682495 13.1429796219
      vertex 172.365570068 153.028152466 13.0092811584
    endloop
  endfacet
  facet normal 0.13779656589 0.0934237241745 -0.986044704914
    outer loop
      vertex 173.260452271 152.827682495 13.8563013077
      vertex 172.241531372 153.028152466 13.2432365417
      vertex 172.092941284 153.028152466 13.4624109268
    endloop
  endfacet
  facet normal 0.147088289261 0.0779807716608 -0.986044645309
    outer loop
      vertex 173.260452271 152.827682495 13.8563013077
      vertex 173.44480896 152.827682495 13.5085859299
      vertex 172.241531372 153.028152466 13.2432365417
    endloop
  endfacet
  facet normal 0.126883611083 0.107782810926 -0.986044347286
    outer loop
      vertex 173.039581299 152.827682495 14.1820468903
      vertex 172.092941284 153.028152466 13.4624109268
      vertex 171.92149353 153.028152466 13.6642341614
    endloop
  endfacet
  facet normal 0.13779425621 0.0934303998947 -0.986044347286
    outer loop
      vertex 173.039581299 152.827682495 14.1820468903
      vertex 173.260452271 152.827682495 13.8563013077
      vertex 172.092941284 153.028152466 13.4624109268
    endloop
  endfacet
  facet normal 0.114487297833 0.120865903795 -0.986044645309
    outer loop
      vertex 172.784805298 152.827682495 14.4820041656
      vertex 171.92149353 153.028152466 13.6642341614
      vertex 171.729248047 153.028152466 13.8463392258
    endloop
  endfacet
  facet normal 0.126886934042 0.107775777578 -0.986044645309
    outer loop
      vertex 172.784805298 152.827682495 14.4820041656
      vertex 173.039581299 152.827682495 14.1820468903
      vertex 171.92149353 153.028152466 13.6642341614
    endloop
  endfacet
  facet normal 0.100753337145 0.132530719042 -0.986044824123
    outer loop
      vertex 172.499084473 152.827682495 14.7526550293
      vertex 171.729248047 153.028152466 13.8463392258
      vertex 171.518447876 153.028152466 14.0065908432
    endloop
  endfacet
  facet normal 0.114488594234 0.12086378783 -0.986044764519
    outer loop
      vertex 172.499084473 152.827682495 14.7526550293
      vertex 172.784805298 152.827682495 14.4820041656
      vertex 171.729248047 153.028152466 13.8463392258
    endloop
  endfacet
  facet normal 0.0858256295323 0.14265397191 -0.9860445261
    outer loop
      vertex 172.185775757 152.827682495 14.9908275604
      vertex 171.518447876 153.028152466 14.0065908432
      vertex 171.291534424 153.028152466 14.1431112289
    endloop
  endfacet
  facet normal 0.100749790668 0.132535323501 -0.986044585705
    outer loop
      vertex 172.185775757 152.827682495 14.9908275604
      vertex 172.499084473 152.827682495 14.7526550293
      vertex 171.518447876 153.028152466 14.0065908432
    endloop
  endfacet
  facet normal 0.06990455091 0.151092752814 -0.986044764519
    outer loop
      vertex 171.84854126 152.827682495 15.1937294006
      vertex 171.291534424 153.028152466 14.1431112289
      vertex 171.051208496 153.028152466 14.2542991638
    endloop
  endfacet
  facet normal 0.0858298093081 0.142649620771 -0.986044764519
    outer loop
      vertex 171.84854126 152.827682495 15.1937294006
      vertex 172.185775757 152.827682495 14.9908275604
      vertex 171.291534424 153.028152466 14.1431112289
    endloop
  endfacet
  facet normal 0.0531573779881 0.157765805721 -0.986044764519
    outer loop
      vertex 171.491363525 152.827682495 15.3589811325
      vertex 171.051208496 153.028152466 14.2542991638
      vertex 170.80027771 153.028152466 14.338850975
    endloop
  endfacet
  facet normal 0.0699038878083 0.151093304157 -0.986044764519
    outer loop
      vertex 171.491363525 152.827682495 15.3589811325
      vertex 171.84854126 152.827682495 15.1937294006
      vertex 171.051208496 153.028152466 14.2542991638
    endloop
  endfacet
  facet normal 0.0357880592346 0.162588208914 -0.986044764519
    outer loop
      vertex 171.118408203 152.827682495 15.4846458435
      vertex 170.80027771 153.028152466 14.338850975
      vertex 170.541656494 153.028152466 14.395775795
    endloop
  endfacet
  facet normal 0.0531581752002 0.157765269279 -0.986044764519
    outer loop
      vertex 171.118408203 152.827682495 15.4846458435
      vertex 171.491363525 152.827682495 15.3589811325
      vertex 170.80027771 153.028152466 14.338850975
    endloop
  endfacet
  facet normal 0.0179996918887 0.165504679084 -0.986044704914
    outer loop
      vertex 170.734039307 152.827682495 15.5692501068
      vertex 170.541656494 153.028152466 14.395775795
      vertex 170.278411865 153.028152466 14.424405098
    endloop
  endfacet
  facet normal 0.0357876978815 0.162588402629 -0.986044764519
    outer loop
      vertex 170.734039307 152.827682495 15.5692501068
      vertex 171.118408203 152.827682495 15.4846458435
      vertex 170.541656494 153.028152466 14.395775795
    endloop
  endfacet
  facet normal 1.3104084091e-16 0.166480734944 -0.986044704914
    outer loop
      vertex 170.342803955 152.827682495 15.6118001938
      vertex 170.278411865 153.028152466 14.424405098
      vertex 170.01361084 153.028152466 14.424405098
    endloop
  endfacet
  facet normal 0.0179996546358 0.165504693985 -0.986044704914
    outer loop
      vertex 170.342803955 152.827682495 15.6118001938
      vertex 170.734039307 152.827682495 15.5692501068
      vertex 170.278411865 153.028152466 14.424405098
    endloop
  endfacet
  facet normal -0.0179996937513 0.165504693985 -0.986044704914
    outer loop
      vertex 169.949234009 152.827682495 15.6118001938
      vertex 170.01361084 153.028152466 14.424405098
      vertex 169.750366211 153.028152466 14.395775795
    endloop
  endfacet
  facet normal 0 0.166480734944 -0.986044704914
    outer loop
      vertex 169.949234009 152.827682495 15.6118001938
      vertex 170.342803955 152.827682495 15.6118001938
      vertex 170.01361084 153.028152466 14.424405098
    endloop
  endfacet
  facet normal -0.0357880890369 0.162588343024 -0.986044764519
    outer loop
      vertex 169.557983398 152.827682495 15.5692501068
      vertex 169.750366211 153.028152466 14.395775795
      vertex 169.491760254 153.028152466 14.338850975
    endloop
  endfacet
  facet normal -0.0179996546358 0.165504679084 -0.986044704914
    outer loop
      vertex 169.557983398 152.827682495 15.5692501068
      vertex 169.949234009 152.827682495 15.6118001938
      vertex 169.750366211 153.028152466 14.395775795
    endloop
  endfacet
  facet normal -0.0531572811306 0.157765522599 -0.986044824123
    outer loop
      vertex 169.173614502 152.827682495 15.4846458435
      vertex 169.491760254 153.028152466 14.338850975
      vertex 169.240814209 153.028152466 14.2542991638
    endloop
  endfacet
  facet normal -0.035787679255 0.162588313222 -0.986044764519
    outer loop
      vertex 169.173614502 152.827682495 15.4846458435
      vertex 169.557983398 152.827682495 15.5692501068
      vertex 169.491760254 153.028152466 14.338850975
    endloop
  endfacet
  facet normal -0.0698999017477 0.151094898582 -0.986044764519
    outer loop
      vertex 168.80065918 152.827682495 15.3589811325
      vertex 169.240814209 153.028152466 14.2542991638
      vertex 169.000473022 153.028152466 14.1431112289
    endloop
  endfacet
  facet normal -0.0531582385302 0.157765462995 -0.986044764519
    outer loop
      vertex 168.80065918 152.827682495 15.3589811325
      vertex 169.173614502 152.827682495 15.4846458435
      vertex 169.240814209 153.028152466 14.2542991638
    endloop
  endfacet
  facet normal -0.0858309268951 0.142650574446 -0.9860445261
    outer loop
      vertex 168.443481445 152.827682495 15.1937294006
      vertex 169.000473022 153.028152466 14.1431112289
      vertex 168.773574829 153.028152466 14.0065908432
    endloop
  endfacet
  facet normal -0.0699042752385 0.151094153523 -0.986044585705
    outer loop
      vertex 168.443481445 152.827682495 15.1937294006
      vertex 168.80065918 152.827682495 15.3589811325
      vertex 169.000473022 153.028152466 14.1431112289
    endloop
  endfacet
  facet normal -0.10075442493 0.132532164454 -0.9860445261
    outer loop
      vertex 168.106262207 152.827682495 14.9908275604
      vertex 168.773574829 153.028152466 14.0065908432
      vertex 168.562774658 153.028152466 13.8463392258
    endloop
  endfacet
  facet normal -0.0858304649591 0.142650708556 -0.986044585705
    outer loop
      vertex 168.106262207 152.827682495 14.9908275604
      vertex 168.443481445 152.827682495 15.1937294006
      vertex 168.773574829 153.028152466 14.0065908432
    endloop
  endfacet
  facet normal -0.114486768842 0.120865345001 -0.986044824123
    outer loop
      vertex 167.792938232 152.827682495 14.7526550293
      vertex 168.562774658 153.028152466 13.8463392258
      vertex 168.370529175 153.028152466 13.6642341614
    endloop
  endfacet
  facet normal -0.100749053061 0.132534354925 -0.986044764519
    outer loop
      vertex 167.792938232 152.827682495 14.7526550293
      vertex 168.106262207 152.827682495 14.9908275604
      vertex 168.562774658 153.028152466 13.8463392258
    endloop
  endfacet
  facet normal -0.126881331205 0.107781544328 -0.986044764519
    outer loop
      vertex 167.507217407 152.827682495 14.4820051193
      vertex 168.370529175 153.028152466 13.6642341614
      vertex 168.19909668 153.028152466 13.4624128342
    endloop
  endfacet
  facet normal -0.114488594234 0.120864354074 -0.986044704914
    outer loop
      vertex 167.507217407 152.827682495 14.4820051193
      vertex 167.792938232 152.827682495 14.7526550293
      vertex 168.370529175 153.028152466 13.6642341614
    endloop
  endfacet
  facet normal -0.137798666954 0.0934245958924 -0.986044287682
    outer loop
      vertex 167.252441406 152.827682495 14.1820487976
      vertex 168.19909668 153.028152466 13.4624128342
      vertex 168.050491333 153.028152466 13.2432365417
    endloop
  endfacet
  facet normal -0.126888170838 0.10777682811 -0.986044406891
    outer loop
      vertex 167.252441406 152.827682495 14.1820487976
      vertex 167.507217407 152.827682495 14.4820051193
      vertex 168.19909668 153.028152466 13.4624128342
    endloop
  endfacet
  facet normal -0.147090345621 0.0779771953821 -0.986044645309
    outer loop
      vertex 167.031570435 152.827682495 13.8563022614
      vertex 168.050491333 153.028152466 13.2432365417
      vertex 167.926467896 153.028152466 13.0092811584
    endloop
  endfacet
  facet normal -0.13779297471 0.0934294909239 -0.986044645309
    outer loop
      vertex 167.031570435 152.827682495 13.8563022614
      vertex 167.252441406 152.827682495 14.1820487976
      vertex 168.050491333 153.028152466 13.2432365417
    endloop
  endfacet
  facet normal -0.154653608799 0.0616262517869 -0.986044883728
    outer loop
      vertex 166.847229004 152.827682495 13.5085868835
      vertex 167.926467896 153.028152466 13.0092811584
      vertex 167.828445435 153.028152466 12.7632846832
    endloop
  endfacet
  facet normal -0.147087439895 0.0779803171754 -0.986044824123
    outer loop
      vertex 166.847229004 152.827682495 13.5085868835
      vertex 167.031570435 152.827682495 13.8563022614
      vertex 167.926467896 153.028152466 13.0092811584
    endloop
  endfacet
  facet normal -0.160413920879 0.0445370189846 -0.9860445261
    outer loop
      vertex 166.701553345 152.827682495 13.1429796219
      vertex 167.828445435 153.028152466 12.7632846832
      vertex 167.757598877 153.028152466 12.5081338882
    endloop
  endfacet
  facet normal -0.154657661915 0.0616208389401 -0.986044585705
    outer loop
      vertex 166.701553345 152.827682495 13.1429796219
      vertex 166.847229004 152.827682495 13.5085868835
      vertex 167.828445435 153.028152466 12.7632846832
    endloop
  endfacet
  facet normal -0.164287865162 0.0269339364022 -0.986044645309
    outer loop
      vertex 166.5962677 152.827682495 12.7637643814
      vertex 167.757598877 153.028152466 12.5081338882
      vertex 167.714767456 153.028152466 12.2468194962
    endloop
  endfacet
  facet normal -0.160412624478 0.0445391982794 -0.986044645309
    outer loop
      vertex 166.5962677 152.827682495 12.7637643814
      vertex 166.701553345 152.827682495 13.1429796219
      vertex 167.757598877 153.028152466 12.5081338882
    endloop
  endfacet
  facet normal -0.164288133383 0.0269333515316 -0.986044645309
    outer loop
      vertex 166.532592773 152.827682495 12.3753881454
      vertex 166.5962677 152.827682495 12.7637643814
      vertex 167.714767456 153.028152466 12.2468194962
    endloop
  endfacet
  facet normal 0.272434651852 0.0446630045772 -0.961137115955
    outer loop
      vertex 174.911819458 152.49520874 12.5007171631
      vertex 173.759429932 152.827682495 12.3753881454
      vertex 173.695755005 152.827682495 12.7637634277
    endloop
  endfacet
  facet normal 0.266008496284 0.0738580673933 -0.961137056351
    outer loop
      vertex 174.827835083 152.49520874 13.0129528046
      vertex 173.695755005 152.827682495 12.7637634277
      vertex 173.59046936 152.827682495 13.1429796219
    endloop
  endfacet
  facet normal 0.272434741259 0.0446633845568 -0.961137056351
    outer loop
      vertex 174.827835083 152.49520874 13.0129528046
      vertex 174.911819458 152.49520874 12.5007171631
      vertex 173.695755005 152.827682495 12.7637634277
    endloop
  endfacet
  facet normal 0.256464362144 0.102184392512 -0.961136996746
    outer loop
      vertex 174.688964844 152.49520874 13.5131053925
      vertex 173.59046936 152.827682495 13.1429796219
      vertex 173.44480896 152.827682495 13.5085859299
    endloop
  endfacet
  facet normal 0.266008496284 0.0738583430648 -0.961137056351
    outer loop
      vertex 174.688964844 152.49520874 13.5131053925
      vertex 174.827835083 152.49520874 13.0129528046
      vertex 173.59046936 152.827682495 13.1429796219
    endloop
  endfacet
  facet normal 0.243910759687 0.129312470555 -0.961137771606
    outer loop
      vertex 174.496856689 152.49520874 13.9953136444
      vertex 173.44480896 152.827682495 13.5085859299
      vertex 173.260452271 152.827682495 13.8563013077
    endloop
  endfacet
  facet normal 0.256464570761 0.102177590132 -0.961137712002
    outer loop
      vertex 174.496856689 152.49520874 13.9953136444
      vertex 174.688964844 152.49520874 13.5131053925
      vertex 173.44480896 152.827682495 13.5085859299
    endloop
  endfacet
  facet normal 0.228499367833 0.154932335019 -0.961136817932
    outer loop
      vertex 174.253707886 152.49520874 14.4539203644
      vertex 173.260452271 152.827682495 13.8563013077
      vertex 173.039581299 152.827682495 14.1820468903
    endloop
  endfacet
  facet normal 0.2439096421 0.129320472479 -0.961136996746
    outer loop
      vertex 174.253707886 152.49520874 14.4539203644
      vertex 174.496856689 152.49520874 13.9953136444
      vertex 173.260452271 152.827682495 13.8563013077
    endloop
  endfacet
  facet normal 0.210413396358 0.17872184515 -0.96113717556
    outer loop
      vertex 173.962402344 152.49520874 14.8835535049
      vertex 173.039581299 152.827682495 14.1820468903
      vertex 172.784805298 152.827682495 14.4820041656
    endloop
  endfacet
  facet normal 0.228500172496 0.154929146171 -0.96113717556
    outer loop
      vertex 173.962402344 152.49520874 14.8835535049
      vertex 174.253707886 152.49520874 14.4539203644
      vertex 173.039581299 152.827682495 14.1820468903
    endloop
  endfacet
  facet normal 0.189855337143 0.200427249074 -0.961136758327
    outer loop
      vertex 173.626358032 152.49520874 15.27917099
      vertex 172.784805298 152.827682495 14.4820041656
      vertex 172.499084473 152.827682495 14.7526550293
    endloop
  endfacet
  facet normal 0.210411727428 0.178726360202 -0.961136698723
    outer loop
      vertex 173.626358032 152.49520874 15.27917099
      vertex 173.962402344 152.49520874 14.8835535049
      vertex 172.784805298 152.827682495 14.4820041656
    endloop
  endfacet
  facet normal 0.167069748044 0.21977853775 -0.961137413979
    outer loop
      vertex 173.249526978 152.49520874 15.6361379623
      vertex 172.499084473 152.827682495 14.7526550293
      vertex 172.185775757 152.827682495 14.9908275604
    endloop
  endfacet
  facet normal 0.189858034253 0.200421854854 -0.961137354374
    outer loop
      vertex 173.249526978 152.49520874 15.6361379623
      vertex 173.626358032 152.49520874 15.27917099
      vertex 172.499084473 152.827682495 14.7526550293
    endloop
  endfacet
  facet normal 0.142329856753 0.236553013325 -0.961137294769
    outer loop
      vertex 172.836288452 152.49520874 15.9502677917
      vertex 172.185775757 152.827682495 14.9908275604
      vertex 171.84854126 152.827682495 15.1937294006
    endloop
  endfacet
  facet normal 0.167069301009 0.219779208302 -0.961137294769
    outer loop
      vertex 172.836288452 152.49520874 15.9502677917
      vertex 173.249526978 152.49520874 15.6361379623
      vertex 172.185775757 152.827682495 14.9908275604
    endloop
  endfacet
  facet normal 0.115920446813 0.250555515289 -0.961137056351
    outer loop
      vertex 172.39151001 152.49520874 16.217880249
      vertex 171.84854126 152.827682495 15.1937294006
      vertex 171.491363525 152.827682495 15.3589811325
    endloop
  endfacet
  facet normal 0.142327994108 0.236555323005 -0.961136996746
    outer loop
      vertex 172.39151001 152.49520874 16.217880249
      vertex 172.836288452 152.49520874 15.9502677917
      vertex 171.84854126 152.827682495 15.1937294006
    endloop
  endfacet
  facet normal 0.0881510600448 0.261618793011 -0.961137354374
    outer loop
      vertex 171.920440674 152.49520874 16.4358310699
      vertex 171.491363525 152.827682495 15.3589811325
      vertex 171.118408203 152.827682495 15.4846458435
    endloop
  endfacet
  facet normal 0.115922734141 0.25055322051 -0.961137354374
    outer loop
      vertex 171.920440674 152.49520874 16.4358310699
      vertex 172.39151001 152.49520874 16.217880249
      vertex 171.491363525 152.827682495 15.3589811325
    endloop
  endfacet
  facet normal 0.059346023947 0.269617080688 -0.96113717556
    outer loop
      vertex 171.428527832 152.49520874 16.6015720367
      vertex 171.118408203 152.827682495 15.4846458435
      vertex 170.734039307 152.827682495 15.5692501068
    endloop
  endfacet
  facet normal 0.0881500020623 0.261619627476 -0.961137235165
    outer loop
      vertex 171.428527832 152.49520874 16.6015720367
      vertex 171.920440674 152.49520874 16.4358310699
      vertex 171.118408203 152.827682495 15.4846458435
    endloop
  endfacet
  facet normal 0.029848434031 0.274452805519 -0.961137235165
    outer loop
      vertex 170.921585083 152.49520874 16.7131576538
      vertex 170.734039307 152.827682495 15.5692501068
      vertex 170.342803955 152.827682495 15.6118001938
    endloop
  endfacet
  facet normal 0.0593468099833 0.269616603851 -0.961137294769
    outer loop
      vertex 170.921585083 152.49520874 16.7131576538
      vertex 171.428527832 152.49520874 16.6015720367
      vertex 170.734039307 152.827682495 15.5692501068
    endloop
  endfacet
  facet normal -9.09448819904e-17 0.276071369648 -0.961137115955
    outer loop
      vertex 170.405563354 152.49520874 16.76927948
      vertex 170.342803955 152.827682495 15.6118001938
      vertex 169.949234009 152.827682495 15.6118001938
    endloop
  endfacet
  facet normal 0.0298480670899 0.274452984333 -0.96113717556
    outer loop
      vertex 170.405563354 152.49520874 16.76927948
      vertex 170.921585083 152.49520874 16.7131576538
      vertex 170.342803955 152.827682495 15.6118001938
    endloop
  endfacet
  facet normal -0.0298484154046 0.274452626705 -0.961137235165
    outer loop
      vertex 169.886474609 152.49520874 16.76927948
      vertex 169.949234009 152.827682495 15.6118001938
      vertex 169.557983398 152.827682495 15.5692501068
    endloop
  endfacet
  facet normal 8.15141959265e-07 0.276071071625 -0.961137235165
    outer loop
      vertex 169.886474609 152.49520874 16.76927948
      vertex 170.405563354 152.49520874 16.76927948
      vertex 169.949234009 152.827682495 15.6118001938
    endloop
  endfacet
  facet normal -0.0593459457159 0.269616752863 -0.961137294769
    outer loop
      vertex 169.370437622 152.49520874 16.7131576538
      vertex 169.557983398 152.827682495 15.5692501068
      vertex 169.173614502 152.827682495 15.4846458435
    endloop
  endfacet
  facet normal -0.0298488549888 0.274452745914 -0.961137235165
    outer loop
      vertex 169.370437622 152.49520874 16.7131576538
      vertex 169.886474609 152.49520874 16.76927948
      vertex 169.557983398 152.827682495 15.5692501068
    endloop
  endfacet
  facet normal -0.0881512314081 0.261619269848 -0.96113717556
    outer loop
      vertex 168.863494873 152.49520874 16.6015720367
      vertex 169.173614502 152.827682495 15.4846458435
      vertex 168.80065918 152.827682495 15.3589811325
    endloop
  endfacet
  facet normal -0.0593468695879 0.269616872072 -0.96113717556
    outer loop
      vertex 168.863494873 152.49520874 16.6015720367
      vertex 169.370437622 152.49520874 16.7131576538
      vertex 169.173614502 152.827682495 15.4846458435
    endloop
  endfacet
  facet normal -0.115919791162 0.250554084778 -0.961137473583
    outer loop
      vertex 168.37159729 152.49520874 16.4358310699
      vertex 168.80065918 152.827682495 15.3589811325
      vertex 168.443481445 152.827682495 15.1937294006
    endloop
  endfacet
  facet normal -0.0881490558386 0.261619240046 -0.961137413979
    outer loop
      vertex 168.37159729 152.49520874 16.4358310699
      vertex 168.863494873 152.49520874 16.6015720367
      vertex 168.80065918 152.827682495 15.3589811325
    endloop
  endfacet
  facet normal -0.1423304528 0.236554011703 -0.961136937141
    outer loop
      vertex 167.900527954 152.49520874 16.217880249
      vertex 168.443481445 152.827682495 15.1937294006
      vertex 168.106262207 152.827682495 14.9908275604
    endloop
  endfacet
  facet normal -0.115923792124 0.250553756952 -0.961137056351
    outer loop
      vertex 167.900527954 152.49520874 16.217880249
      vertex 168.37159729 152.49520874 16.4358310699
      vertex 168.443481445 152.827682495 15.1937294006
    endloop
  endfacet
  facet normal -0.167069926858 0.21977879107 -0.961137294769
    outer loop
      vertex 167.455734253 152.49520874 15.9502677917
      vertex 168.106262207 152.827682495 14.9908275604
      vertex 167.792938232 152.827682495 14.7526550293
    endloop
  endfacet
  facet normal -0.142327547073 0.236554577947 -0.961137235165
    outer loop
      vertex 167.455734253 152.49520874 15.9502677917
      vertex 167.900527954 152.49520874 16.217880249
      vertex 168.106262207 152.827682495 14.9908275604
    endloop
  endfacet
  facet normal -0.18985311687 0.200425848365 -0.961137473583
    outer loop
      vertex 167.042495728 152.49520874 15.636138916
      vertex 167.792938232 152.827682495 14.7526550293
      vertex 167.507217407 152.827682495 14.4820051193
    endloop
  endfacet
  facet normal -0.167068719864 0.219779163599 -0.961137413979
    outer loop
      vertex 167.042495728 152.49520874 15.636138916
      vertex 167.455734253 152.49520874 15.9502677917
      vertex 167.792938232 152.827682495 14.7526550293
    endloop
  endfacet
  facet normal -0.210414856672 0.178723081946 -0.961136639118
    outer loop
      vertex 166.665679932 152.49520874 15.2791719437
      vertex 167.507217407 152.827682495 14.4820051193
      vertex 167.252441406 152.827682495 14.1820487976
    endloop
  endfacet
  facet normal -0.189859285951 0.200423181057 -0.961136817932
    outer loop
      vertex 166.665679932 152.49520874 15.2791719437
      vertex 167.042495728 152.49520874 15.636138916
      vertex 167.507217407 152.827682495 14.4820051193
    endloop
  endfacet
  facet normal -0.228498473763 0.154931664467 -0.96113717556
    outer loop
      vertex 166.32963562 152.49520874 14.8835535049
      vertex 167.252441406 152.827682495 14.1820487976
      vertex 167.031570435 152.827682495 13.8563022614
    endloop
  endfacet
  facet normal -0.210410997272 0.178725287318 -0.961137056351
    outer loop
      vertex 166.32963562 152.49520874 14.8835535049
      vertex 166.665679932 152.49520874 15.2791719437
      vertex 167.252441406 152.827682495 14.1820487976
    endloop
  endfacet
  facet normal -0.243910208344 0.129312172532 -0.96113795042
    outer loop
      vertex 166.038314819 152.49520874 14.4539213181
      vertex 167.031570435 152.827682495 13.8563022614
      vertex 166.847229004 152.827682495 13.5085868835
    endloop
  endfacet
  facet normal -0.228493466973 0.154935285449 -0.961137771606
    outer loop
      vertex 166.038314819 152.49520874 14.4539213181
      vertex 166.32963562 152.49520874 14.8835535049
      vertex 167.031570435 152.827682495 13.8563022614
    endloop
  endfacet
  facet normal -0.256462007761 0.102183133364 -0.961137771606
    outer loop
      vertex 165.795181274 152.49520874 13.9953145981
      vertex 166.847229004 152.827682495 13.5085868835
      vertex 166.701553345 152.827682495 13.1429796219
    endloop
  endfacet
  facet normal -0.243911370635 0.129311144352 -0.961137831211
    outer loop
      vertex 165.795181274 152.49520874 13.9953145981
      vertex 166.038314819 152.49520874 14.4539213181
      vertex 166.847229004 152.827682495 13.5085868835
    endloop
  endfacet
  facet normal -0.26600843668 0.0738582909107 -0.961137056351
    outer loop
      vertex 165.603057861 152.49520874 13.5131063461
      vertex 166.701553345 152.827682495 13.1429796219
      vertex 166.5962677 152.827682495 12.7637643814
    endloop
  endfacet
  facet normal -0.256466329098 0.102178297937 -0.96113717556
    outer loop
      vertex 165.603057861 152.49520874 13.5131063461
      vertex 165.795181274 152.49520874 13.9953145981
      vertex 166.701553345 152.827682495 13.1429796219
    endloop
  endfacet
  facet normal -0.272434830666 0.0446628928185 -0.961137056351
    outer loop
      vertex 165.464187622 152.49520874 13.0129537582
      vertex 166.5962677 152.827682495 12.7637643814
      vertex 166.532592773 152.827682495 12.3753881454
    endloop
  endfacet
  facet normal -0.26600843668 0.0738583132625 -0.961137056351
    outer loop
      vertex 165.464187622 152.49520874 13.0129537582
      vertex 165.603057861 152.49520874 13.5131063461
      vertex 166.5962677 152.827682495 12.7637643814
    endloop
  endfacet
  facet normal -0.272434592247 0.0446633584797 -0.961137115955
    outer loop
      vertex 165.380218506 152.49520874 12.5007181168
      vertex 165.464187622 152.49520874 13.0129537582
      vertex 166.532592773 152.827682495 12.3753881454
    endloop
  endfacet
  facet normal 0.377135068178 0.0618281252682 -0.924092233181
    outer loop
      vertex 176.019897461 152.034927368 12.6212282181
      vertex 174.911819458 152.49520874 12.5007171631
      vertex 174.827835083 152.49520874 13.0129528046
    endloop
  endfacet
  facet normal 0.368240863085 0.102243572474 -0.924091398716
    outer loop
      vertex 175.916397095 152.034927368 13.2525615692
      vertex 174.827835083 152.49520874 13.0129528046
      vertex 174.688964844 152.49520874 13.5131053925
    endloop
  endfacet
  facet normal 0.377136111259 0.0618321225047 -0.924091517925
    outer loop
      vertex 175.916397095 152.034927368 13.2525615692
      vertex 176.019897461 152.034927368 12.6212282181
      vertex 174.827835083 152.49520874 13.0129528046
    endloop
  endfacet
  facet normal 0.355029672384 0.141446739435 -0.924092411995
    outer loop
      vertex 175.745239258 152.034927368 13.8690032959
      vertex 174.688964844 152.49520874 13.5131053925
      vertex 174.496856689 152.49520874 13.9953136444
    endloop
  endfacet
  facet normal 0.368240147829 0.102238841355 -0.924092233181
    outer loop
      vertex 175.745239258 152.034927368 13.8690032959
      vertex 175.916397095 152.034927368 13.2525615692
      vertex 174.688964844 152.49520874 13.5131053925
    endloop
  endfacet
  facet normal 0.33764988184 0.179021388292 -0.924090862274
    outer loop
      vertex 175.508453369 152.034927368 14.4633274078
      vertex 174.496856689 152.49520874 13.9953136444
      vertex 174.253707886 152.49520874 14.4539203644
    endloop
  endfacet
  facet normal 0.35503000021 0.141455024481 -0.924090981483
    outer loop
      vertex 175.508453369 152.034927368 14.4633274078
      vertex 175.745239258 152.034927368 13.8690032959
      vertex 174.496856689 152.49520874 13.9953136444
    endloop
  endfacet
  facet normal 0.316316276789 0.214470773935 -0.924092173576
    outer loop
      vertex 175.208770752 152.034927368 15.0285654068
      vertex 174.253707886 152.49520874 14.4539203644
      vertex 173.962402344 152.49520874 14.8835535049
    endloop
  endfacet
  facet normal 0.337650448084 0.179012909532 -0.924092292786
    outer loop
      vertex 175.208770752 152.034927368 15.0285654068
      vertex 175.508453369 152.034927368 14.4633274078
      vertex 174.253707886 152.49520874 14.4539203644
    endloop
  endfacet
  facet normal 0.291273295879 0.247411191463 -0.924092829227
    outer loop
      vertex 174.849746704 152.034927368 15.5580892563
      vertex 173.962402344 152.49520874 14.8835535049
      vertex 173.626358032 152.49520874 15.27917099
    endloop
  endfacet
  facet normal 0.316317141056 0.214466005564 -0.924092948437
    outer loop
      vertex 174.849746704 152.034927368 15.5580892563
      vertex 175.208770752 152.034927368 15.0285654068
      vertex 173.962402344 152.49520874 14.8835535049
    endloop
  endfacet
  facet normal 0.262824654579 0.277448385954 -0.924091756344
    outer loop
      vertex 174.435562134 152.034927368 16.0456905365
      vertex 173.626358032 152.49520874 15.27917099
      vertex 173.249526978 152.49520874 15.6361379623
    endloop
  endfacet
  facet normal 0.29127150774 0.247417256236 -0.924091756344
    outer loop
      vertex 174.435562134 152.034927368 16.0456905365
      vertex 174.849746704 152.034927368 15.5580892563
      vertex 173.626358032 152.49520874 15.27917099
    endloop
  endfacet
  facet normal 0.23128016293 0.304248422384 -0.924090027809
    outer loop
      vertex 173.971099854 152.034927368 16.4856548309
      vertex 173.249526978 152.49520874 15.6361379623
      vertex 172.836288452 152.49520874 15.9502677917
    endloop
  endfacet
  facet normal 0.262820571661 0.277458250523 -0.924089968204
    outer loop
      vertex 173.971099854 152.034927368 16.4856548309
      vertex 174.435562134 152.034927368 16.0456905365
      vertex 173.249526978 152.49520874 15.6361379623
    endloop
  endfacet
  facet normal 0.197028085589 0.327469259501 -0.92409080267
    outer loop
      vertex 173.461791992 152.034927368 16.8728199005
      vertex 172.836288452 152.49520874 15.9502677917
      vertex 172.39151001 152.49520874 16.217880249
    endloop
  endfacet
  facet normal 0.231282427907 0.304244309664 -0.92409080267
    outer loop
      vertex 173.461791992 152.034927368 16.8728199005
      vertex 173.971099854 152.034927368 16.4856548309
      vertex 172.836288452 152.49520874 15.9502677917
    endloop
  endfacet
  facet normal 0.160474136472 0.346845805645 -0.924091994762
    outer loop
      vertex 172.913619995 152.034927368 17.2026519775
      vertex 172.39151001 152.49520874 16.217880249
      vertex 171.920440674 152.49520874 16.4358310699
    endloop
  endfacet
  facet normal 0.197032317519 0.327463209629 -0.924092054367
    outer loop
      vertex 172.913619995 152.034927368 17.2026519775
      vertex 173.461791992 152.034927368 16.8728199005
      vertex 172.39151001 152.49520874 16.217880249
    endloop
  endfacet
  facet normal 0.122028827667 0.362168312073 -0.924090385437
    outer loop
      vertex 172.332977295 152.034927368 17.4712810516
      vertex 171.920440674 152.49520874 16.4358310699
      vertex 171.428527832 152.49520874 16.6015720367
    endloop
  endfacet
  facet normal 0.160467118025 0.34685382247 -0.924090206623
    outer loop
      vertex 172.332977295 152.034927368 17.4712810516
      vertex 172.913619995 152.034927368 17.2026519775
      vertex 171.920440674 152.49520874 16.4358310699
    endloop
  endfacet
  facet normal 0.0821554511786 0.373237788677 -0.924090921879
    outer loop
      vertex 171.726715088 152.034927368 17.6755580902
      vertex 171.428527832 152.49520874 16.6015720367
      vertex 170.921585083 152.49520874 16.7131576538
    endloop
  endfacet
  facet normal 0.122030414641 0.362166851759 -0.924090743065
    outer loop
      vertex 171.726715088 152.034927368 17.6755580902
      vertex 172.332977295 152.034927368 17.4712810516
      vertex 171.428527832 152.49520874 16.6015720367
    endloop
  endfacet
  facet normal 0.0413194075227 0.379931986332 -0.924091100693
    outer loop
      vertex 171.101898193 152.034927368 17.8130893707
      vertex 170.921585083 152.49520874 16.7131576538
      vertex 170.405563354 152.49520874 16.76927948
    endloop
  endfacet
  facet normal 0.0821558758616 0.373237460852 -0.924091041088
    outer loop
      vertex 171.101898193 152.034927368 17.8130893707
      vertex 171.726715088 152.034927368 17.6755580902
      vertex 170.921585083 152.49520874 16.7131576538
    endloop
  endfacet
  facet normal 1.12842053568e-06 0.382171779871 -0.924091279507
    outer loop
      vertex 170.465896606 152.034927368 17.8822593689
      vertex 170.405563354 152.49520874 16.76927948
      vertex 169.886474609 152.49520874 16.76927948
    endloop
  endfacet
  facet normal 0.0413197875023 0.379931747913 -0.924091219902
    outer loop
      vertex 170.465896606 152.034927368 17.8822593689
      vertex 171.101898193 152.034927368 17.8130893707
      vertex 170.405563354 152.49520874 16.76927948
    endloop
  endfacet
  facet normal -0.0413205549121 0.379932165146 -0.924090981483
    outer loop
      vertex 169.826126099 152.034927368 17.8822593689
      vertex 169.886474609 152.49520874 16.76927948
      vertex 169.370437622 152.49520874 16.7131576538
    endloop
  endfacet
  facet normal 0 0.38217228651 -0.924091100693
    outer loop
      vertex 169.826126099 152.034927368 17.8822593689
      vertex 170.465896606 152.034927368 17.8822593689
      vertex 169.886474609 152.49520874 16.76927948
    endloop
  endfacet
  facet normal -0.0821553990245 0.373237550259 -0.924091041088
    outer loop
      vertex 169.190124512 152.034927368 17.8130893707
      vertex 169.370437622 152.49520874 16.7131576538
      vertex 168.863494873 152.49520874 16.6015720367
    endloop
  endfacet
  facet normal -0.0413198024035 0.379931926727 -0.924091100693
    outer loop
      vertex 169.190124512 152.034927368 17.8130893707
      vertex 169.826126099 152.034927368 17.8822593689
      vertex 169.370437622 152.49520874 16.7131576538
    endloop
  endfacet
  facet normal -0.122027494013 0.362167686224 -0.92409080267
    outer loop
      vertex 168.565322876 152.034927368 17.6755580902
      vertex 168.863494873 152.49520874 16.6015720367
      vertex 168.37159729 152.49520874 16.4358310699
    endloop
  endfacet
  facet normal -0.0821559205651 0.373237669468 -0.924090921879
    outer loop
      vertex 168.565322876 152.034927368 17.6755580902
      vertex 169.190124512 152.034927368 17.8130893707
      vertex 168.863494873 152.49520874 16.6015720367
    endloop
  endfacet
  facet normal -0.160476267338 0.346847951412 -0.92409080267
    outer loop
      vertex 167.959030151 152.034927368 17.4712810516
      vertex 168.37159729 152.49520874 16.4358310699
      vertex 167.900527954 152.49520874 16.217880249
    endloop
  endfacet
  facet normal -0.122026763856 0.362167626619 -0.924090921879
    outer loop
      vertex 167.959030151 152.034927368 17.4712810516
      vertex 168.565322876 152.034927368 17.6755580902
      vertex 168.37159729 152.49520874 16.4358310699
    endloop
  endfacet
  facet normal -0.197026386857 0.32746642828 -0.924092173576
    outer loop
      vertex 167.37840271 152.034927368 17.2026519775
      vertex 167.900527954 152.49520874 16.217880249
      vertex 167.455734253 152.49520874 15.9502677917
    endloop
  endfacet
  facet normal -0.160469815135 0.346848040819 -0.924091935158
    outer loop
      vertex 167.37840271 152.034927368 17.2026519775
      vertex 167.959030151 152.034927368 17.4712810516
      vertex 167.900527954 152.49520874 16.217880249
    endloop
  endfacet
  facet normal -0.231278404593 0.304247111082 -0.924090921879
    outer loop
      vertex 166.830230713 152.034927368 16.8728199005
      vertex 167.455734253 152.49520874 15.9502677917
      vertex 167.042495728 152.49520874 15.636138916
    endloop
  endfacet
  facet normal -0.197033703327 0.327465504408 -0.924090921879
    outer loop
      vertex 166.830230713 152.034927368 16.8728199005
      vertex 167.37840271 152.034927368 17.2026519775
      vertex 167.455734253 152.49520874 15.9502677917
    endloop
  endfacet
  facet normal -0.262828111649 0.27745205164 -0.924089670181
    outer loop
      vertex 166.32093811 152.034927368 16.4856548309
      vertex 167.042495728 152.49520874 15.636138916
      vertex 166.665679932 152.49520874 15.2791719437
    endloop
  endfacet
  facet normal -0.231283605099 0.304245859385 -0.924090027809
    outer loop
      vertex 166.32093811 152.034927368 16.4856548309
      vertex 166.830230713 152.034927368 16.8728199005
      vertex 167.042495728 152.49520874 15.636138916
    endloop
  endfacet
  facet normal -0.29127573967 0.247412636876 -0.924091696739
    outer loop
      vertex 165.856460571 152.034927368 16.0456905365
      vertex 166.665679932 152.49520874 15.2791719437
      vertex 166.32963562 152.49520874 14.8835535049
    endloop
  endfacet
  facet normal -0.262817472219 0.277455806732 -0.92409157753
    outer loop
      vertex 165.856460571 152.034927368 16.0456905365
      vertex 166.32093811 152.034927368 16.4856548309
      vertex 166.665679932 152.49520874 15.2791719437
    endloop
  endfacet
  facet normal -0.316307127476 0.214479386806 -0.924093306065
    outer loop
      vertex 165.442276001 152.034927368 15.5580892563
      vertex 166.32963562 152.49520874 14.8835535049
      vertex 166.038314819 152.49520874 14.4539213181
    endloop
  endfacet
  facet normal -0.291270077229 0.24741537869 -0.924092710018
    outer loop
      vertex 165.442276001 152.034927368 15.5580892563
      vertex 165.856460571 152.034927368 16.0456905365
      vertex 166.32963562 152.49520874 14.8835535049
    endloop
  endfacet
  facet normal -0.33765745163 0.179011210799 -0.924090027809
    outer loop
      vertex 165.083251953 152.034927368 15.0285654068
      vertex 166.038314819 152.49520874 14.4539213181
      vertex 165.795181274 152.49520874 13.9953145981
    endloop
  endfacet
  facet normal -0.316322624683 0.214469730854 -0.924090206623
    outer loop
      vertex 165.083251953 152.034927368 15.0285654068
      vertex 165.442276001 152.034927368 15.5580892563
      vertex 166.038314819 152.49520874 14.4539213181
    endloop
  endfacet
  facet normal -0.355033159256 0.141448125243 -0.924090862274
    outer loop
      vertex 164.783584595 152.034927368 14.4633283615
      vertex 165.795181274 152.49520874 13.9953145981
      vertex 165.603057861 152.49520874 13.5131063461
    endloop
  endfacet
  facet normal -0.337653100491 0.179014638066 -0.924090981483
    outer loop
      vertex 164.783584595 152.034927368 14.4633283615
      vertex 165.083251953 152.034927368 15.0285654068
      vertex 165.795181274 152.49520874 13.9953145981
    endloop
  endfacet
  facet normal -0.368238806725 0.102242983878 -0.924092292786
    outer loop
      vertex 164.546783447 152.034927368 13.8690052032
      vertex 165.603057861 152.49520874 13.5131063461
      vertex 165.464187622 152.49520874 13.0129537582
    endloop
  endfacet
  facet normal -0.355027168989 0.141453951597 -0.924092233181
    outer loop
      vertex 164.546783447 152.034927368 13.8690052032
      vertex 164.783584595 152.034927368 14.4633283615
      vertex 165.603057861 152.49520874 13.5131063461
    endloop
  endfacet
  facet normal -0.377136915922 0.0618284270167 -0.924091458321
    outer loop
      vertex 164.375640869 152.034927368 13.2525625229
      vertex 165.464187622 152.49520874 13.0129537582
      vertex 165.380218506 152.49520874 12.5007181168
    endloop
  endfacet
  facet normal -0.368241816759 0.102239310741 -0.924091517925
    outer loop
      vertex 164.375640869 152.034927368 13.2525625229
      vertex 164.546783447 152.034927368 13.8690052032
      vertex 165.464187622 152.49520874 13.0129537582
    endloop
  endfacet
  facet normal -0.377134650946 0.0618318729103 -0.924092113972
    outer loop
      vertex 164.272125244 152.034927368 12.6212291718
      vertex 164.375640869 152.034927368 13.2525625229
      vertex 165.380218506 152.49520874 12.5007181168
    endloop
  endfacet
  facet normal 0.477065354586 0.0782156959176 -0.875380456448
    outer loop
      vertex 177.069702148 151.452590942 12.7354011536
      vertex 176.019897461 152.034927368 12.6212282181
      vertex 175.916397095 152.034927368 13.2525615692
    endloop
  endfacet
  facet normal 0.465815663338 0.129329875112 -0.875379681587
    outer loop
      vertex 176.947692871 151.452590942 13.4795703888
      vertex 175.916397095 152.034927368 13.2525615692
      vertex 175.745239258 152.034927368 13.8690032959
    endloop
  endfacet
  facet normal 0.477066248655 0.0782185047865 -0.875379741192
    outer loop
      vertex 176.947692871 151.452590942 13.4795703888
      vertex 177.069702148 151.452590942 12.7354011536
      vertex 175.916397095 152.034927368 13.2525615692
    endloop
  endfacet
  facet normal 0.449103176594 0.178936704993 -0.875378787518
    outer loop
      vertex 176.745956421 151.452590942 14.2061872482
      vertex 175.745239258 152.034927368 13.8690032959
      vertex 175.508453369 152.034927368 14.4633274078
    endloop
  endfacet
  facet normal 0.465816497803 0.12933409214 -0.875378608704
    outer loop
      vertex 176.745956421 151.452590942 14.2061872482
      vertex 176.947692871 151.452590942 13.4795703888
      vertex 175.745239258 152.034927368 13.8690032959
    endloop
  endfacet
  facet normal 0.427120625973 0.226447507739 -0.875379621983
    outer loop
      vertex 176.466842651 151.452590942 14.9067325592
      vertex 175.508453369 152.034927368 14.4633274078
      vertex 175.208770752 152.034927368 15.0285654068
    endloop
  endfacet
  facet normal 0.449102938175 0.178934052587 -0.875379443169
    outer loop
      vertex 176.466842651 151.452590942 14.9067325592
      vertex 176.745956421 151.452590942 14.2061872482
      vertex 175.508453369 152.034927368 14.4633274078
    endloop
  endfacet
  facet normal 0.400135338306 0.271295547485 -0.875380158424
    outer loop
      vertex 176.113601685 151.452590942 15.5729904175
      vertex 175.208770752 152.034927368 15.0285654068
      vertex 174.849746704 152.034927368 15.5580892563
    endloop
  endfacet
  facet normal 0.427120655775 0.226445972919 -0.875380039215
    outer loop
      vertex 176.113601685 151.452590942 15.5729904175
      vertex 176.466842651 151.452590942 14.9067325592
      vertex 175.208770752 152.034927368 15.0285654068
    endloop
  endfacet
  facet normal 0.368451952934 0.312977284193 -0.875379025936
    outer loop
      vertex 175.690414429 151.452590942 16.1971530914
      vertex 174.849746704 152.034927368 15.5580892563
      vertex 174.435562134 152.034927368 16.0456905365
    endloop
  endfacet
  facet normal 0.400134772062 0.271300137043 -0.875379025936
    outer loop
      vertex 175.690414429 151.452590942 16.1971530914
      vertex 176.113601685 151.452590942 15.5729904175
      vertex 174.849746704 152.034927368 15.5580892563
    endloop
  endfacet
  facet normal 0.332453131676 0.350969016552 -0.875383138657
    outer loop
      vertex 175.202224731 151.452590942 16.7719039917
      vertex 174.435562134 152.034927368 16.0456905365
      vertex 173.971099854 152.034927368 16.4856548309
    endloop
  endfacet
  facet normal 0.368455797434 0.312961220741 -0.875383138657
    outer loop
      vertex 175.202224731 151.452590942 16.7719039917
      vertex 175.690414429 151.452590942 16.1971530914
      vertex 174.435562134 152.034927368 16.0456905365
    endloop
  endfacet
  facet normal 0.292560487986 0.384853541851 -0.875383377075
    outer loop
      vertex 174.654754639 151.452590942 17.2905006409
      vertex 173.971099854 152.034927368 16.4856548309
      vertex 173.461791992 152.034927368 16.8728199005
    endloop
  endfacet
  facet normal 0.332453638315 0.350967615843 -0.875383496284
    outer loop
      vertex 174.654754639 151.452590942 17.2905006409
      vertex 175.202224731 151.452590942 16.7719039917
      vertex 173.971099854 152.034927368 16.4856548309
    endloop
  endfacet
  facet normal 0.249238014221 0.414227873087 -0.875383138657
    outer loop
      vertex 174.054412842 151.452590942 17.7468643188
      vertex 173.461791992 152.034927368 16.8728199005
      vertex 172.913619995 152.034927368 17.2026519775
    endloop
  endfacet
  facet normal 0.292560011148 0.384854495525 -0.875383138657
    outer loop
      vertex 174.054412842 151.452590942 17.7468643188
      vertex 174.654754639 151.452590942 17.2905006409
      vertex 173.461791992 152.034927368 16.8728199005
    endloop
  endfacet
  facet normal 0.202983230352 0.438753515482 -0.875381708145
    outer loop
      vertex 173.40826416 151.452590942 18.1356449127
      vertex 172.913619995 152.034927368 17.2026519775
      vertex 172.332977295 152.034927368 17.4712810516
    endloop
  endfacet
  facet normal 0.249235063791 0.414232581854 -0.87538176775
    outer loop
      vertex 173.40826416 151.452590942 18.1356449127
      vertex 174.054412842 151.452590942 17.7468643188
      vertex 172.913619995 152.034927368 17.2026519775
    endloop
  endfacet
  facet normal 0.154362395406 0.458123058081 -0.875383079052
    outer loop
      vertex 172.723846436 151.452590942 18.4522857666
      vertex 172.332977295 152.034927368 17.4712810516
      vertex 171.726715088 152.034927368 17.6755580902
    endloop
  endfacet
  facet normal 0.202986866236 0.438748896122 -0.875383198261
    outer loop
      vertex 172.723846436 151.452590942 18.4522857666
      vertex 173.40826416 151.452590942 18.1356449127
      vertex 172.332977295 152.034927368 17.4712810516
    endloop
  endfacet
  facet normal 0.103923343122 0.472127944231 -0.875382840633
    outer loop
      vertex 172.009231567 151.452590942 18.6930713654
      vertex 171.726715088 152.034927368 17.6755580902
      vertex 171.101898193 152.034927368 17.8130893707
    endloop
  endfacet
  facet normal 0.154362440109 0.458123028278 -0.875383079052
    outer loop
      vertex 172.009231567 151.452590942 18.6930713654
      vertex 172.723846436 151.452590942 18.4522857666
      vertex 171.726715088 152.034927368 17.6755580902
    endloop
  endfacet
  facet normal 0.0522678531706 0.480598270893 -0.875381827354
    outer loop
      vertex 171.272750854 151.452590942 18.8551807404
      vertex 171.101898193 152.034927368 17.8130893707
      vertex 170.465896606 152.034927368 17.8822593689
    endloop
  endfacet
  facet normal 0.10392037034 0.472130388021 -0.875381886959
    outer loop
      vertex 171.272750854 151.452590942 18.8551807404
      vertex 172.009231567 151.452590942 18.6930713654
      vertex 171.101898193 152.034927368 17.8130893707
    endloop
  endfacet
  facet normal -1.20887258448e-16 0.483431607485 -0.875382125378
    outer loop
      vertex 170.523071289 151.452590942 18.936712265
      vertex 170.465896606 152.034927368 17.8822593689
      vertex 169.826126099 152.034927368 17.8822593689
    endloop
  endfacet
  facet normal 0.0522692985833 0.480597317219 -0.875382304192
    outer loop
      vertex 170.523071289 151.452590942 18.936712265
      vertex 171.272750854 151.452590942 18.8551807404
      vertex 170.465896606 152.034927368 17.8822593689
    endloop
  endfacet
  facet normal -0.0522677600384 0.480597406626 -0.875382304192
    outer loop
      vertex 169.768951416 151.452590942 18.936712265
      vertex 169.826126099 152.034927368 17.8822593689
      vertex 169.190124512 152.034927368 17.8130893707
    endloop
  endfacet
  facet normal 0 0.483431607485 -0.875382125378
    outer loop
      vertex 169.768951416 151.452590942 18.936712265
      vertex 170.523071289 151.452590942 18.936712265
      vertex 169.826126099 152.034927368 17.8822593689
    endloop
  endfacet
  facet normal -0.103923745453 0.472129791975 -0.875381827354
    outer loop
      vertex 169.019287109 151.452590942 18.8551807404
      vertex 169.190124512 152.034927368 17.8130893707
      vertex 168.565322876 152.034927368 17.6755580902
    endloop
  endfacet
  facet normal -0.0522693768144 0.480598032475 -0.875381886959
    outer loop
      vertex 169.019287109 151.452590942 18.8551807404
      vertex 169.768951416 151.452590942 18.936712265
      vertex 169.190124512 152.034927368 17.8130893707
    endloop
  endfacet
  facet normal -0.154357895255 0.458124339581 -0.875383198261
    outer loop
      vertex 168.282791138 151.452590942 18.6930713654
      vertex 168.565322876 152.034927368 17.6755580902
      vertex 167.959030151 152.034927368 17.4712810516
    endloop
  endfacet
  facet normal -0.103920027614 0.472128808498 -0.875382781029
    outer loop
      vertex 168.282791138 151.452590942 18.6930713654
      vertex 169.019287109 151.452590942 18.8551807404
      vertex 168.565322876 152.034927368 17.6755580902
    endloop
  endfacet
  facet normal -0.202988922596 0.438751161098 -0.875381588936
    outer loop
      vertex 167.56817627 151.452590942 18.4522857666
      vertex 167.959030151 152.034927368 17.4712810516
      vertex 167.37840271 152.034927368 17.2026519775
    endloop
  endfacet
  facet normal -0.154363140464 0.458125114441 -0.875381886959
    outer loop
      vertex 167.56817627 151.452590942 18.4522857666
      vertex 168.282791138 151.452590942 18.6930713654
      vertex 167.959030151 152.034927368 17.4712810516
    endloop
  endfacet
  facet normal -0.249239161611 0.414229810238 -0.875381946564
    outer loop
      vertex 166.883773804 151.452590942 18.1356449127
      vertex 167.37840271 152.034927368 17.2026519775
      vertex 166.830230713 152.034927368 16.8728199005
    endloop
  endfacet
  facet normal -0.202986896038 0.438751071692 -0.875382065773
    outer loop
      vertex 166.883773804 151.452590942 18.1356449127
      vertex 167.56817627 151.452590942 18.4522857666
      vertex 167.37840271 152.034927368 17.2026519775
    endloop
  endfacet
  facet normal -0.292560607195 0.384853750467 -0.875383257866
    outer loop
      vertex 166.237609863 151.452590942 17.7468643188
      vertex 166.830230713 152.034927368 16.8728199005
      vertex 166.32093811 152.034927368 16.4856548309
    endloop
  endfacet
  facet normal -0.249233961105 0.414230197668 -0.875383198261
    outer loop
      vertex 166.237609863 151.452590942 17.7468643188
      vertex 166.883773804 151.452590942 18.1356449127
      vertex 166.830230713 152.034927368 16.8728199005
    endloop
  endfacet
  facet normal -0.332452118397 0.350968927145 -0.875383555889
    outer loop
      vertex 165.637283325 151.452590942 17.2905006409
      vertex 166.32093811 152.034927368 16.4856548309
      vertex 165.856460571 152.034927368 16.0456905365
    endloop
  endfacet
  facet normal -0.29256016016 0.384853810072 -0.875383377075
    outer loop
      vertex 165.637283325 151.452590942 17.2905006409
      vertex 166.237609863 151.452590942 17.7468643188
      vertex 166.32093811 152.034927368 16.4856548309
    endloop
  endfacet
  facet normal -0.368446439505 0.312971770763 -0.875383257866
    outer loop
      vertex 165.089797974 151.452590942 16.7719039917
      vertex 165.856460571 152.034927368 16.0456905365
      vertex 165.442276001 152.034927368 15.5580892563
    endloop
  endfacet
  facet normal -0.332454293966 0.350968301296 -0.875383019447
    outer loop
      vertex 165.089797974 151.452590942 16.7719039917
      vertex 165.637283325 151.452590942 17.2905006409
      vertex 165.856460571 152.034927368 16.0456905365
    endloop
  endfacet
  facet normal -0.400132328272 0.271293520927 -0.875382184982
    outer loop
      vertex 164.601593018 151.452590942 16.1971549988
      vertex 165.442276001 152.034927368 15.5580892563
      vertex 165.083251953 152.034927368 15.0285654068
    endloop
  endfacet
  facet normal -0.368450671434 0.312969982624 -0.875382125378
    outer loop
      vertex 164.601593018 151.452590942 16.1971549988
      vertex 165.089797974 151.452590942 16.7719039917
      vertex 165.442276001 152.034927368 15.5580892563
    endloop
  endfacet
  facet normal -0.427119582891 0.226447373629 -0.875380158424
    outer loop
      vertex 164.178421021 151.452590942 15.5729913712
      vertex 165.083251953 152.034927368 15.0285654068
      vertex 164.783584595 152.034927368 14.4633283615
    endloop
  endfacet
  facet normal -0.400138407946 0.271290153265 -0.875380456448
    outer loop
      vertex 164.178421021 151.452590942 15.5729913712
      vertex 164.601593018 151.452590942 16.1971549988
      vertex 165.083251953 152.034927368 15.0285654068
    endloop
  endfacet
  facet normal -0.449096173048 0.178933992982 -0.875382900238
    outer loop
      vertex 163.825180054 151.452590942 14.9067325592
      vertex 164.783584595 152.034927368 14.4633283615
      vertex 164.546783447 152.034927368 13.8690052032
    endloop
  endfacet
  facet normal -0.427111446857 0.226453110576 -0.875382661819
    outer loop
      vertex 163.825180054 151.452590942 14.9067325592
      vertex 164.178421021 151.452590942 15.5729913712
      vertex 164.783584595 152.034927368 14.4633283615
    endloop
  endfacet
  facet normal -0.46581146121 0.129328712821 -0.875382065773
    outer loop
      vertex 163.546051025 151.452590942 14.2061872482
      vertex 164.546783447 152.034927368 13.8690052032
      vertex 164.375640869 152.034927368 13.2525625229
    endloop
  endfacet
  facet normal -0.449098229408 0.17893217504 -0.875382244587
    outer loop
      vertex 163.546051025 151.452590942 14.2061872482
      vertex 163.825180054 151.452590942 14.9067325592
      vertex 164.546783447 152.034927368 13.8690052032
    endloop
  endfacet
  facet normal -0.477066785097 0.078215919435 -0.875379681587
    outer loop
      vertex 163.344329834 151.452590942 13.4795713425
      vertex 164.375640869 152.034927368 13.2525625229
      vertex 164.272125244 152.034927368 12.6212291718
    endloop
  endfacet
  facet normal -0.465817451477 0.129322141409 -0.875379860401
    outer loop
      vertex 163.344329834 151.452590942 13.4795713425
      vertex 163.546051025 151.452590942 14.2061872482
      vertex 164.375640869 152.034927368 13.2525625229
    endloop
  endfacet
  facet normal -0.477065056562 0.0782182961702 -0.875380396843
    outer loop
      vertex 163.222320557 151.452590942 12.7354021072
      vertex 163.344329834 151.452590942 13.4795713425
      vertex 164.272125244 152.034927368 12.6212291718
    endloop
  endfacet
  facet normal 0.570924043655 0.09360717237 -0.815649092197
    outer loop
      vertex 178.048034668 150.755599976 12.841799736
      vertex 177.069702148 151.452590942 12.7354011536
      vertex 176.947692871 151.452590942 13.4795703888
    endloop
  endfacet
  facet normal 0.557460725307 0.154779136181 -0.815647542477
    outer loop
      vertex 177.908782959 150.755599976 13.6911211014
      vertex 176.947692871 151.452590942 13.4795703888
      vertex 176.745956421 151.452590942 14.2061872482
    endloop
  endfacet
  facet normal 0.570925235748 0.0936106070876 -0.8156478405
    outer loop
      vertex 177.908782959 150.755599976 13.6911211014
      vertex 178.048034668 150.755599976 12.841799736
      vertex 176.947692871 151.452590942 13.4795703888
    endloop
  endfacet
  facet normal 0.537452638149 0.214134812355 -0.815653681755
    outer loop
      vertex 177.678543091 150.755599976 14.5204076767
      vertex 176.745956421 151.452590942 14.2061872482
      vertex 176.466842651 151.452590942 14.9067325592
    endloop
  endfacet
  facet normal 0.557456791401 0.154762253165 -0.815653443336
    outer loop
      vertex 177.678543091 150.755599976 14.5204076767
      vertex 177.908782959 150.755599976 13.6911211014
      vertex 176.745956421 151.452590942 14.2061872482
    endloop
  endfacet
  facet normal 0.511156737804 0.270999282598 -0.815645873547
    outer loop
      vertex 177.359970093 150.755599976 15.319937706
      vertex 176.466842651 151.452590942 14.9067325592
      vertex 176.113601685 151.452590942 15.5729904175
    endloop
  endfacet
  facet normal 0.537455260754 0.214156642556 -0.815646231174
    outer loop
      vertex 177.359970093 150.755599976 15.319937706
      vertex 177.678543091 150.755599976 14.5204076767
      vertex 176.466842651 151.452590942 14.9067325592
    endloop
  endfacet
  facet normal 0.47885453701 0.324673831463 -0.815650165081
    outer loop
      vertex 176.956848145 150.755599976 16.0803413391
      vertex 176.113601685 151.452590942 15.5729904175
      vertex 175.690414429 151.452590942 16.1971530914
    endloop
  endfacet
  facet normal 0.511156618595 0.270986557007 -0.815650165081
    outer loop
      vertex 176.956848145 150.755599976 16.0803413391
      vertex 177.359970093 150.755599976 15.319937706
      vertex 176.113601685 151.452590942 15.5729904175
    endloop
  endfacet
  facet normal 0.44094979763 0.374536603689 -0.8156504035
    outer loop
      vertex 176.473846436 150.755599976 16.7926979065
      vertex 175.690414429 151.452590942 16.1971530914
      vertex 175.202224731 151.452590942 16.7719039917
    endloop
  endfacet
  facet normal 0.478854626417 0.324672818184 -0.815650522709
    outer loop
      vertex 176.473846436 150.755599976 16.7926979065
      vertex 176.956848145 150.755599976 16.0803413391
      vertex 175.690414429 151.452590942 16.1971530914
    endloop
  endfacet
  facet normal 0.39786863327 0.420025467873 -0.815646469593
    outer loop
      vertex 175.916671753 150.755599976 17.4486579895
      vertex 175.202224731 151.452590942 16.7719039917
      vertex 174.654754639 151.452590942 17.2905006409
    endloop
  endfacet
  facet normal 0.440947502851 0.374547749758 -0.815646529198
    outer loop
      vertex 175.916671753 150.755599976 17.4486579895
      vertex 176.473846436 150.755599976 16.7926979065
      vertex 175.202224731 151.452590942 16.7719039917
    endloop
  endfacet
  facet normal 0.350123465061 0.460577607155 -0.815648078918
    outer loop
      vertex 175.2918396 150.755599976 18.0405330658
      vertex 174.654754639 151.452590942 17.2905006409
      vertex 174.054412842 151.452590942 17.7468643188
    endloop
  endfacet
  facet normal 0.397870182991 0.420020729303 -0.815648138523
    outer loop
      vertex 175.2918396 150.755599976 18.0405330658
      vertex 175.916671753 150.755599976 17.4486579895
      vertex 174.654754639 151.452590942 17.2905006409
    endloop
  endfacet
  facet normal 0.298272907734 0.495734214783 -0.815647482872
    outer loop
      vertex 174.606674194 150.755599976 18.5613803864
      vertex 174.054412842 151.452590942 17.7468643188
      vertex 173.40826416 151.452590942 18.1356449127
    endloop
  endfacet
  facet normal 0.350122928619 0.460578799248 -0.815647661686
    outer loop
      vertex 174.606674194 150.755599976 18.5613803864
      vertex 175.2918396 150.755599976 18.0405330658
      vertex 174.054412842 151.452590942 17.7468643188
    endloop
  endfacet
  facet normal 0.242926552892 0.525077104568 -0.815647423267
    outer loop
      vertex 173.869216919 150.755599976 19.0050945282
      vertex 173.40826416 151.452590942 18.1356449127
      vertex 172.723846436 151.452590942 18.4522857666
    endloop
  endfacet
  facet normal 0.298273086548 0.495733916759 -0.815647602081
    outer loop
      vertex 173.869216919 150.755599976 19.0050945282
      vertex 174.606674194 150.755599976 18.5613803864
      vertex 173.40826416 151.452590942 18.1356449127
    endloop
  endfacet
  facet normal 0.18473482132 0.548263370991 -0.815647184849
    outer loop
      vertex 173.088104248 150.755599976 19.366476059
      vertex 172.723846436 151.452590942 18.4522857666
      vertex 172.009231567 151.452590942 18.6930713654
    endloop
  endfacet
  facet normal 0.242926299572 0.525077462196 -0.815647304058
    outer loop
      vertex 173.088104248 150.755599976 19.366476059
      vertex 173.869216919 150.755599976 19.0050945282
      vertex 172.723846436 151.452590942 18.4522857666
    endloop
  endfacet
  facet normal 0.124367408454 0.565025210381 -0.815646529198
    outer loop
      vertex 172.272506714 150.755599976 19.64128685
      vertex 172.009231567 151.452590942 18.6930713654
      vertex 171.272750854 151.452590942 18.8551807404
    endloop
  endfacet
  facet normal 0.184733316302 0.548265039921 -0.815646409988
    outer loop
      vertex 172.272506714 150.755599976 19.64128685
      vertex 173.088104248 150.755599976 19.366476059
      vertex 172.009231567 151.452590942 18.6930713654
    endloop
  endfacet
  facet normal 0.0625536441803 0.575158178806 -0.815647065639
    outer loop
      vertex 171.43196106 150.755599976 19.8263015747
      vertex 171.272750854 151.452590942 18.8551807404
      vertex 170.523071289 151.452590942 18.936712265
    endloop
  endfacet
  facet normal 0.12436915189 0.565023720264 -0.815647304058
    outer loop
      vertex 171.43196106 150.755599976 19.8263015747
      vertex 172.272506714 150.755599976 19.64128685
      vertex 171.272750854 151.452590942 18.8551807404
    endloop
  endfacet
  facet normal 0 0.57854950428 -0.815647304058
    outer loop
      vertex 170.576339722 150.755599976 19.9193572998
      vertex 170.523071289 151.452590942 18.936712265
      vertex 169.768951416 151.452590942 18.936712265
    endloop
  endfacet
  facet normal 0.0625532120466 0.57515847683 -0.815646886826
    outer loop
      vertex 170.576339722 150.755599976 19.9193572998
      vertex 171.43196106 150.755599976 19.8263015747
      vertex 170.523071289 151.452590942 18.936712265
    endloop
  endfacet
  facet normal -0.0625536739826 0.575158417225 -0.815646886826
    outer loop
      vertex 169.715682983 150.755599976 19.9193572998
      vertex 169.768951416 151.452590942 18.936712265
      vertex 169.019287109 151.452590942 18.8551807404
    endloop
  endfacet
  facet normal 0 0.57854950428 -0.815647304058
    outer loop
      vertex 169.715682983 150.755599976 19.9193572998
      vertex 170.576339722 150.755599976 19.9193572998
      vertex 169.768951416 151.452590942 18.936712265
    endloop
  endfacet
  facet normal -0.124367147684 0.565024077892 -0.815647363663
    outer loop
      vertex 168.860076904 150.755599976 19.8263015747
      vertex 169.019287109 151.452590942 18.8551807404
      vertex 168.282791138 151.452590942 18.6930713654
    endloop
  endfacet
  facet normal -0.0625531896949 0.575158238411 -0.815647065639
    outer loop
      vertex 168.860076904 150.755599976 19.8263015747
      vertex 169.715682983 150.755599976 19.9193572998
      vertex 169.019287109 151.452590942 18.8551807404
    endloop
  endfacet
  facet normal -0.184735178947 0.548264443874 -0.815646350384
    outer loop
      vertex 168.01953125 150.755599976 19.64128685
      vertex 168.282791138 151.452590942 18.6930713654
      vertex 167.56817627 151.452590942 18.4522857666
    endloop
  endfacet
  facet normal -0.124369375408 0.565024733543 -0.815646588802
    outer loop
      vertex 168.01953125 150.755599976 19.64128685
      vertex 168.860076904 150.755599976 19.8263015747
      vertex 168.282791138 151.452590942 18.6930713654
    endloop
  endfacet
  facet normal -0.242925420403 0.525077223778 -0.815647661686
    outer loop
      vertex 167.203918457 150.755599976 19.3664779663
      vertex 167.56817627 151.452590942 18.4522857666
      vertex 166.883773804 151.452590942 18.1356449127
    endloop
  endfacet
  facet normal -0.184731900692 0.548263907433 -0.815647482872
    outer loop
      vertex 167.203918457 150.755599976 19.3664779663
      vertex 168.01953125 150.755599976 19.64128685
      vertex 167.56817627 151.452590942 18.4522857666
    endloop
  endfacet
  facet normal -0.298273384571 0.495734363794 -0.815647244453
    outer loop
      vertex 166.422805786 150.755599976 19.0050945282
      vertex 166.883773804 151.452590942 18.1356449127
      vertex 166.237609863 151.452590942 17.7468643188
    endloop
  endfacet
  facet normal -0.242927283049 0.525077342987 -0.815647065639
    outer loop
      vertex 166.422805786 150.755599976 19.0050945282
      vertex 167.203918457 150.755599976 19.3664779663
      vertex 166.883773804 151.452590942 18.1356449127
    endloop
  endfacet
  facet normal -0.350124567747 0.460578024387 -0.815647363663
    outer loop
      vertex 165.685348511 150.755599976 18.5613803864
      vertex 166.237609863 151.452590942 17.7468643188
      vertex 165.637283325 151.452590942 17.2905006409
    endloop
  endfacet
  facet normal -0.298273324966 0.495734363794 -0.815647244453
    outer loop
      vertex 165.685348511 150.755599976 18.5613803864
      vertex 166.422805786 150.755599976 19.0050945282
      vertex 166.237609863 151.452590942 17.7468643188
    endloop
  endfacet
  facet normal -0.397866874933 0.420023620129 -0.815648257732
    outer loop
      vertex 165.000183105 150.755599976 18.0405330658
      vertex 165.637283325 151.452590942 17.2905006409
      vertex 165.089797974 151.452590942 16.7719039917
    endloop
  endfacet
  facet normal -0.350122570992 0.460578352213 -0.815648078918
    outer loop
      vertex 165.000183105 150.755599976 18.0405330658
      vertex 165.685348511 150.755599976 18.5613803864
      vertex 165.637283325 151.452590942 17.2905006409
    endloop
  endfacet
  facet normal -0.440945863724 0.374548971653 -0.815646886826
    outer loop
      vertex 164.375366211 150.755599976 17.4486598969
      vertex 165.089797974 151.452590942 16.7719039917
      vertex 164.601593018 151.452590942 16.1971549988
    endloop
  endfacet
  facet normal -0.397870868444 0.420022577047 -0.815646886826
    outer loop
      vertex 164.375366211 150.755599976 17.4486598969
      vertex 165.000183105 150.755599976 18.0405330658
      vertex 165.089797974 151.452590942 16.7719039917
    endloop
  endfacet
  facet normal -0.478866636753 0.324667155743 -0.815645754337
    outer loop
      vertex 163.81817627 150.755599976 16.7926979065
      vertex 164.601593018 151.452590942 16.1971549988
      vertex 164.178421021 151.452590942 15.5729913712
    endloop
  endfacet
  facet normal -0.440948218107 0.374548077583 -0.815645992756
    outer loop
      vertex 163.81817627 150.755599976 16.7926979065
      vertex 164.375366211 150.755599976 17.4486598969
      vertex 164.601593018 151.452590942 16.1971549988
    endloop
  endfacet
  facet normal -0.511144697666 0.271007269621 -0.815650761127
    outer loop
      vertex 163.335189819 150.755599976 16.0803413391
      vertex 164.178421021 151.452590942 15.5729913712
      vertex 163.825180054 151.452590942 14.9067325592
    endloop
  endfacet
  facet normal -0.47885504365 0.324673116207 -0.815650165081
    outer loop
      vertex 163.335189819 150.755599976 16.0803413391
      vertex 163.81817627 150.755599976 16.7926979065
      vertex 164.178421021 151.452590942 15.5729913712
    endloop
  endfacet
  facet normal -0.537469446659 0.214141517878 -0.815640866756
    outer loop
      vertex 162.932067871 150.755599976 15.3199396133
      vertex 163.825180054 151.452590942 14.9067325592
      vertex 163.546051025 151.452590942 14.2061872482
    endloop
  endfacet
  facet normal -0.511167347431 0.270992338657 -0.815641522408
    outer loop
      vertex 162.932067871 150.755599976 15.3199396133
      vertex 163.335189819 150.755599976 16.0803413391
      vertex 163.825180054 151.452590942 14.9067325592
    endloop
  endfacet
  facet normal -0.557463526726 0.154765278101 -0.815648257732
    outer loop
      vertex 162.613479614 150.755599976 14.5204076767
      vertex 163.546051025 151.452590942 14.2061872482
      vertex 163.344329834 151.452590942 13.4795713425
    endloop
  endfacet
  facet normal -0.537452816963 0.214155301452 -0.815648198128
    outer loop
      vertex 162.613479614 150.755599976 14.5204076767
      vertex 162.932067871 150.755599976 15.3199396133
      vertex 163.546051025 151.452590942 14.2061872482
    endloop
  endfacet
  facet normal -0.570925891399 0.0936074703932 -0.815647780895
    outer loop
      vertex 162.383255005 150.755599976 13.6911220551
      vertex 163.344329834 151.452590942 13.4795713425
      vertex 163.222320557 151.452590942 12.7354021072
    endloop
  endfacet
  facet normal -0.557464241982 0.154764533043 -0.815647959709
    outer loop
      vertex 162.383255005 150.755599976 13.6911220551
      vertex 162.613479614 150.755599976 14.5204076767
      vertex 163.344329834 151.452590942 13.4795713425
    endloop
  endfacet
  facet normal -0.570928156376 0.0936045646667 -0.815646529198
    outer loop
      vertex 162.244003296 150.755599976 12.8418006897
      vertex 162.383255005 150.755599976 13.6911220551
      vertex 163.222320557 151.452590942 12.7354021072
    endloop
  endfacet
  facet normal 0.657565653324 0.107816427946 -0.745642662048
    outer loop
      vertex 178.942520142 149.952697754 12.9390821457
      vertex 178.048034668 150.755599976 12.841799736
      vertex 177.908782959 150.755599976 13.6911211014
    endloop
  endfacet
  facet normal 0.64205789566 0.178249374032 -0.745646595955
    outer loop
      vertex 178.787506104 149.952697754 13.8845443726
      vertex 177.908782959 150.755599976 13.6911211014
      vertex 177.678543091 150.755599976 14.5204076767
    endloop
  endfacet
  facet normal 0.657562792301 0.107808582485 -0.745646357536
    outer loop
      vertex 178.787506104 149.952697754 13.8845443726
      vertex 178.942520142 149.952697754 12.9390821457
      vertex 177.908782959 150.755599976 13.6911211014
    endloop
  endfacet
  facet normal 0.619016826153 0.246655985713 -0.745639979839
    outer loop
      vertex 178.531204224 149.952697754 14.8077049255
      vertex 177.678543091 150.755599976 14.5204076767
      vertex 177.359970093 150.755599976 15.319937706
    endloop
  endfacet
  facet normal 0.642061412334 0.17826372385 -0.745640099049
    outer loop
      vertex 178.531204224 149.952697754 14.8077049255
      vertex 178.787506104 149.952697754 13.8845443726
      vertex 177.678543091 150.755599976 14.5204076767
    endloop
  endfacet
  facet normal 0.588718891144 0.312105745077 -0.745654165745
    outer loop
      vertex 178.176589966 149.952697754 15.6977405548
      vertex 177.359970093 150.755599976 15.319937706
      vertex 176.956848145 150.755599976 16.0803413391
    endloop
  endfacet
  facet normal 0.619012594223 0.246624544263 -0.745653927326
    outer loop
      vertex 178.176589966 149.952697754 15.6977405548
      vertex 178.531204224 149.952697754 14.8077049255
      vertex 177.359970093 150.755599976 15.319937706
    endloop
  endfacet
  facet normal 0.551526606083 0.373945832253 -0.745642602444
    outer loop
      vertex 177.727798462 149.952697754 16.5442199707
      vertex 176.956848145 150.755599976 16.0803413391
      vertex 176.473846436 150.755599976 16.7926979065
    endloop
  endfacet
  facet normal 0.588719546795 0.312131881714 -0.745642662048
    outer loop
      vertex 177.727798462 149.952697754 16.5442199707
      vertex 178.176589966 149.952697754 15.6977405548
      vertex 176.956848145 150.755599976 16.0803413391
    endloop
  endfacet
  facet normal 0.507858335972 0.431382864714 -0.74564653635
    outer loop
      vertex 177.190155029 149.952697754 17.3372135162
      vertex 176.473846436 150.755599976 16.7926979065
      vertex 175.916671753 150.755599976 17.4486579895
    endloop
  endfacet
  facet normal 0.551527321339 0.373937040567 -0.745646476746
    outer loop
      vertex 177.190155029 149.952697754 17.3372135162
      vertex 177.727798462 149.952697754 16.5442199707
      vertex 176.473846436 150.755599976 16.7926979065
    endloop
  endfacet
  facet normal 0.458245396614 0.483757227659 -0.74564743042
    outer loop
      vertex 176.569900513 149.952697754 18.0674285889
      vertex 175.916671753 150.755599976 17.4486579895
      vertex 175.2918396 150.755599976 18.0405330658
    endloop
  endfacet
  facet normal 0.507858753204 0.431380808353 -0.74564743042
    outer loop
      vertex 176.569900513 149.952697754 18.0674285889
      vertex 177.190155029 149.952697754 17.3372135162
      vertex 175.916671753 150.755599976 17.4486579895
    endloop
  endfacet
  facet normal 0.403251349926 0.530468046665 -0.745648682117
    outer loop
      vertex 175.874343872 149.952697754 18.7263031006
      vertex 175.2918396 150.755599976 18.0405330658
      vertex 174.606674194 150.755599976 18.5613803864
    endloop
  endfacet
  facet normal 0.458246290684 0.483754277229 -0.745648801327
    outer loop
      vertex 175.874343872 149.952697754 18.7263031006
      vertex 176.569900513 149.952697754 18.0674285889
      vertex 175.2918396 150.755599976 18.0405330658
    endloop
  endfacet
  facet normal 0.343536287546 0.570962011814 -0.745644152164
    outer loop
      vertex 175.111602783 149.952697754 19.3061103821
      vertex 174.606674194 150.755599976 18.5613803864
      vertex 173.869216919 150.755599976 19.0050945282
    endloop
  endfacet
  facet normal 0.403247088194 0.530477941036 -0.745643973351
    outer loop
      vertex 175.111602783 149.952697754 19.3061103821
      vertex 175.874343872 149.952697754 18.7263031006
      vertex 174.606674194 150.755599976 18.5613803864
    endloop
  endfacet
  facet normal 0.279789596796 0.604756295681 -0.74564576149
    outer loop
      vertex 174.290664673 149.952697754 19.8000526428
      vertex 173.869216919 150.755599976 19.0050945282
      vertex 173.088104248 150.755599976 19.366476059
    endloop
  endfacet
  facet normal 0.343537777662 0.57095938921 -0.745645463467
    outer loop
      vertex 174.290664673 149.952697754 19.8000526428
      vertex 175.111602783 149.952697754 19.3061103821
      vertex 173.869216919 150.755599976 19.0050945282
    endloop
  endfacet
  facet normal 0.212765932083 0.631462275982 -0.745644688606
    outer loop
      vertex 173.421127319 149.952697754 20.2023429871
      vertex 173.088104248 150.755599976 19.366476059
      vertex 172.272506714 150.755599976 19.64128685
    endloop
  endfacet
  facet normal 0.279787272215 0.604759514332 -0.745644032955
    outer loop
      vertex 173.421127319 149.952697754 20.2023429871
      vertex 174.290664673 149.952697754 19.8000526428
      vertex 173.088104248 150.755599976 19.366476059
    endloop
  endfacet
  facet normal 0.143241733313 0.6507640481 -0.745645999908
    outer loop
      vertex 172.513214111 149.952697754 20.5082588196
      vertex 172.272506714 150.755599976 19.64128685
      vertex 171.43196106 150.755599976 19.8263015747
    endloop
  endfacet
  facet normal 0.212767660618 0.631460368633 -0.745645880699
    outer loop
      vertex 172.513214111 149.952697754 20.5082588196
      vertex 173.421127319 149.952697754 20.2023429871
      vertex 172.272506714 150.755599976 19.64128685
    endloop
  endfacet
  facet normal 0.0720454081893 0.662436425686 -0.745645701885
    outer loop
      vertex 171.577514648 149.952697754 20.7142162323
      vertex 171.43196106 150.755599976 19.8263015747
      vertex 170.576339722 150.755599976 19.9193572998
    endloop
  endfacet
  facet normal 0.143240526319 0.650765120983 -0.745645284653
    outer loop
      vertex 171.577514648 149.952697754 20.7142162323
      vertex 172.513214111 149.952697754 20.5082588196
      vertex 171.43196106 150.755599976 19.8263015747
    endloop
  endfacet
  facet normal 0 0.666342675686 -0.745645642281
    outer loop
      vertex 170.625061035 149.952697754 20.8178043365
      vertex 170.576339722 150.755599976 19.9193572998
      vertex 169.715682983 150.755599976 19.9193572998
    endloop
  endfacet
  facet normal 0.0720452368259 0.662436544895 -0.745645582676
    outer loop
      vertex 170.625061035 149.952697754 20.8178043365
      vertex 171.577514648 149.952697754 20.7142162323
      vertex 170.576339722 150.755599976 19.9193572998
    endloop
  endfacet
  facet normal -0.0720454156399 0.662436485291 -0.745645582676
    outer loop
      vertex 169.666976929 149.952697754 20.8178043365
      vertex 169.715682983 150.755599976 19.9193572998
      vertex 168.860076904 150.755599976 19.8263015747
    endloop
  endfacet
  facet normal 0 0.666342675686 -0.745645642281
    outer loop
      vertex 169.666976929 149.952697754 20.8178043365
      vertex 170.625061035 149.952697754 20.8178043365
      vertex 169.715682983 150.755599976 19.9193572998
    endloop
  endfacet
  facet normal -0.143241912127 0.650764882565 -0.745645225048
    outer loop
      vertex 168.714523315 149.952697754 20.7142162323
      vertex 168.860076904 150.755599976 19.8263015747
      vertex 168.01953125 150.755599976 19.64128685
    endloop
  endfacet
  facet normal -0.0720452219248 0.662436425686 -0.745645701885
    outer loop
      vertex 168.714523315 149.952697754 20.7142162323
      vertex 169.666976929 149.952697754 20.8178043365
      vertex 168.860076904 150.755599976 19.8263015747
    endloop
  endfacet
  facet normal -0.212764427066 0.631461322308 -0.745645940304
    outer loop
      vertex 167.778823853 149.952697754 20.5082588196
      vertex 168.01953125 150.755599976 19.64128685
      vertex 167.203918457 150.755599976 19.3664779663
    endloop
  endfacet
  facet normal -0.143240362406 0.650764405727 -0.745645940304
    outer loop
      vertex 167.778823853 149.952697754 20.5082588196
      vertex 168.714523315 149.952697754 20.7142162323
      vertex 168.01953125 150.755599976 19.64128685
    endloop
  endfacet
  facet normal -0.279790282249 0.604755163193 -0.745646417141
    outer loop
      vertex 166.870880127 149.952697754 20.2023429871
      vertex 167.203918457 150.755599976 19.3664779663
      vertex 166.422805786 150.755599976 19.0050945282
    endloop
  endfacet
  facet normal -0.212763383985 0.631461143494 -0.745646417141
    outer loop
      vertex 166.870880127 149.952697754 20.2023429871
      vertex 167.778823853 149.952697754 20.5082588196
      vertex 167.203918457 150.755599976 19.3664779663
    endloop
  endfacet
  facet normal -0.343535482883 0.570960700512 -0.745645523071
    outer loop
      vertex 166.001358032 149.952697754 19.8000526428
      vertex 166.422805786 150.755599976 19.0050945282
      vertex 165.685348511 150.755599976 18.5613803864
    endloop
  endfacet
  facet normal -0.279791593552 0.604755282402 -0.745645821095
    outer loop
      vertex 166.001358032 149.952697754 19.8000526428
      vertex 166.870880127 149.952697754 20.2023429871
      vertex 166.422805786 150.755599976 19.0050945282
    endloop
  endfacet
  facet normal -0.403254717588 0.530472517014 -0.745643734932
    outer loop
      vertex 165.180419922 149.952697754 19.3061103821
      vertex 165.685348511 150.755599976 18.5613803864
      vertex 165.000183105 150.755599976 18.0405330658
    endloop
  endfacet
  facet normal -0.343538492918 0.570960581303 -0.745644211769
    outer loop
      vertex 165.180419922 149.952697754 19.3061103821
      vertex 166.001358032 149.952697754 19.8000526428
      vertex 165.685348511 150.755599976 18.5613803864
    endloop
  endfacet
  facet normal -0.458243668079 0.483756631613 -0.745648860931
    outer loop
      vertex 164.417678833 149.952697754 18.7263031006
      vertex 165.000183105 150.755599976 18.0405330658
      vertex 164.375366211 150.755599976 17.4486598969
    endloop
  endfacet
  facet normal -0.403244048357 0.530473947525 -0.745648443699
    outer loop
      vertex 164.417678833 149.952697754 18.7263031006
      vertex 165.180419922 149.952697754 19.3061103821
      vertex 165.000183105 150.755599976 18.0405330658
    endloop
  endfacet
  facet normal -0.50785779953 0.431382060051 -0.745647370815
    outer loop
      vertex 163.722137451 149.952697754 18.0674304962
      vertex 164.375366211 150.755599976 17.4486598969
      vertex 163.81817627 150.755599976 16.7926979065
    endloop
  endfacet
  facet normal -0.458247005939 0.483755797148 -0.745647370815
    outer loop
      vertex 163.722137451 149.952697754 18.0674304962
      vertex 164.417678833 149.952697754 18.7263031006
      vertex 164.375366211 150.755599976 17.4486598969
    endloop
  endfacet
  facet normal -0.55152285099 0.373943269253 -0.745646715164
    outer loop
      vertex 163.101882935 149.952697754 17.3372154236
      vertex 163.81817627 150.755599976 16.7926979065
      vertex 163.335189819 150.755599976 16.0803413391
    endloop
  endfacet
  facet normal -0.50785946846 0.431381434202 -0.74564653635
    outer loop
      vertex 163.101882935 149.952697754 17.3372154236
      vertex 163.722137451 149.952697754 18.0674304962
      vertex 163.81817627 150.755599976 16.7926979065
    endloop
  endfacet
  facet normal -0.588730752468 0.312112152576 -0.745642066002
    outer loop
      vertex 162.564224243 149.952697754 16.5442218781
      vertex 163.335189819 150.755599976 16.0803413391
      vertex 162.932067871 150.755599976 15.3199396133
    endloop
  endfacet
  facet normal -0.551530718803 0.373939335346 -0.745642840862
    outer loop
      vertex 162.564224243 149.952697754 16.5442218781
      vertex 163.101882935 149.952697754 17.3372154236
      vertex 163.335189819 150.755599976 16.0803413391
    endloop
  endfacet
  facet normal -0.619005203247 0.246650949121 -0.745651304722
    outer loop
      vertex 162.115447998 149.952697754 15.6977424622
      vertex 162.932067871 150.755599976 15.3199396133
      vertex 162.613479614 150.755599976 14.5204076767
    endloop
  endfacet
  facet normal -0.588714540005 0.312122553587 -0.745650529861
    outer loop
      vertex 162.115447998 149.952697754 15.6977424622
      vertex 162.564224243 149.952697754 16.5442218781
      vertex 162.932067871 150.755599976 15.3199396133
    endloop
  endfacet
  facet normal -0.642065167427 0.178251639009 -0.745639801025
    outer loop
      vertex 161.76083374 149.952697754 14.8077049255
      vertex 162.613479614 150.755599976 14.5204076767
      vertex 162.383255005 150.755599976 13.6911220551
    endloop
  endfacet
  facet normal -0.619024217129 0.246635586023 -0.745640575886
    outer loop
      vertex 161.76083374 149.952697754 14.8077049255
      vertex 162.115447998 149.952697754 15.6977424622
      vertex 162.613479614 150.755599976 14.5204076767
    endloop
  endfacet
  facet normal -0.657562851906 0.107808455825 -0.745646357536
    outer loop
      vertex 161.504516602 149.952697754 13.8845453262
      vertex 162.383255005 150.755599976 13.6911220551
      vertex 162.244003296 150.755599976 12.8418006897
    endloop
  endfacet
  facet normal -0.642054736614 0.178262099624 -0.745646238327
    outer loop
      vertex 161.504516602 149.952697754 13.8845453262
      vertex 161.76083374 149.952697754 14.8077049255
      vertex 162.383255005 150.755599976 13.6911220551
    endloop
  endfacet
  facet normal -0.657558202744 0.107814222574 -0.745649576187
    outer loop
      vertex 161.349502563 149.952697754 12.9390830994
      vertex 161.504516602 149.952697754 13.8845453262
      vertex 162.244003296 150.755599976 12.8418006897
    endloop
  endfacet
  facet normal 0.735901117325 0.120652280748 -0.666252613068
    outer loop
      vertex 179.741912842 149.054000854 13.0260229111
      vertex 178.942520142 149.952697754 12.9390821457
      vertex 178.787506104 149.952697754 13.8845443726
    endloop
  endfacet
  facet normal 0.718537926674 0.199496880174 -0.66626137495
    outer loop
      vertex 179.5728302 149.054000854 14.0574045181
      vertex 178.787506104 149.952697754 13.8845443726
      vertex 178.531204224 149.952697754 14.8077049255
    endloop
  endfacet
  facet normal 0.735895812511 0.120637461543 -0.666261196136
    outer loop
      vertex 179.5728302 149.054000854 14.0574045181
      vertex 179.741912842 149.054000854 13.0260229111
      vertex 178.787506104 149.952697754 13.8845443726
    endloop
  endfacet
  facet normal 0.692758798599 0.276006221771 -0.666262567043
    outer loop
      vertex 179.293228149 149.054000854 15.0644598007
      vertex 178.531204224 149.952697754 14.8077049255
      vertex 178.176589966 149.952697754 15.6977405548
    endloop
  endfacet
  facet normal 0.718537569046 0.199495449662 -0.666262149811
    outer loop
      vertex 179.293228149 149.054000854 15.0644598007
      vertex 179.5728302 149.054000854 14.0574045181
      vertex 178.531204224 149.952697754 14.8077049255
    endloop
  endfacet
  facet normal 0.658849537373 0.349313944578 -0.666255950928
    outer loop
      vertex 178.906387329 149.054000854 16.0353813171
      vertex 178.176589966 149.952697754 15.6977405548
      vertex 177.727798462 149.952697754 16.5442199707
    endloop
  endfacet
  facet normal 0.69276034832 0.276018112898 -0.666256070137
    outer loop
      vertex 178.906387329 149.054000854 16.0353813171
      vertex 179.293228149 149.054000854 15.0644598007
      vertex 178.176589966 149.952697754 15.6977405548
    endloop
  endfacet
  facet normal 0.617226183414 0.41848102212 -0.666262328625
    outer loop
      vertex 178.416824341 149.054000854 16.9587841034
      vertex 177.727798462 149.952697754 16.5442199707
      vertex 177.190155029 149.952697754 17.3372135162
    endloop
  endfacet
  facet normal 0.658849358559 0.349302083254 -0.666262388229
    outer loop
      vertex 178.416824341 149.054000854 16.9587841034
      vertex 178.906387329 149.054000854 16.0353813171
      vertex 177.727798462 149.952697754 16.5442199707
    endloop
  endfacet
  facet normal 0.56836271286 0.482773542404 -0.666253387928
    outer loop
      vertex 177.830291748 149.054000854 17.8238430023
      vertex 177.190155029 149.952697754 17.3372135162
      vertex 176.569900513 149.952697754 18.0674285889
    endloop
  endfacet
  facet normal 0.617224633694 0.418497949839 -0.666253089905
    outer loop
      vertex 177.830291748 149.054000854 17.8238430023
      vertex 178.416824341 149.054000854 16.9587841034
      vertex 177.190155029 149.952697754 17.3372135162
    endloop
  endfacet
  facet normal 0.512840330601 0.54138725996 -0.666254162788
    outer loop
      vertex 177.153671265 149.054000854 18.6204185486
      vertex 176.569900513 149.952697754 18.0674285889
      vertex 175.874343872 149.952697754 18.7263031006
    endloop
  endfacet
  facet normal 0.56836271286 0.482773393393 -0.666253447533
    outer loop
      vertex 177.153671265 149.054000854 18.6204185486
      vertex 177.830291748 149.054000854 17.8238430023
      vertex 176.569900513 149.952697754 18.0674285889
    endloop
  endfacet
  facet normal 0.451287150383 0.593675434589 -0.666250288486
    outer loop
      vertex 176.394897461 149.054000854 19.3391666412
      vertex 175.874343872 149.952697754 18.7263031006
      vertex 175.111602783 149.952697754 19.3061103821
    endloop
  endfacet
  facet normal 0.512837707996 0.541395545006 -0.666249454021
    outer loop
      vertex 176.394897461 149.054000854 19.3391666412
      vertex 177.153671265 149.054000854 18.6204185486
      vertex 175.874343872 149.952697754 18.7263031006
    endloop
  endfacet
  facet normal 0.384460300207 0.638972640038 -0.66626137495
    outer loop
      vertex 175.56288147 149.054000854 19.9716625214
      vertex 175.111602783 149.952697754 19.3061103821
      vertex 174.290664673 149.952697754 19.8000526428
    endloop
  endfacet
  facet normal 0.45129570365 0.593656003475 -0.666261792183
    outer loop
      vertex 175.56288147 149.054000854 19.9716625214
      vertex 176.394897461 149.054000854 19.3391666412
      vertex 175.111602783 149.952697754 19.3061103821
    endloop
  endfacet
  facet normal 0.313116252422 0.676800012589 -0.666258215904
    outer loop
      vertex 174.667327881 149.054000854 20.5104961395
      vertex 174.290664673 149.952697754 19.8000526428
      vertex 173.421127319 149.952697754 20.2023429871
    endloop
  endfacet
  facet normal 0.384457588196 0.638977348804 -0.666258454323
    outer loop
      vertex 174.667327881 149.054000854 20.5104961395
      vertex 175.56288147 149.054000854 19.9716625214
      vertex 174.290664673 149.952697754 19.8000526428
    endloop
  endfacet
  facet normal 0.23811365664 0.706683218479 -0.666258752346
    outer loop
      vertex 173.718765259 149.054000854 20.9493427277
      vertex 173.421127319 149.952697754 20.2023429871
      vertex 172.513214111 149.952697754 20.5082588196
    endloop
  endfacet
  facet normal 0.313117176294 0.676798760891 -0.666259050369
    outer loop
      vertex 173.718765259 149.054000854 20.9493427277
      vertex 174.667327881 149.054000854 20.5104961395
      vertex 173.421127319 149.952697754 20.2023429871
    endloop
  endfacet
  facet normal 0.160304173827 0.728288114071 -0.666257441044
    outer loop
      vertex 172.72833252 149.054000854 21.2830619812
      vertex 172.513214111 149.952697754 20.5082588196
      vertex 171.577514648 149.952697754 20.7142162323
    endloop
  endfacet
  facet normal 0.238111630082 0.706685423851 -0.666257143021
    outer loop
      vertex 172.72833252 149.054000854 21.2830619812
      vertex 173.718765259 149.054000854 20.9493427277
      vertex 172.513214111 149.952697754 20.5082588196
    endloop
  endfacet
  facet normal 0.0806275084615 0.741348206997 -0.66625970602
    outer loop
      vertex 171.707611084 149.054000854 21.5077400208
      vertex 171.577514648 149.952697754 20.7142162323
      vertex 170.625061035 149.952697754 20.8178043365
    endloop
  endfacet
  facet normal 0.160307362676 0.728285312653 -0.666259765625
    outer loop
      vertex 171.707611084 149.054000854 21.5077400208
      vertex 172.72833252 149.054000854 21.2830619812
      vertex 171.577514648 149.952697754 20.7142162323
    endloop
  endfacet
  facet normal 0 0.745720207691 -0.666259229183
    outer loop
      vertex 170.66859436 149.054000854 21.6207389832
      vertex 170.625061035 149.952697754 20.8178043365
      vertex 169.666976929 149.952697754 20.8178043365
    endloop
  endfacet
  facet normal 0.0806270837784 0.74134850502 -0.666259467602
    outer loop
      vertex 170.66859436 149.054000854 21.6207389832
      vertex 171.707611084 149.054000854 21.5077400208
      vertex 170.625061035 149.952697754 20.8178043365
    endloop
  endfacet
  facet normal -0.0806275382638 0.74134850502 -0.666259407997
    outer loop
      vertex 169.623443604 149.054000854 21.6207389832
      vertex 169.666976929 149.952697754 20.8178043365
      vertex 168.714523315 149.952697754 20.7142162323
    endloop
  endfacet
  facet normal 0 0.745720207691 -0.666259229183
    outer loop
      vertex 169.623443604 149.054000854 21.6207389832
      vertex 170.66859436 149.054000854 21.6207389832
      vertex 169.666976929 149.952697754 20.8178043365
    endloop
  endfacet
  facet normal -0.160303726792 0.728286027908 -0.66625982523
    outer loop
      vertex 168.58442688 149.054000854 21.5077400208
      vertex 168.714523315 149.952697754 20.7142162323
      vertex 167.778823853 149.952697754 20.5082588196
    endloop
  endfacet
  facet normal -0.0806270614266 0.741348266602 -0.66625970602
    outer loop
      vertex 168.58442688 149.054000854 21.5077400208
      vertex 169.623443604 149.054000854 21.6207389832
      vertex 168.714523315 149.952697754 20.7142162323
    endloop
  endfacet
  facet normal -0.238109529018 0.706686079502 -0.666257202625
    outer loop
      vertex 167.563705444 149.054000854 21.2830619812
      vertex 167.778823853 149.952697754 20.5082588196
      vertex 166.870880127 149.952697754 20.2023429871
    endloop
  endfacet
  facet normal -0.160307779908 0.728287220001 -0.666257560253
    outer loop
      vertex 167.563705444 149.054000854 21.2830619812
      vertex 168.58442688 149.054000854 21.5077400208
      vertex 167.778823853 149.952697754 20.5082588196
    endloop
  endfacet
  facet normal -0.313122838736 0.676799118519 -0.666256010532
    outer loop
      vertex 166.573272705 149.054000854 20.949344635
      vertex 166.870880127 149.952697754 20.2023429871
      vertex 166.001358032 149.952697754 19.8000526428
    endloop
  endfacet
  facet normal -0.23811045289 0.706686258316 -0.666256666183
    outer loop
      vertex 166.573272705 149.054000854 20.949344635
      vertex 167.563705444 149.054000854 21.2830619812
      vertex 166.870880127 149.952697754 20.2023429871
    endloop
  endfacet
  facet normal -0.384461730719 0.638974964619 -0.666258335114
    outer loop
      vertex 165.624710083 149.054000854 20.5104961395
      vertex 166.001358032 149.952697754 19.8000526428
      vertex 165.180419922 149.952697754 19.3061103821
    endloop
  endfacet
  facet normal -0.313118636608 0.676798820496 -0.666258275509
    outer loop
      vertex 165.624710083 149.054000854 20.5104961395
      vertex 166.573272705 149.054000854 20.949344635
      vertex 166.001358032 149.952697754 19.8000526428
    endloop
  endfacet
  facet normal -0.451280146837 0.593666195869 -0.666263222694
    outer loop
      vertex 164.729156494 149.054000854 19.9716663361
      vertex 165.180419922 149.952697754 19.3061103821
      vertex 164.417678833 149.952697754 18.7263031006
    endloop
  endfacet
  facet normal -0.384454518557 0.638975262642 -0.666262209415
    outer loop
      vertex 164.729156494 149.054000854 19.9716663361
      vertex 165.624710083 149.054000854 20.5104961395
      vertex 165.180419922 149.952697754 19.3061103821
    endloop
  endfacet
  facet normal -0.512842953205 0.541390836239 -0.666249275208
    outer loop
      vertex 163.897140503 149.054000854 19.3391666412
      vertex 164.417678833 149.952697754 18.7263031006
      vertex 163.722137451 149.952697754 18.0674304962
    endloop
  endfacet
  facet normal -0.4513027668 0.593662917614 -0.666250824928
    outer loop
      vertex 163.897140503 149.054000854 19.3391666412
      vertex 164.729156494 149.054000854 19.9716663361
      vertex 164.417678833 149.952697754 18.7263031006
    endloop
  endfacet
  facet normal -0.568362891674 0.482773661613 -0.666253149509
    outer loop
      vertex 163.138366699 149.054000854 18.6204185486
      vertex 163.722137451 149.952697754 18.0674304962
      vertex 163.101882935 149.952697754 17.3372154236
    endloop
  endfacet
  facet normal -0.512835204601 0.541392862797 -0.666253626347
    outer loop
      vertex 163.138366699 149.054000854 18.6204185486
      vertex 163.897140503 149.054000854 19.3391666412
      vertex 163.722137451 149.952697754 18.0674304962
    endloop
  endfacet
  facet normal -0.617230534554 0.418484002352 -0.66625636816
    outer loop
      vertex 162.461730957 149.054000854 17.8238449097
      vertex 163.101882935 149.952697754 17.3372154236
      vertex 162.564224243 149.952697754 16.5442218781
    endloop
  endfacet
  facet normal -0.568356871605 0.48277592659 -0.666256606579
    outer loop
      vertex 162.461730957 149.054000854 17.8238449097
      vertex 163.138366699 149.054000854 18.6204185486
      vertex 163.101882935 149.952697754 17.3372154236
    endloop
  endfacet
  facet normal -0.65884745121 0.349305391312 -0.666262507439
    outer loop
      vertex 161.875213623 149.054000854 16.9587841034
      vertex 162.564224243 149.952697754 16.5442218781
      vertex 162.115447998 149.952697754 15.6977424622
    endloop
  endfacet
  facet normal -0.617221236229 0.418488711119 -0.666262090206
    outer loop
      vertex 161.875213623 149.054000854 16.9587841034
      vertex 162.461730957 149.054000854 17.8238449097
      vertex 162.564224243 149.952697754 16.5442218781
    endloop
  endfacet
  facet normal -0.69276201725 0.276014655828 -0.666255712509
    outer loop
      vertex 161.385650635 149.054000854 16.0353813171
      vertex 162.115447998 149.952697754 15.6977424622
      vertex 161.76083374 149.952697754 14.8077049255
    endloop
  endfacet
  facet normal -0.658857226372 0.349299043417 -0.666256248951
    outer loop
      vertex 161.385650635 149.054000854 16.0353813171
      vertex 161.875213623 149.054000854 16.9587841034
      vertex 162.115447998 149.952697754 15.6977424622
    endloop
  endfacet
  facet normal -0.718537151814 0.199496909976 -0.666262209415
    outer loop
      vertex 160.998794556 149.054000854 15.0644598007
      vertex 161.76083374 149.952697754 14.8077049255
      vertex 161.504516602 149.952697754 13.8845453262
    endloop
  endfacet
  facet normal -0.692752957344 0.276022106409 -0.666262090206
    outer loop
      vertex 160.998794556 149.054000854 15.0644598007
      vertex 161.385650635 149.054000854 16.0353813171
      vertex 161.76083374 149.952697754 14.8077049255
    endloop
  endfacet
  facet normal -0.735884130001 0.120656661689 -0.666270554066
    outer loop
      vertex 160.719177246 149.054000854 14.0574064255
      vertex 161.504516602 149.952697754 13.8845453262
      vertex 161.349502563 149.952697754 12.9390830994
    endloop
  endfacet
  facet normal -0.718527495861 0.199506729841 -0.666269659996
    outer loop
      vertex 160.719177246 149.054000854 14.0574064255
      vertex 160.998794556 149.054000854 15.0644598007
      vertex 161.504516602 149.952697754 13.8845453262
    endloop
  endfacet
  facet normal -0.735899031162 0.120637848973 -0.666257560253
    outer loop
      vertex 160.550109863 149.054000854 13.0260229111
      vertex 160.719177246 149.054000854 14.0574064255
      vertex 161.349502563 149.952697754 12.9390830994
    endloop
  endfacet
  facet normal 0.80491822958 0.131952494383 -0.57852846384
    outer loop
      vertex 180.436157227 148.070861816 13.1015253067
      vertex 179.741912842 149.054000854 13.0260229111
      vertex 179.5728302 149.054000854 14.0574045181
    endloop
  endfacet
  facet normal 0.785937964916 0.218208551407 -0.57852101326
    outer loop
      vertex 180.254837036 148.070861816 14.2075233459
      vertex 179.5728302 149.054000854 14.0574045181
      vertex 179.293228149 149.054000854 15.0644598007
    endloop
  endfacet
  facet normal 0.804921746254 0.131963327527 -0.578521072865
    outer loop
      vertex 180.254837036 148.070861816 14.2075233459
      vertex 180.436157227 148.070861816 13.1015253067
      vertex 179.5728302 149.054000854 14.0574045181
    endloop
  endfacet
  facet normal 0.757743597031 0.301909565926 -0.578511238098
    outer loop
      vertex 179.954986572 148.070861816 15.2874364853
      vertex 179.293228149 149.054000854 15.0644598007
      vertex 178.906387329 149.054000854 16.0353813171
    endloop
  endfacet
  facet normal 0.785941123962 0.218223541975 -0.578511059284
    outer loop
      vertex 179.954986572 148.070861816 15.2874364853
      vertex 180.254837036 148.070861816 14.2075233459
      vertex 179.293228149 149.054000854 15.0644598007
    endloop
  endfacet
  facet normal 0.720654726028 0.382069438696 -0.5785151124
    outer loop
      vertex 179.540161133 148.070861816 16.3285999298
      vertex 178.906387329 149.054000854 16.0353813171
      vertex 178.416824341 149.054000854 16.9587841034
    endloop
  endfacet
  facet normal 0.757743060589 0.301904112101 -0.578514754772
    outer loop
      vertex 179.540161133 148.070861816 16.3285999298
      vertex 179.954986572 148.070861816 15.2874364853
      vertex 178.906387329 149.054000854 16.0353813171
    endloop
  endfacet
  facet normal 0.675112783909 0.457747966051 -0.57852357626
    outer loop
      vertex 179.015197754 148.070861816 17.3188095093
      vertex 178.416824341 149.054000854 16.9587841034
      vertex 177.830291748 149.054000854 17.8238430023
    endloop
  endfacet
  facet normal 0.720654845238 0.382055908442 -0.578523874283
    outer loop
      vertex 179.015197754 148.070861816 17.3188095093
      vertex 179.540161133 148.070861816 16.3285999298
      vertex 178.416824341 149.054000854 16.9587841034
    endloop
  endfacet
  facet normal 0.621668994427 0.528052330017 -0.578522622585
    outer loop
      vertex 178.386230469 148.070861816 18.2464523315
      vertex 177.830291748 149.054000854 17.8238430023
      vertex 177.153671265 149.054000854 18.6204185486
    endloop
  endfacet
  facet normal 0.675112724304 0.457748442888 -0.578523218632
    outer loop
      vertex 178.386230469 148.070861816 18.2464523315
      vertex 179.015197754 148.070861816 17.3188095093
      vertex 177.830291748 149.054000854 17.8238430023
    endloop
  endfacet
  facet normal 0.560932219028 0.592168211937 -0.578525602818
    outer loop
      vertex 177.66065979 148.070861816 19.1006584167
      vertex 177.153671265 149.054000854 18.6204185486
      vertex 176.394897461 149.054000854 19.3391666412
    endloop
  endfacet
  facet normal 0.62167018652 0.528047025204 -0.578526139259
    outer loop
      vertex 177.66065979 148.070861816 19.1006584167
      vertex 178.386230469 148.070861816 18.2464523315
      vertex 177.153671265 149.054000854 18.6204185486
    endloop
  endfacet
  facet normal 0.493626236916 0.649339616299 -0.578525066376
    outer loop
      vertex 176.847000122 148.070861816 19.8714046478
      vertex 176.394897461 149.054000854 19.3391666412
      vertex 175.56288147 149.054000854 19.9716625214
    endloop
  endfacet
  facet normal 0.560932278633 0.592168092728 -0.578525662422
    outer loop
      vertex 176.847000122 148.070861816 19.8714046478
      vertex 177.66065979 148.070861816 19.1006584167
      vertex 176.394897461 149.054000854 19.3391666412
    endloop
  endfacet
  facet normal 0.420522153378 0.698917448521 -0.578511476517
    outer loop
      vertex 175.954742432 148.070861816 20.5496616364
      vertex 175.56288147 149.054000854 19.9716625214
      vertex 174.667327881 149.054000854 20.5104961395
    endloop
  endfacet
  facet normal 0.493616610765 0.649359941483 -0.578510463238
    outer loop
      vertex 175.954742432 148.070861816 20.5496616364
      vertex 176.847000122 148.070861816 19.8714046478
      vertex 175.56288147 149.054000854 19.9716625214
    endloop
  endfacet
  facet normal 0.342488408089 0.740284323692 -0.57851600647
    outer loop
      vertex 174.994415283 148.070861816 21.1274757385
      vertex 174.667327881 149.054000854 20.5104961395
      vertex 173.718765259 149.054000854 20.9493427277
    endloop
  endfacet
  facet normal 0.420525312424 0.698912322521 -0.578515410423
    outer loop
      vertex 174.994415283 148.070861816 21.1274757385
      vertex 175.954742432 148.070861816 20.5496616364
      vertex 174.667327881 149.054000854 20.5104961395
    endloop
  endfacet
  facet normal 0.260445922613 0.772970795631 -0.578518867493
    outer loop
      vertex 173.977233887 148.070861816 21.598072052
      vertex 173.718765259 149.054000854 20.9493427277
      vertex 172.72833252 149.054000854 21.2830619812
    endloop
  endfacet
  facet normal 0.342491149902 0.740280807018 -0.578518867493
    outer loop
      vertex 173.977233887 148.070861816 21.598072052
      vertex 174.994415283 148.070861816 21.1274757385
      vertex 173.718765259 149.054000854 20.9493427277
    endloop
  endfacet
  facet normal 0.175344377756 0.796599328518 -0.578518629074
    outer loop
      vertex 172.915145874 148.070861816 21.9559345245
      vertex 172.72833252 149.054000854 21.2830619812
      vertex 171.707611084 149.054000854 21.5077400208
    endloop
  endfacet
  facet normal 0.260445922613 0.772970795631 -0.578518807888
    outer loop
      vertex 172.915145874 148.070861816 21.9559345245
      vertex 173.977233887 148.070861816 21.598072052
      vertex 172.72833252 149.054000854 21.2830619812
    endloop
  endfacet
  facet normal 0.0881898850203 0.810886800289 -0.578519761562
    outer loop
      vertex 171.820587158 148.070861816 22.1968688965
      vertex 171.707611084 149.054000854 21.5077400208
      vertex 170.66859436 149.054000854 21.6207389832
    endloop
  endfacet
  facet normal 0.175346046686 0.796597957611 -0.578520059586
    outer loop
      vertex 171.820587158 148.070861816 22.1968688965
      vertex 172.915145874 148.070861816 21.9559345245
      vertex 171.707611084 149.054000854 21.5077400208
    endloop
  endfacet
  facet normal 8.61048894077e-17 0.815669000149 -0.578518867493
    outer loop
      vertex 170.706390381 148.070861816 22.3180427551
      vertex 170.66859436 149.054000854 21.6207389832
      vertex 169.623443604 149.054000854 21.6207389832
    endloop
  endfacet
  facet normal 0.0881885290146 0.810887753963 -0.578518688679
    outer loop
      vertex 170.706390381 148.070861816 22.3180427551
      vertex 171.820587158 148.070861816 22.1968688965
      vertex 170.66859436 149.054000854 21.6207389832
    endloop
  endfacet
  facet normal -0.0881899669766 0.81088757515 -0.578518629074
    outer loop
      vertex 169.585632324 148.070861816 22.3180427551
      vertex 169.623443604 149.054000854 21.6207389832
      vertex 168.58442688 149.054000854 21.5077400208
    endloop
  endfacet
  facet normal 0 0.815669000149 -0.578518867493
    outer loop
      vertex 169.585632324 148.070861816 22.3180427551
      vertex 170.706390381 148.070861816 22.3180427551
      vertex 169.623443604 149.054000854 21.6207389832
    endloop
  endfacet
  facet normal -0.175344154239 0.796598374844 -0.57852011919
    outer loop
      vertex 168.471435547 148.070861816 22.1968688965
      vertex 168.58442688 149.054000854 21.5077400208
      vertex 167.563705444 149.054000854 21.2830619812
    endloop
  endfacet
  facet normal -0.0881884545088 0.810886979103 -0.578519701958
    outer loop
      vertex 168.471435547 148.070861816 22.1968688965
      vertex 169.585632324 148.070861816 22.3180427551
      vertex 168.58442688 149.054000854 21.5077400208
    endloop
  endfacet
  facet normal -0.260444492102 0.772971272469 -0.578518867493
    outer loop
      vertex 167.376876831 148.070861816 21.9559345245
      vertex 167.563705444 149.054000854 21.2830619812
      vertex 166.573272705 149.054000854 20.949344635
    endloop
  endfacet
  facet normal -0.175346255302 0.796598911285 -0.578518688679
    outer loop
      vertex 167.376876831 148.070861816 21.9559345245
      vertex 168.471435547 148.070861816 22.1968688965
      vertex 167.563705444 149.054000854 21.2830619812
    endloop
  endfacet
  facet normal -0.342489153147 0.740282475948 -0.578517913818
    outer loop
      vertex 166.314788818 148.070861816 21.598072052
      vertex 166.573272705 149.054000854 20.949344635
      vertex 165.624710083 149.054000854 20.5104961395
    endloop
  endfacet
  facet normal -0.260446161032 0.772971510887 -0.578517794609
    outer loop
      vertex 166.314788818 148.070861816 21.598072052
      vertex 167.376876831 148.070861816 21.9559345245
      vertex 166.573272705 149.054000854 20.949344635
    endloop
  endfacet
  facet normal -0.420519202948 0.698915839195 -0.578515589237
    outer loop
      vertex 165.297607422 148.070861816 21.1274757385
      vertex 165.624710083 149.054000854 20.5104961395
      vertex 164.729156494 149.054000854 19.9716663361
    endloop
  endfacet
  facet normal -0.342491984367 0.740282654762 -0.578516125679
    outer loop
      vertex 165.297607422 148.070861816 21.1274757385
      vertex 166.314788818 148.070861816 21.598072052
      vertex 165.624710083 149.054000854 20.5104961395
    endloop
  endfacet
  facet normal -0.493631690741 0.649344146252 -0.578515231609
    outer loop
      vertex 164.337265015 148.070861816 20.5496616364
      vertex 164.729156494 149.054000854 19.9716663361
      vertex 163.897140503 149.054000854 19.3391666412
    endloop
  endfacet
  facet normal -0.420518964529 0.698915839195 -0.578515708447
    outer loop
      vertex 164.337265015 148.070861816 20.5496616364
      vertex 165.297607422 148.070861816 21.1274757385
      vertex 164.729156494 149.054000854 19.9716663361
    endloop
  endfacet
  facet normal -0.560932159424 0.592168152332 -0.578525722027
    outer loop
      vertex 163.445037842 148.070861816 19.8714046478
      vertex 163.897140503 149.054000854 19.3391666412
      vertex 163.138366699 149.054000854 18.6204185486
    endloop
  endfacet
  facet normal -0.493617266417 0.649346649647 -0.578524768353
    outer loop
      vertex 163.445037842 148.070861816 19.8714046478
      vertex 164.337265015 148.070861816 20.5496616364
      vertex 163.897140503 149.054000854 19.3391666412
    endloop
  endfacet
  facet normal -0.621662855148 0.528055369854 -0.578526437283
    outer loop
      vertex 162.631362915 148.070861816 19.1006584167
      vertex 163.138366699 149.054000854 18.6204185486
      vertex 162.461730957 149.054000854 17.8238449097
    endloop
  endfacet
  facet normal -0.560932338238 0.592168092728 -0.578525602818
    outer loop
      vertex 162.631362915 148.070861816 19.1006584167
      vertex 163.445037842 148.070861816 19.8714046478
      vertex 163.138366699 149.054000854 18.6204185486
    endloop
  endfacet
  facet normal -0.67511677742 0.45774307847 -0.578522741795
    outer loop
      vertex 161.905792236 148.070861816 18.2464523315
      vertex 162.461730957 149.054000854 17.8238449097
      vertex 161.875213623 149.054000854 16.9587841034
    endloop
  endfacet
  facet normal -0.621668815613 0.528052926064 -0.578522205353
    outer loop
      vertex 161.905792236 148.070861816 18.2464523315
      vertex 162.631362915 148.070861816 19.1006584167
      vertex 162.461730957 149.054000854 17.8238449097
    endloop
  endfacet
  facet normal -0.720655500889 0.382061988115 -0.578519046307
    outer loop
      vertex 161.27684021 148.070861816 17.3188095093
      vertex 161.875213623 149.054000854 16.9587841034
      vertex 161.385650635 149.054000854 16.0353813171
    endloop
  endfacet
  facet normal -0.675121605396 0.457740485668 -0.578519165516
    outer loop
      vertex 161.27684021 148.070861816 17.3188095093
      vertex 161.905792236 148.070861816 18.2464523315
      vertex 161.875213623 149.054000854 16.9587841034
    endloop
  endfacet
  facet normal -0.757735073566 0.301913738251 -0.5785202384
    outer loop
      vertex 160.751861572 148.070861816 16.3286018372
      vertex 161.385650635 149.054000854 16.0353813171
      vertex 160.998794556 149.054000854 15.0644598007
    endloop
  endfacet
  facet normal -0.720654129982 0.38206294179 -0.57852011919
    outer loop
      vertex 160.751861572 148.070861816 16.3286018372
      vertex 161.27684021 148.070861816 17.3188095093
      vertex 161.385650635 149.054000854 16.0353813171
    endloop
  endfacet
  facet normal -0.785937070847 0.218223705888 -0.578516483307
    outer loop
      vertex 160.337036133 148.070861816 15.2874364853
      vertex 160.998794556 149.054000854 15.0644598007
      vertex 160.719177246 149.054000854 14.0574064255
    endloop
  endfacet
  facet normal -0.757739543915 0.301909863949 -0.578516423702
    outer loop
      vertex 160.337036133 148.070861816 15.2874364853
      vertex 160.751861572 148.070861816 16.3286018372
      vertex 160.998794556 149.054000854 15.0644598007
    endloop
  endfacet
  facet normal -0.804930984974 0.131954446435 -0.578510224819
    outer loop
      vertex 160.037200928 148.070861816 14.2075242996
      vertex 160.719177246 149.054000854 14.0574064255
      vertex 160.550109863 149.054000854 13.0260229111
    endloop
  endfacet
  facet normal -0.785943329334 0.218216985464 -0.578510522842
    outer loop
      vertex 160.037200928 148.070861816 14.2075242996
      vertex 160.337036133 148.070861816 15.2874364853
      vertex 160.719177246 149.054000854 14.0574064255
    endloop
  endfacet
  facet normal -0.804924190044 0.131963580847 -0.5785176754
    outer loop
      vertex 159.855865479 148.070861816 13.1015253067
      vertex 160.037200928 148.070861816 14.2075242996
      vertex 160.550109863 149.054000854 13.0260229111
    endloop
  endfacet
  facet normal 0.863808751106 0.141617596149 -0.483506828547
    outer loop
      vertex 181.016464233 147.015640259 13.1646385193
      vertex 180.436157227 148.070861816 13.1015253067
      vertex 180.254837036 148.070861816 14.2075233459
    endloop
  endfacet
  facet normal 0.843427181244 0.234185054898 -0.48351624608
    outer loop
      vertex 180.824920654 147.015640259 14.3330116272
      vertex 180.254837036 148.070861816 14.2075233459
      vertex 179.954986572 148.070861816 15.2874364853
    endloop
  endfacet
  facet normal 0.863805472851 0.14160579443 -0.483516156673
    outer loop
      vertex 180.824920654 147.015640259 14.3330116272
      vertex 181.016464233 147.015640259 13.1646385193
      vertex 180.254837036 148.070861816 14.2075233459
    endloop
  endfacet
  facet normal 0.81316524744 0.323985725641 -0.483524113894
    outer loop
      vertex 180.508178711 147.015640259 15.4738254547
      vertex 179.954986572 148.070861816 15.2874364853
      vertex 179.540161133 148.070861816 16.3285999298
    endloop
  endfacet
  facet normal 0.843425512314 0.234174802899 -0.483524143696
    outer loop
      vertex 180.508178711 147.015640259 15.4738254547
      vertex 180.824920654 147.015640259 14.3330116272
      vertex 179.954986572 148.070861816 15.2874364853
    endloop
  endfacet
  facet normal 0.773373842239 0.410004913807 -0.483517229557
    outer loop
      vertex 180.069946289 147.015640259 16.5737037659
      vertex 179.540161133 148.070861816 16.3285999298
      vertex 179.015197754 148.070861816 17.3188095093
    endloop
  endfacet
  facet normal 0.813165724277 0.323995053768 -0.483517020941
    outer loop
      vertex 180.069946289 147.015640259 16.5737037659
      vertex 180.508178711 147.015640259 15.4738254547
      vertex 179.540161133 148.070861816 16.3285999298
    endloop
  endfacet
  facet normal 0.724504709244 0.491237819195 -0.483506321907
    outer loop
      vertex 179.515365601 147.015640259 17.619758606
      vertex 179.015197754 148.070861816 17.3188095093
      vertex 178.386230469 148.070861816 18.2464523315
    endloop
  endfacet
  facet normal 0.773373007774 0.410019904375 -0.48350584507
    outer loop
      vertex 179.515365601 147.015640259 17.619758606
      vertex 180.069946289 147.015640259 16.5737037659
      vertex 179.015197754 148.070861816 17.3188095093
    endloop
  endfacet
  facet normal 0.667151153088 0.566678583622 -0.483512967825
    outer loop
      vertex 178.85093689 147.015640259 18.5997142792
      vertex 178.386230469 148.070861816 18.2464523315
      vertex 177.66065979 148.070861816 19.1006584167
    endloop
  endfacet
  facet normal 0.724506020546 0.491229712963 -0.483512580395
    outer loop
      vertex 178.85093689 147.015640259 18.5997142792
      vertex 179.515365601 147.015640259 17.619758606
      vertex 178.386230469 148.070861816 18.2464523315
    endloop
  endfacet
  facet normal 0.601966619492 0.635487437248 -0.483520358801
    outer loop
      vertex 178.084457397 147.015640259 19.5020942688
      vertex 177.66065979 148.070861816 19.1006584167
      vertex 176.847000122 148.070861816 19.8714046478
    endloop
  endfacet
  facet normal 0.667153716087 0.566669225693 -0.483520328999
    outer loop
      vertex 178.084457397 147.015640259 19.5020942688
      vertex 178.85093689 147.015640259 18.5997142792
      vertex 177.66065979 148.070861816 19.1006584167
    endloop
  endfacet
  facet normal 0.529721796513 0.696856796741 -0.483513563871
    outer loop
      vertex 177.224899292 147.015640259 20.3163070679
      vertex 176.847000122 148.070861816 19.8714046478
      vertex 175.954742432 148.070861816 20.5496616364
    endloop
  endfacet
  facet normal 0.601963281631 0.635495781898 -0.483513534069
    outer loop
      vertex 177.224899292 147.015640259 20.3163070679
      vertex 178.084457397 147.015640259 19.5020942688
      vertex 176.847000122 148.070861816 19.8714046478
    endloop
  endfacet
  facet normal 0.451282083988 0.750029981136 -0.483528167009
    outer loop
      vertex 176.282348633 147.015640259 21.0328178406
      vertex 175.954742432 148.070861816 20.5496616364
      vertex 174.994415283 148.070861816 21.1274757385
    endloop
  endfacet
  facet normal 0.529731571674 0.696838498116 -0.483529359102
    outer loop
      vertex 176.282348633 147.015640259 21.0328178406
      vertex 177.224899292 147.015640259 20.3163070679
      vertex 175.954742432 148.070861816 20.5496616364
    endloop
  endfacet
  facet normal 0.367543458939 0.794430434704 -0.483520537615
    outer loop
      vertex 175.267852783 147.015640259 21.6432170868
      vertex 174.994415283 148.070861816 21.1274757385
      vertex 173.977233887 148.070861816 21.598072052
    endloop
  endfacet
  facet normal 0.451276928186 0.750037550926 -0.483521223068
    outer loop
      vertex 175.267852783 147.015640259 21.6432170868
      vertex 176.282348633 147.015640259 21.0328178406
      vertex 174.994415283 148.070861816 21.1274757385
    endloop
  endfacet
  facet normal 0.279497206211 0.829512655735 -0.483518481255
    outer loop
      vertex 174.19329834 147.015640259 22.1403522491
      vertex 173.977233887 148.070861816 21.598072052
      vertex 172.915145874 148.070861816 21.9559345245
    endloop
  endfacet
  facet normal 0.367541700602 0.794432461262 -0.483518481255
    outer loop
      vertex 174.19329834 147.015640259 22.1403522491
      vertex 175.267852783 147.015640259 21.6432170868
      vertex 173.977233887 148.070861816 21.598072052
    endloop
  endfacet
  facet normal 0.188172593713 0.854869067669 -0.483518332243
    outer loop
      vertex 173.07131958 147.015640259 22.5183944702
      vertex 172.915145874 148.070861816 21.9559345245
      vertex 171.820587158 148.070861816 22.1968688965
    endloop
  endfacet
  facet normal 0.279497355223 0.829512476921 -0.483518630266
    outer loop
      vertex 173.07131958 147.015640259 22.5183944702
      vertex 174.19329834 147.015640259 22.1403522491
      vertex 172.915145874 148.070861816 21.9559345245
    endloop
  endfacet
  facet normal 0.0946395471692 0.870204389095 -0.483515918255
    outer loop
      vertex 171.915023804 147.015640259 22.7729129791
      vertex 171.820587158 148.070861816 22.1968688965
      vertex 170.706390381 148.070861816 22.3180427551
    endloop
  endfacet
  facet normal 0.188170239329 0.854870855808 -0.483516067266
    outer loop
      vertex 171.915023804 147.015640259 22.7729129791
      vertex 173.07131958 147.015640259 22.5183944702
      vertex 171.820587158 148.070861816 22.1968688965
    endloop
  endfacet
  facet normal 0 0.875334203243 -0.48351842165
    outer loop
      vertex 170.737991333 147.015640259 22.90092659
      vertex 170.706390381 148.070861816 22.3180427551
      vertex 169.585632324 148.070861816 22.3180427551
    endloop
  endfacet
  facet normal 0.0946422889829 0.87020277977 -0.483518332243
    outer loop
      vertex 170.737991333 147.015640259 22.90092659
      vertex 171.915023804 147.015640259 22.7729129791
      vertex 170.706390381 148.070861816 22.3180427551
    endloop
  endfacet
  facet normal -0.0946393981576 0.870203018188 -0.483518391848
    outer loop
      vertex 169.554031372 147.015640259 22.90092659
      vertex 169.585632324 148.070861816 22.3180427551
      vertex 168.471435547 148.070861816 22.1968688965
    endloop
  endfacet
  facet normal 0 0.875334203243 -0.48351842165
    outer loop
      vertex 169.554031372 147.015640259 22.90092659
      vertex 170.737991333 147.015640259 22.90092659
      vertex 169.585632324 148.070861816 22.3180427551
    endloop
  endfacet
  facet normal -0.188172876835 0.854870319366 -0.483516007662
    outer loop
      vertex 168.376998901 147.015640259 22.7729129791
      vertex 168.471435547 148.070861816 22.1968688965
      vertex 167.376876831 148.070861816 21.9559345245
    endloop
  endfacet
  facet normal -0.0946424305439 0.870204091072 -0.483515977859
    outer loop
      vertex 168.376998901 147.015640259 22.7729129791
      vertex 169.554031372 147.015640259 22.90092659
      vertex 168.471435547 148.070861816 22.1968688965
    endloop
  endfacet
  facet normal -0.279497176409 0.829512536526 -0.483518630266
    outer loop
      vertex 167.220703125 147.015640259 22.5183944702
      vertex 167.376876831 148.070861816 21.9559345245
      vertex 166.314788818 148.070861816 21.598072052
    endloop
  endfacet
  facet normal -0.18816998601 0.854869663715 -0.483518272638
    outer loop
      vertex 167.220703125 147.015640259 22.5183944702
      vertex 168.376998901 147.015640259 22.7729129791
      vertex 167.376876831 148.070861816 21.9559345245
    endloop
  endfacet
  facet normal -0.367543965578 0.794431447983 -0.48351842165
    outer loop
      vertex 166.098724365 147.015640259 22.1403522491
      vertex 166.314788818 148.070861816 21.598072052
      vertex 165.297607422 148.070861816 21.1274757385
    endloop
  endfacet
  facet normal -0.279497385025 0.82951259613 -0.483518481255
    outer loop
      vertex 166.098724365 147.015640259 22.1403522491
      vertex 167.220703125 147.015640259 22.5183944702
      vertex 166.314788818 148.070861816 21.598072052
    endloop
  endfacet
  facet normal -0.451277375221 0.750037312508 -0.483521193266
    outer loop
      vertex 165.024169922 147.015640259 21.6432170868
      vertex 165.297607422 148.070861816 21.1274757385
      vertex 164.337265015 148.070861816 20.5496616364
    endloop
  endfacet
  facet normal -0.367541253567 0.794431447983 -0.48352047801
    outer loop
      vertex 165.024169922 147.015640259 21.6432170868
      vertex 166.098724365 147.015640259 22.1403522491
      vertex 165.297607422 148.070861816 21.1274757385
    endloop
  endfacet
  facet normal -0.529726266861 0.696847498417 -0.483522087336
    outer loop
      vertex 164.009674072 147.015640259 21.0328178406
      vertex 164.337265015 148.070861816 20.5496616364
      vertex 163.445037842 148.070861816 19.8714046478
    endloop
  endfacet
  facet normal -0.451276808977 0.750037372112 -0.483521610498
    outer loop
      vertex 164.009674072 147.015640259 21.0328178406
      vertex 165.024169922 147.015640259 21.6432170868
      vertex 164.337265015 148.070861816 20.5496616364
    endloop
  endfacet
  facet normal -0.601969242096 0.635490238667 -0.483513355255
    outer loop
      vertex 163.067138672 147.015640259 20.3163070679
      vertex 163.445037842 148.070861816 19.8714046478
      vertex 162.631362915 148.070861816 19.1006584167
    endloop
  endfacet
  facet normal -0.529736697674 0.69684523344 -0.483514010906
    outer loop
      vertex 163.067138672 147.015640259 20.3163070679
      vertex 164.009674072 147.015640259 21.0328178406
      vertex 163.445037842 148.070861816 19.8714046478
    endloop
  endfacet
  facet normal -0.66714411974 0.566680192947 -0.483520656824
    outer loop
      vertex 162.207565308 147.015640259 19.5020942688
      vertex 162.631362915 148.070861816 19.1006584167
      vertex 161.905792236 148.070861816 18.2464523315
    endloop
  endfacet
  facet normal -0.601960778236 0.635493099689 -0.483520179987
    outer loop
      vertex 162.207565308 147.015640259 19.5020942688
      vertex 163.067138672 147.015640259 20.3163070679
      vertex 162.631362915 148.070861816 19.1006584167
    endloop
  endfacet
  facet normal -0.724508583546 0.491225421429 -0.483513087034
    outer loop
      vertex 161.441085815 147.015640259 18.5997180939
      vertex 161.905792236 148.070861816 18.2464523315
      vertex 161.27684021 148.070861816 17.3188095093
    endloop
  endfacet
  facet normal -0.667152285576 0.566676437855 -0.483513832092
    outer loop
      vertex 161.441085815 147.015640259 18.5997180939
      vertex 162.207565308 147.015640259 19.5020942688
      vertex 161.905792236 148.070861816 18.2464523315
    endloop
  endfacet
  facet normal -0.773370742798 0.410011291504 -0.48351675272
    outer loop
      vertex 160.776657104 147.015640259 17.619758606
      vertex 161.27684021 148.070861816 17.3188095093
      vertex 160.751861572 148.070861816 16.3286018372
    endloop
  endfacet
  facet normal -0.724504292011 0.491228014231 -0.483516901731
    outer loop
      vertex 160.776657104 147.015640259 17.619758606
      vertex 161.441085815 147.015640259 18.5997180939
      vertex 161.27684021 148.070861816 17.3188095093
    endloop
  endfacet
  facet normal -0.813166201115 0.323993772268 -0.483517110348
    outer loop
      vertex 160.222076416 147.015640259 16.5737056732
      vertex 160.751861572 148.070861816 16.3286018372
      vertex 160.337036133 148.070861816 15.2874364853
    endloop
  endfacet
  facet normal -0.773370265961 0.410011649132 -0.483517199755
    outer loop
      vertex 160.222076416 147.015640259 16.5737056732
      vertex 160.776657104 147.015640259 17.619758606
      vertex 160.751861572 148.070861816 16.3286018372
    endloop
  endfacet
  facet normal -0.843428134918 0.23417763412 -0.483518153429
    outer loop
      vertex 159.783843994 147.015640259 15.4738264084
      vertex 160.337036133 148.070861816 15.2874364853
      vertex 160.037200928 148.070861816 14.2075242996
    endloop
  endfacet
  facet normal -0.813165128231 0.323994725943 -0.483518213034
    outer loop
      vertex 159.783843994 147.015640259 15.4738264084
      vertex 160.222076416 147.015640259 16.5737056732
      vertex 160.337036133 148.070861816 15.2874364853
    endloop
  endfacet
  facet normal -0.863803565502 0.14161658287 -0.483516395092
    outer loop
      vertex 159.467102051 147.015640259 14.3330125809
      vertex 160.037200928 148.070861816 14.2075242996
      vertex 159.855865479 148.070861816 13.1015253067
    endloop
  endfacet
  facet normal -0.84342956543 0.234175935388 -0.483516484499
    outer loop
      vertex 159.467102051 147.015640259 14.3330125809
      vertex 159.783843994 147.015640259 15.4738264084
      vertex 160.037200928 148.070861816 14.2075242996
    endloop
  endfacet
  facet normal -0.863806307316 0.141612559557 -0.483512699604
    outer loop
      vertex 159.275558472 147.015640259 13.1646385193
      vertex 159.467102051 147.015640259 14.3330125809
      vertex 159.855865479 148.070861816 13.1015253067
    endloop
  endfacet
  facet normal 0.911797165871 0.149473175406 -0.382470548153
    outer loop
      vertex 181.47555542 145.901641846 13.2145671844
      vertex 181.016464233 147.015640259 13.1646385193
      vertex 180.824920654 147.015640259 14.3330116272
    endloop
  endfacet
  facet normal 0.89029198885 0.247187152505 -0.382464021444
    outer loop
      vertex 181.275924683 145.901641846 14.4322843552
      vertex 180.824920654 147.015640259 14.3330116272
      vertex 180.508178711 147.015640259 15.4738254547
    endloop
  endfacet
  facet normal 0.911798715591 0.149480640888 -0.38246396184
    outer loop
      vertex 181.275924683 145.901641846 14.4322843552
      vertex 181.47555542 145.901641846 13.2145671844
      vertex 180.824920654 147.015640259 14.3330116272
    endloop
  endfacet
  facet normal 0.858345031738 0.341996133327 -0.382468938828
    outer loop
      vertex 180.94581604 145.901641846 15.6212778091
      vertex 180.508178711 147.015640259 15.4738254547
      vertex 180.069946289 147.015640259 16.5737037659
    endloop
  endfacet
  facet normal 0.890291392803 0.247181326151 -0.382469087839
    outer loop
      vertex 180.94581604 145.901641846 15.6212778091
      vertex 181.275924683 145.901641846 14.4322843552
      vertex 180.508178711 147.015640259 15.4738254547
    endloop
  endfacet
  facet normal 0.816334784031 0.432796984911 -0.382471263409
    outer loop
      vertex 180.489074707 145.901641846 16.7676105499
      vertex 180.069946289 147.015640259 16.5737037659
      vertex 179.515365601 147.015640259 17.619758606
    endloop
  endfacet
  facet normal 0.858345031738 0.341993123293 -0.38247153163
    outer loop
      vertex 180.489074707 145.901641846 16.7676105499
      vertex 180.94581604 145.901641846 15.6212778091
      vertex 180.069946289 147.015640259 16.5737037659
    endloop
  endfacet
  facet normal 0.764757692814 0.51852118969 -0.382467538118
    outer loop
      vertex 179.911056519 145.901641846 17.8578395844
      vertex 179.515365601 147.015640259 17.619758606
      vertex 178.85093689 147.015640259 18.5997142792
    endloop
  endfacet
  facet normal 0.816334307194 0.432800829411 -0.382467925549
    outer loop
      vertex 179.911056519 145.901641846 17.8578395844
      vertex 180.489074707 145.901641846 16.7676105499
      vertex 179.515365601 147.015640259 17.619758606
    endloop
  endfacet
  facet normal 0.704221606255 0.598154067993 -0.382470488548
    outer loop
      vertex 179.218566895 145.901641846 18.8791847229
      vertex 178.85093689 147.015640259 18.5997142792
      vertex 178.084457397 147.015640259 19.5020942688
    endloop
  endfacet
  facet normal 0.764758527279 0.51851773262 -0.382470607758
    outer loop
      vertex 179.218566895 145.901641846 18.8791847229
      vertex 179.911056519 145.901641846 17.8578395844
      vertex 178.85093689 147.015640259 18.5997142792
    endloop
  endfacet
  facet normal 0.63541072607 0.670806407928 -0.382455289364
    outer loop
      vertex 178.419708252 145.901641846 19.8196716309
      vertex 178.084457397 147.015640259 19.5020942688
      vertex 177.224899292 147.015640259 20.3163070679
    endloop
  endfacet
  facet normal 0.704215586185 0.598171234131 -0.382454752922
    outer loop
      vertex 178.419708252 145.901641846 19.8196716309
      vertex 179.218566895 145.901641846 18.8791847229
      vertex 178.084457397 147.015640259 19.5020942688
    endloop
  endfacet
  facet normal 0.559169471264 0.735562741756 -0.382461696863
    outer loop
      vertex 177.523849487 145.901641846 20.6682739258
      vertex 177.224899292 147.015640259 20.3163070679
      vertex 176.282348633 147.015640259 21.0328178406
    endloop
  endfacet
  facet normal 0.635413706303 0.670800149441 -0.382461249828
    outer loop
      vertex 177.523849487 145.901641846 20.6682739258
      vertex 178.419708252 145.901641846 19.8196716309
      vertex 177.224899292 147.015640259 20.3163070679
    endloop
  endfacet
  facet normal 0.47635230422 0.7917137146 -0.382462948561
    outer loop
      vertex 176.541519165 145.901641846 21.4150409698
      vertex 176.282348633 147.015640259 21.0328178406
      vertex 175.267852783 147.015640259 21.6432170868
    endloop
  endfacet
  facet normal 0.559170305729 0.73556137085 -0.382463127375
    outer loop
      vertex 176.541519165 145.901641846 21.4150409698
      vertex 177.523849487 145.901641846 20.6682739258
      vertex 176.282348633 147.015640259 21.0328178406
    endloop
  endfacet
  facet normal 0.387963235378 0.838573098183 -0.382465273142
    outer loop
      vertex 175.484176636 145.901641846 22.0512199402
      vertex 175.267852783 147.015640259 21.6432170868
      vertex 174.19329834 147.015640259 22.1403522491
    endloop
  endfacet
  facet normal 0.476354330778 0.791711091995 -0.382465779781
    outer loop
      vertex 175.484176636 145.901641846 22.0512199402
      vertex 176.541519165 145.901641846 21.4150409698
      vertex 175.267852783 147.015640259 21.6432170868
    endloop
  endfacet
  facet normal 0.295026898384 0.875602245331 -0.38246551156
    outer loop
      vertex 174.364242554 145.901641846 22.5693511963
      vertex 174.19329834 147.015640259 22.1403522491
      vertex 173.07131958 147.015640259 22.5183944702
    endloop
  endfacet
  facet normal 0.387963891029 0.838572442532 -0.382466077805
    outer loop
      vertex 174.364242554 145.901641846 22.5693511963
      vertex 175.484176636 145.901641846 22.0512199402
      vertex 174.19329834 147.015640259 22.1403522491
    endloop
  endfacet
  facet normal 0.198625266552 0.902368724346 -0.382463932037
    outer loop
      vertex 173.194869995 145.901641846 22.9633617401
      vertex 173.07131958 147.015640259 22.5183944702
      vertex 171.915023804 147.015640259 22.7729129791
    endloop
  endfacet
  facet normal 0.29502543807 0.875603437424 -0.382463872433
    outer loop
      vertex 173.194869995 145.901641846 22.9633617401
      vertex 174.364242554 145.901641846 22.5693511963
      vertex 173.07131958 147.015640259 22.5183944702
    endloop
  endfacet
  facet normal 0.0999009981751 0.918554782867 -0.382461696863
    outer loop
      vertex 171.989715576 145.901641846 23.2286262512
      vertex 171.915023804 147.015640259 22.7729129791
      vertex 170.737991333 147.015640259 22.90092659
    endloop
  endfacet
  facet normal 0.198622077703 0.902370870113 -0.38246062398
    outer loop
      vertex 171.989715576 145.901641846 23.2286262512
      vertex 173.194869995 145.901641846 22.9633617401
      vertex 171.915023804 147.015640259 22.7729129791
    endloop
  endfacet
  facet normal 4.00348699769e-17 0.923970580101 -0.382463604212
    outer loop
      vertex 170.763000488 145.901641846 23.3620471954
      vertex 170.737991333 147.015640259 22.90092659
      vertex 169.554031372 147.015640259 22.90092659
    endloop
  endfacet
  facet normal 0.099902421236 0.918554008007 -0.38246306777
    outer loop
      vertex 170.763000488 145.901641846 23.3620471954
      vertex 171.989715576 145.901641846 23.2286262512
      vertex 170.737991333 147.015640259 22.90092659
    endloop
  endfacet
  facet normal -0.0999008715153 0.918553590775 -0.382464587688
    outer loop
      vertex 169.529022217 145.901641846 23.3620471954
      vertex 169.554031372 147.015640259 22.90092659
      vertex 168.376998901 147.015640259 22.7729129791
    endloop
  endfacet
  facet normal 0 0.923970580101 -0.382463604212
    outer loop
      vertex 169.529022217 145.901641846 23.3620471954
      vertex 170.763000488 145.901641846 23.3620471954
      vertex 169.554031372 147.015640259 22.90092659
    endloop
  endfacet
  facet normal -0.198625311255 0.90236890316 -0.382463485003
    outer loop
      vertex 168.30229187 145.901641846 23.2286262512
      vertex 168.376998901 147.015640259 22.7729129791
      vertex 167.220703125 147.015640259 22.5183944702
    endloop
  endfacet
  facet normal -0.099902421236 0.918553948402 -0.382463186979
    outer loop
      vertex 168.30229187 145.901641846 23.2286262512
      vertex 169.529022217 145.901641846 23.3620471954
      vertex 168.376998901 147.015640259 22.7729129791
    endloop
  endfacet
  facet normal -0.295027136803 0.875602900982 -0.38246384263
    outer loop
      vertex 167.097167969 145.901641846 22.9633617401
      vertex 167.220703125 147.015640259 22.5183944702
      vertex 166.098724365 147.015640259 22.1403522491
    endloop
  endfacet
  facet normal -0.198624804616 0.902368843555 -0.382463932037
    outer loop
      vertex 167.097167969 145.901641846 22.9633617401
      vertex 168.30229187 145.901641846 23.2286262512
      vertex 167.220703125 147.015640259 22.5183944702
    endloop
  endfacet
  facet normal -0.387963086367 0.838572800159 -0.382466107607
    outer loop
      vertex 165.927780151 145.901641846 22.5693511963
      vertex 166.098724365 147.015640259 22.1403522491
      vertex 165.024169922 147.015640259 21.6432170868
    endloop
  endfacet
  facet normal -0.295025229454 0.875602781773 -0.382465481758
    outer loop
      vertex 165.927780151 145.901641846 22.5693511963
      vertex 167.097167969 145.901641846 22.9633617401
      vertex 166.098724365 147.015640259 22.1403522491
    endloop
  endfacet
  facet normal -0.476351678371 0.791712641716 -0.382465839386
    outer loop
      vertex 164.807861328 145.901641846 22.0512199402
      vertex 165.024169922 147.015640259 21.6432170868
      vertex 164.009674072 147.015640259 21.0328178406
    endloop
  endfacet
  facet normal -0.387964040041 0.838572740555 -0.382465273142
    outer loop
      vertex 164.807861328 145.901641846 22.0512199402
      vertex 165.927780151 145.901641846 22.5693511963
      vertex 165.024169922 147.015640259 21.6432170868
    endloop
  endfacet
  facet normal -0.559169113636 0.735562264919 -0.382463157177
    outer loop
      vertex 163.750518799 145.901641846 21.4150409698
      vertex 164.009674072 147.015640259 21.0328178406
      vertex 163.067138672 147.015640259 20.3163070679
    endloop
  endfacet
  facet normal -0.476354926825 0.791712105274 -0.382463008165
    outer loop
      vertex 163.750518799 145.901641846 21.4150409698
      vertex 164.807861328 145.901641846 22.0512199402
      vertex 164.009674072 147.015640259 21.0328178406
    endloop
  endfacet
  facet normal -0.635408937931 0.670804560184 -0.382461369038
    outer loop
      vertex 162.768173218 145.901641846 20.6682739258
      vertex 163.067138672 147.015640259 20.3163070679
      vertex 162.207565308 147.015640259 19.5020942688
    endloop
  endfacet
  facet normal -0.559170663357 0.735561847687 -0.382461726665
    outer loop
      vertex 162.768173218 145.901641846 20.6682739258
      vertex 163.750518799 145.901641846 21.4150409698
      vertex 163.067138672 147.015640259 20.3163070679
    endloop
  endfacet
  facet normal -0.704220592976 0.598162055016 -0.382459819317
    outer loop
      vertex 161.872314453 145.901641846 19.8196716309
      vertex 162.207565308 147.015640259 19.5020942688
      vertex 161.441085815 147.015640259 18.5997180939
    endloop
  endfacet
  facet normal -0.635410428047 0.670803964138 -0.382460027933
    outer loop
      vertex 161.872314453 145.901641846 19.8196716309
      vertex 162.768173218 145.901641846 20.6682739258
      vertex 162.207565308 147.015640259 19.5020942688
    endloop
  endfacet
  facet normal -0.764757037163 0.518520176411 -0.382470220327
    outer loop
      vertex 161.073440552 145.901641846 18.8791847229
      vertex 161.441085815 147.015640259 18.5997180939
      vertex 160.776657104 147.015640259 17.619758606
    endloop
  endfacet
  facet normal -0.704210698605 0.598167479038 -0.382469534874
    outer loop
      vertex 161.073440552 145.901641846 18.8791847229
      vertex 161.872314453 145.901641846 19.8196716309
      vertex 161.441085815 147.015640259 18.5997180939
    endloop
  endfacet
  facet normal -0.816339015961 0.432792037725 -0.382467865944
    outer loop
      vertex 160.380950928 145.901641846 17.8578395844
      vertex 160.776657104 147.015640259 17.619758606
      vertex 160.222076416 147.015640259 16.5737056732
    endloop
  endfacet
  facet normal -0.764759540558 0.518518447876 -0.382467597723
    outer loop
      vertex 160.380950928 145.901641846 17.8578395844
      vertex 161.073440552 145.901641846 18.8791847229
      vertex 160.776657104 147.015640259 17.619758606
    endloop
  endfacet
  facet normal -0.858344197273 0.341995716095 -0.382471174002
    outer loop
      vertex 159.802947998 145.901641846 16.7676105499
      vertex 160.222076416 147.015640259 16.5737056732
      vertex 159.783843994 147.015640259 15.4738264084
    endloop
  endfacet
  facet normal -0.816336452961 0.4327942729 -0.382470816374
    outer loop
      vertex 159.802947998 145.901641846 16.7676105499
      vertex 160.380950928 145.901641846 17.8578395844
      vertex 160.222076416 147.015640259 16.5737056732
    endloop
  endfacet
  facet normal -0.890292704105 0.247187361121 -0.382462203503
    outer loop
      vertex 159.346221924 145.901641846 15.6212787628
      vertex 159.783843994 147.015640259 15.4738264084
      vertex 159.467102051 147.015640259 14.3330125809
    endloop
  endfacet
  facet normal -0.858351051807 0.341988265514 -0.382462412119
    outer loop
      vertex 159.346221924 145.901641846 15.6212787628
      vertex 159.802947998 145.901641846 16.7676105499
      vertex 159.783843994 147.015640259 15.4738264084
    endloop
  endfacet
  facet normal -0.911796152592 0.149480029941 -0.382470220327
    outer loop
      vertex 159.016098022 145.901641846 14.4322843552
      vertex 159.467102051 147.015640259 14.3330125809
      vertex 159.275558472 147.015640259 13.1646385193
    endloop
  endfacet
  facet normal -0.890287399292 0.247194483876 -0.382469892502
    outer loop
      vertex 159.016098022 145.901641846 14.4322843552
      vertex 159.346221924 145.901641846 15.6212787628
      vertex 159.467102051 147.015640259 14.3330125809
    endloop
  endfacet
  facet normal -0.911799669266 0.149474069476 -0.382464259863
    outer loop
      vertex 158.816467285 145.901641846 13.2145681381
      vertex 159.016098022 145.901641846 14.4322843552
      vertex 159.275558472 147.015640259 13.1646385193
    endloop
  endfacet
  facet normal 0.948318064213 0.155467644334 -0.276627272367
    outer loop
      vertex 181.807647705 144.742904663 13.2506828308
      vertex 181.47555542 145.901641846 13.2145671844
      vertex 181.275924683 145.901641846 14.4322843552
    endloop
  endfacet
  facet normal 0.925951659679 0.257082074881 -0.276626676321
    outer loop
      vertex 181.602157593 144.742904663 14.5040912628
      vertex 181.275924683 145.901641846 14.4322843552
      vertex 180.94581604 145.901641846 15.6212778091
    endloop
  endfacet
  facet normal 0.948318123817 0.15546810627 -0.276626825333
    outer loop
      vertex 181.602157593 144.742904663 14.5040912628
      vertex 181.807647705 144.742904663 13.2506828308
      vertex 181.275924683 145.901641846 14.4322843552
    endloop
  endfacet
  facet normal 0.892732560635 0.355694264174 -0.276604712009
    outer loop
      vertex 181.26234436 144.742904663 15.7279367447
      vertex 180.94581604 145.901641846 15.6212778091
      vertex 180.489074707 145.901641846 16.7676105499
    endloop
  endfacet
  facet normal 0.925951898098 0.257105380297 -0.276604294777
    outer loop
      vertex 181.26234436 144.742904663 15.7279367447
      vertex 181.602157593 144.742904663 14.5040912628
      vertex 180.94581604 145.901641846 15.6212778091
    endloop
  endfacet
  facet normal 0.849037766457 0.450139373541 -0.276603400707
    outer loop
      vertex 180.792221069 144.742904663 16.9078674316
      vertex 180.489074707 145.901641846 16.7676105499
      vertex 179.911056519 145.901641846 17.8578395844
    endloop
  endfacet
  facet normal 0.892732381821 0.355696290731 -0.276602745056
    outer loop
      vertex 180.792221069 144.742904663 16.9078674316
      vertex 181.26234436 144.742904663 15.7279367447
      vertex 180.489074707 145.901641846 16.7676105499
    endloop
  endfacet
  facet normal 0.795392394066 0.539287984371 -0.276621341705
    outer loop
      vertex 180.197280884 144.742904663 18.0300521851
      vertex 179.911056519 145.901641846 17.8578395844
      vertex 179.218566895 145.901641846 18.8791847229
    endloop
  endfacet
  facet normal 0.849041640759 0.450120985508 -0.276621431112
    outer loop
      vertex 180.197280884 144.742904663 18.0300521851
      vertex 180.792221069 144.742904663 16.9078674316
      vertex 179.911056519 145.901641846 17.8578395844
    endloop
  endfacet
  facet normal 0.732420265675 0.622128665447 -0.276616185904
    outer loop
      vertex 179.48449707 144.742904663 19.0813350677
      vertex 179.218566895 145.901641846 18.8791847229
      vertex 178.419708252 145.901641846 19.8196716309
    endloop
  endfacet
  facet normal 0.795390725136 0.539293169975 -0.276616126299
    outer loop
      vertex 179.48449707 144.742904663 19.0813350677
      vertex 180.197280884 144.742904663 18.0300521851
      vertex 179.218566895 145.901641846 18.8791847229
    endloop
  endfacet
  facet normal 0.660863757133 0.69766753912 -0.276620864868
    outer loop
      vertex 178.662231445 144.742904663 20.0493869781
      vertex 178.419708252 145.901641846 19.8196716309
      vertex 177.523849487 145.901641846 20.6682739258
    endloop
  endfacet
  facet normal 0.732422351837 0.62212395668 -0.276621133089
    outer loop
      vertex 178.662231445 144.742904663 20.0493869781
      vertex 179.48449707 144.742904663 19.0813350677
      vertex 178.419708252 145.901641846 19.8196716309
    endloop
  endfacet
  facet normal 0.581568360329 0.765024900436 -0.276613771915
    outer loop
      vertex 177.740081787 144.742904663 20.9228630066
      vertex 177.523849487 145.901641846 20.6682739258
      vertex 176.541519165 145.901641846 21.4150409698
    endloop
  endfacet
  facet normal 0.660859584808 0.697674572468 -0.276612997055
    outer loop
      vertex 177.740081787 144.742904663 20.9228630066
      vertex 178.662231445 144.742904663 20.0493869781
      vertex 177.523849487 145.901641846 20.6682739258
    endloop
  endfacet
  facet normal 0.495435684919 0.823424696922 -0.27661383152
    outer loop
      vertex 176.72895813 144.742904663 21.6915187836
      vertex 176.541519165 145.901641846 21.4150409698
      vertex 175.484176636 145.901641846 22.0512199402
    endloop
  endfacet
  facet normal 0.581567883492 0.765025496483 -0.27661305666
    outer loop
      vertex 176.72895813 144.742904663 21.6915187836
      vertex 177.740081787 144.742904663 20.9228630066
      vertex 176.541519165 145.901641846 21.4150409698
    endloop
  endfacet
  facet normal 0.403503984213 0.872161865234 -0.276619195938
    outer loop
      vertex 175.640640259 144.742904663 22.3463459015
      vertex 175.484176636 145.901641846 22.0512199402
      vertex 174.364242554 145.901641846 22.5693511963
    endloop
  endfacet
  facet normal 0.495439261198 0.823420882225 -0.276618897915
    outer loop
      vertex 175.640640259 144.742904663 22.3463459015
      vertex 176.72895813 144.742904663 21.6915187836
      vertex 175.484176636 145.901641846 22.0512199402
    endloop
  endfacet
  facet normal 0.306842654943 0.910675644875 -0.276617974043
    outer loop
      vertex 174.487884521 144.742904663 22.8796634674
      vertex 174.364242554 145.901641846 22.5693511963
      vertex 173.194869995 145.901641846 22.9633617401
    endloop
  endfacet
  facet normal 0.403503090143 0.872162640095 -0.276618033648
    outer loop
      vertex 174.487884521 144.742904663 22.8796634674
      vertex 175.640640259 144.742904663 22.3463459015
      vertex 174.364242554 145.901641846 22.5693511963
    endloop
  endfacet
  facet normal 0.206577777863 0.938514888287 -0.27661421895
    outer loop
      vertex 173.284210205 144.742904663 23.2852191925
      vertex 173.194869995 145.901641846 22.9633617401
      vertex 171.989715576 145.901641846 23.2286262512
    endloop
  endfacet
  facet normal 0.306838184595 0.910678684711 -0.276612758636
    outer loop
      vertex 173.284210205 144.742904663 23.2852191925
      vertex 174.487884521 144.742904663 22.8796634674
      vertex 173.194869995 145.901641846 22.9633617401
    endloop
  endfacet
  facet normal 0.103903837502 0.955345094204 -0.276622027159
    outer loop
      vertex 172.043777466 144.742904663 23.558265686
      vertex 171.989715576 145.901641846 23.2286262512
      vertex 170.763000488 145.901641846 23.3620471954
    endloop
  endfacet
  facet normal 0.20658621192 0.938510298729 -0.276623398066
    outer loop
      vertex 172.043777466 144.742904663 23.558265686
      vertex 173.284210205 144.742904663 23.2852191925
      vertex 171.989715576 145.901641846 23.2286262512
    endloop
  endfacet
  facet normal -3.91029649901e-17 0.960980653763 -0.276615649462
    outer loop
      vertex 170.781066895 144.742904663 23.6955890656
      vertex 170.763000488 145.901641846 23.3620471954
      vertex 169.529022217 145.901641846 23.3620471954
    endloop
  endfacet
  facet normal 0.103897243738 0.955347776413 -0.276615172625
    outer loop
      vertex 170.781066895 144.742904663 23.6955890656
      vertex 172.043777466 144.742904663 23.558265686
      vertex 170.763000488 145.901641846 23.3620471954
    endloop
  endfacet
  facet normal -0.103904061019 0.955347061157 -0.276615083218
    outer loop
      vertex 169.510940552 144.742904663 23.6955890656
      vertex 169.529022217 145.901641846 23.3620471954
      vertex 168.30229187 145.901641846 23.2286262512
    endloop
  endfacet
  facet normal 0 0.960980653763 -0.276615649462
    outer loop
      vertex 169.510940552 144.742904663 23.6955890656
      vertex 170.781066895 144.742904663 23.6955890656
      vertex 169.529022217 145.901641846 23.3620471954
    endloop
  endfacet
  facet normal -0.20658056438 0.938512504101 -0.276620298624
    outer loop
      vertex 168.248245239 144.742904663 23.558265686
      vertex 168.30229187 145.901641846 23.2286262512
      vertex 167.097167969 145.901641846 22.9633617401
    endloop
  endfacet
  facet normal -0.103898659348 0.955346167088 -0.276620328426
    outer loop
      vertex 168.248245239 144.742904663 23.558265686
      vertex 169.510940552 144.742904663 23.6955890656
      vertex 168.30229187 145.901641846 23.2286262512
    endloop
  endfacet
  facet normal -0.306842684746 0.910675764084 -0.276617437601
    outer loop
      vertex 167.007797241 144.742904663 23.2852191925
      vertex 167.097167969 145.901641846 22.9633617401
      vertex 165.927780151 145.901641846 22.5693511963
    endloop
  endfacet
  facet normal -0.206583485007 0.938512682915 -0.276617497206
    outer loop
      vertex 167.007797241 144.742904663 23.2852191925
      vertex 168.248245239 144.742904663 23.558265686
      vertex 167.097167969 145.901641846 22.9633617401
    endloop
  endfacet
  facet normal -0.403504133224 0.872162163258 -0.276618033648
    outer loop
      vertex 165.804153442 144.742904663 22.8796634674
      vertex 165.927780151 145.901641846 22.5693511963
      vertex 164.807861328 145.901641846 22.0512199402
    endloop
  endfacet
  facet normal -0.306842148304 0.910675823689 -0.276617974043
    outer loop
      vertex 165.804153442 144.742904663 22.8796634674
      vertex 167.007797241 144.742904663 23.2852191925
      vertex 165.927780151 145.901641846 22.5693511963
    endloop
  endfacet
  facet normal -0.495434910059 0.823423445225 -0.27661895752
    outer loop
      vertex 164.651397705 144.742904663 22.3463459015
      vertex 164.807861328 145.901641846 22.0512199402
      vertex 163.750518799 145.901641846 21.4150409698
    endloop
  endfacet
  facet normal -0.403502941132 0.872162342072 -0.276619166136
    outer loop
      vertex 164.651397705 144.742904663 22.3463459015
      vertex 165.804153442 144.742904663 22.8796634674
      vertex 164.807861328 145.901641846 22.0512199402
    endloop
  endfacet
  facet normal -0.581568479538 0.76502507925 -0.27661305666
    outer loop
      vertex 163.563064575 144.742904663 21.6915187836
      vertex 163.750518799 145.901641846 21.4150409698
      vertex 162.768173218 145.901641846 20.6682739258
    endloop
  endfacet
  facet normal -0.495440006256 0.823422074318 -0.276613920927
    outer loop
      vertex 163.563064575 144.742904663 21.6915187836
      vertex 164.651397705 144.742904663 22.3463459015
      vertex 163.750518799 145.901641846 21.4150409698
    endloop
  endfacet
  facet normal -0.660859525204 0.697670638561 -0.276623189449
    outer loop
      vertex 162.551925659 144.742904663 20.9228630066
      vertex 162.768173218 145.901641846 20.6682739258
      vertex 161.872314453 145.901641846 19.8196716309
    endloop
  endfacet
  facet normal -0.581559181213 0.765028655529 -0.276622623205
    outer loop
      vertex 162.551925659 144.742904663 20.9228630066
      vertex 163.563064575 144.742904663 21.6915187836
      vertex 162.768173218 145.901641846 20.6682739258
    endloop
  endfacet
  facet normal -0.732421398163 0.622130095959 -0.276609867811
    outer loop
      vertex 161.629821777 144.742904663 20.0493869781
      vertex 161.872314453 145.901641846 19.8196716309
      vertex 161.073440552 145.901641846 18.8791847229
    endloop
  endfacet
  facet normal -0.6608710289 0.697664678097 -0.276610732079
    outer loop
      vertex 161.629821777 144.742904663 20.0493869781
      vertex 162.551925659 144.742904663 20.9228630066
      vertex 161.872314453 145.901641846 19.8196716309
    endloop
  endfacet
  facet normal -0.795393824577 0.539288938046 -0.276615381241
    outer loop
      vertex 160.807525635 144.742904663 19.0813350677
      vertex 161.073440552 145.901641846 18.8791847229
      vertex 160.380950928 145.901641846 17.8578395844
    endloop
  endfacet
  facet normal -0.732416570187 0.62213331461 -0.27661550045
    outer loop
      vertex 160.807525635 144.742904663 19.0813350677
      vertex 161.629821777 144.742904663 20.0493869781
      vertex 161.073440552 145.901641846 18.8791847229
    endloop
  endfacet
  facet normal -0.849038183689 0.450131654739 -0.276614665985
    outer loop
      vertex 160.094741821 144.742904663 18.0300521851
      vertex 160.380950928 145.901641846 17.8578395844
      vertex 159.802947998 145.901641846 16.7676105499
    endloop
  endfacet
  facet normal -0.79539424181 0.539288580418 -0.276614874601
    outer loop
      vertex 160.094741821 144.742904663 18.0300521851
      vertex 160.807525635 144.742904663 19.0813350677
      vertex 160.380950928 145.901641846 17.8578395844
    endloop
  endfacet
  facet normal -0.892733693123 0.355687141418 -0.276610195637
    outer loop
      vertex 159.499801636 144.742904663 16.907869339
      vertex 159.802947998 145.901641846 16.7676105499
      vertex 159.346221924 145.901641846 15.6212787628
    endloop
  endfacet
  facet normal -0.849040925503 0.450128763914 -0.276610851288
    outer loop
      vertex 159.499801636 144.742904663 16.907869339
      vertex 160.094741821 144.742904663 18.0300521851
      vertex 159.802947998 145.901641846 16.7676105499
    endloop
  endfacet
  facet normal -0.925950169563 0.257096499205 -0.276618242264
    outer loop
      vertex 159.029678345 144.742904663 15.7279367447
      vertex 159.346221924 145.901641846 15.6212787628
      vertex 159.016098022 145.901641846 14.4322843552
    endloop
  endfacet
  facet normal -0.892728626728 0.355693727732 -0.276618152857
    outer loop
      vertex 159.029678345 144.742904663 15.7279367447
      vertex 159.499801636 144.742904663 16.907869339
      vertex 159.346221924 145.901641846 15.6212787628
    endloop
  endfacet
  facet normal -0.948321342468 0.15546117723 -0.276619762182
    outer loop
      vertex 158.689865112 144.742904663 14.5040912628
      vertex 159.016098022 145.901641846 14.4322843552
      vertex 158.816467285 145.901641846 13.2145681381
    endloop
  endfacet
  facet normal -0.925949394703 0.257097750902 -0.276619642973
    outer loop
      vertex 158.689865112 144.742904663 14.5040912628
      vertex 159.029678345 144.742904663 15.7279367447
      vertex 159.016098022 145.901641846 14.4322843552
    endloop
  endfacet
  facet normal -0.94832110405 0.155461639166 -0.276620268822
    outer loop
      vertex 158.484390259 144.742904663 13.2506828308
      vertex 158.689865112 144.742904663 14.5040912628
      vertex 158.816467285 145.901641846 13.2145681381
    endloop
  endfacet
  facet normal 0.972915232182 0.159500584006 -0.167318731546
    outer loop
      vertex 182.008514404 143.554046631 13.2725296021
      vertex 181.807647705 144.742904663 13.2506828308
      vertex 181.602157593 144.742904663 14.5040912628
    endloop
  endfacet
  facet normal 0.949963152409 0.263772517443 -0.167314335704
    outer loop
      vertex 181.799484253 143.554046631 14.5475301743
      vertex 181.602157593 144.742904663 14.5040912628
      vertex 181.26234436 144.742904663 15.7279367447
    endloop
  endfacet
  facet normal 0.972915291786 0.15950499475 -0.167314186692
    outer loop
      vertex 181.799484253 143.554046631 14.5475301743
      vertex 182.008514404 143.554046631 13.2725296021
      vertex 181.602157593 144.742904663 14.5040912628
    endloop
  endfacet
  facet normal 0.915879428387 0.364918887615 -0.167329356074
    outer loop
      vertex 181.453842163 143.554046631 15.7924556732
      vertex 181.26234436 144.742904663 15.7279367447
      vertex 180.792221069 144.742904663 16.9078674316
    endloop
  endfacet
  facet normal 0.949964523315 0.263757765293 -0.167329594493
    outer loop
      vertex 181.453842163 143.554046631 15.7924556732
      vertex 181.799484253 143.554046631 14.5475301743
      vertex 181.26234436 144.742904663 15.7279367447
    endloop
  endfacet
  facet normal 0.871060669422 0.461794435978 -0.1673296839
    outer loop
      vertex 180.975616455 143.554046631 16.9927120209
      vertex 180.792221069 144.742904663 16.9078674316
      vertex 180.197280884 144.742904663 18.0300521851
    endloop
  endfacet
  facet normal 0.915879487991 0.364918410778 -0.167329862714
    outer loop
      vertex 180.975616455 143.554046631 16.9927120209
      vertex 181.453842163 143.554046631 15.7924556732
      vertex 180.792221069 144.742904663 16.9078674316
    endloop
  endfacet
  facet normal 0.816019117832 0.553279697895 -0.167315110564
    outer loop
      vertex 180.370407104 143.554046631 18.1342277527
      vertex 180.197280884 144.742904663 18.0300521851
      vertex 179.48449707 144.742904663 19.0813350677
    endloop
  endfacet
  facet normal 0.871056139469 0.461808443069 -0.167314499617
    outer loop
      vertex 180.370407104 143.554046631 18.1342277527
      vertex 180.975616455 143.554046631 16.9927120209
      vertex 180.197280884 144.742904663 18.0300521851
    endloop
  endfacet
  facet normal 0.751417756081 0.638258755207 -0.167323544621
    outer loop
      vertex 179.645355225 143.554046631 19.2036190033
      vertex 179.48449707 144.742904663 19.0813350677
      vertex 178.662231445 144.742904663 20.0493869781
    endloop
  endfacet
  facet normal 0.816022396088 0.553272366524 -0.16732339561
    outer loop
      vertex 179.645355225 143.554046631 19.2036190033
      vertex 180.370407104 143.554046631 18.1342277527
      vertex 179.48449707 144.742904663 19.0813350677
    endloop
  endfacet
  facet normal 0.677997291088 0.715766966343 -0.16732403636
    outer loop
      vertex 178.808914185 143.554046631 20.1883487701
      vertex 178.662231445 144.742904663 20.0493869781
      vertex 177.740081787 144.742904663 20.9228630066
    endloop
  endfacet
  facet normal 0.751417994499 0.638258337975 -0.16732403636
    outer loop
      vertex 178.808914185 143.554046631 20.1883487701
      vertex 179.645355225 143.554046631 19.2036190033
      vertex 178.662231445 144.742904663 20.0493869781
    endloop
  endfacet
  facet normal 0.596648573875 0.78486341238 -0.167331784964
    outer loop
      vertex 177.870910645 143.554046631 21.0768699646
      vertex 177.740081787 144.742904663 20.9228630066
      vertex 176.72895813 144.742904663 21.6915187836
    endloop
  endfacet
  facet normal 0.678002238274 0.715760290623 -0.167332649231
    outer loop
      vertex 177.870910645 143.554046631 21.0768699646
      vertex 178.808914185 143.554046631 20.1883487701
      vertex 177.740081787 144.742904663 20.9228630066
    endloop
  endfacet
  facet normal 0.508288264275 0.844775855541 -0.167322456837
    outer loop
      vertex 176.842346191 143.554046631 21.8587665558
      vertex 176.72895813 144.742904663 21.6915187836
      vertex 175.640640259 144.742904663 22.3463459015
    endloop
  endfacet
  facet normal 0.596642076969 0.784870445728 -0.167321890593
    outer loop
      vertex 176.842346191 143.554046631 21.8587665558
      vertex 177.870910645 143.554046631 21.0768699646
      vertex 176.72895813 144.742904663 21.6915187836
    endloop
  endfacet
  facet normal 0.413967490196 0.89478123188 -0.167324319482
    outer loop
      vertex 175.735290527 143.554046631 22.5248718262
      vertex 175.640640259 144.742904663 22.3463459015
      vertex 174.487884521 144.742904663 22.8796634674
    endloop
  endfacet
  facet normal 0.5082898736 0.84477442503 -0.167324706912
    outer loop
      vertex 175.735290527 143.554046631 22.5248718262
      vertex 176.842346191 143.554046631 21.8587665558
      vertex 175.640640259 144.742904663 22.3463459015
    endloop
  endfacet
  facet normal 0.314795136452 0.934294521809 -0.167325243354
    outer loop
      vertex 174.562667847 143.554046631 23.0673770905
      vertex 174.487884521 144.742904663 22.8796634674
      vertex 173.284210205 144.742904663 23.2852191925
    endloop
  endfacet
  facet normal 0.413968265057 0.894780695438 -0.167325288057
    outer loop
      vertex 174.562667847 143.554046631 23.0673770905
      vertex 175.735290527 143.554046631 22.5248718262
      vertex 174.487884521 144.742904663 22.8796634674
    endloop
  endfacet
  facet normal 0.211944058537 0.962850809097 -0.167326286435
    outer loop
      vertex 173.338272095 143.554046631 23.4799213409
      vertex 173.284210205 144.742904663 23.2852191925
      vertex 172.043777466 144.742904663 23.558265686
    endloop
  endfacet
  facet normal 0.314796090126 0.934294044971 -0.167326360941
    outer loop
      vertex 173.338272095 143.554046631 23.4799213409
      vertex 174.562667847 143.554046631 23.0673770905
      vertex 173.284210205 144.742904663 23.2852191925
    endloop
  endfacet
  facet normal 0.106591619551 0.980122864246 -0.167324081063
    outer loop
      vertex 172.076477051 143.554046631 23.7576675415
      vertex 172.043777466 144.742904663 23.558265686
      vertex 170.781066895 144.742904663 23.6955890656
    endloop
  endfacet
  facet normal 0.211941882968 0.962851703167 -0.167323857546
    outer loop
      vertex 172.076477051 143.554046631 23.7576675415
      vertex 173.338272095 143.554046631 23.4799213409
      vertex 172.043777466 144.742904663 23.558265686
    endloop
  endfacet
  facet normal 0 0.985901772976 -0.167325094342
    outer loop
      vertex 170.792037964 143.554046631 23.8973579407
      vertex 170.781066895 144.742904663 23.6955890656
      vertex 169.510940552 144.742904663 23.6955890656
    endloop
  endfacet
  facet normal 0.106594771147 0.980121970177 -0.167327478528
    outer loop
      vertex 170.792037964 143.554046631 23.8973579407
      vertex 172.076477051 143.554046631 23.7576675415
      vertex 170.781066895 144.742904663 23.6955890656
    endloop
  endfacet
  facet normal -0.106593199074 0.980122447014 -0.167325794697
    outer loop
      vertex 169.499984741 143.554046631 23.8973579407
      vertex 169.510940552 144.742904663 23.6955890656
      vertex 168.248245239 144.742904663 23.558265686
    endloop
  endfacet
  facet normal 0 0.985901772976 -0.167325094342
    outer loop
      vertex 169.499984741 143.554046631 23.8973579407
      vertex 170.792037964 143.554046631 23.8973579407
      vertex 169.510940552 144.742904663 23.6955890656
    endloop
  endfacet
  facet normal -0.211940988898 0.962851881981 -0.167323857546
    outer loop
      vertex 168.215560913 143.554046631 23.7576675415
      vertex 168.248245239 144.742904663 23.558265686
      vertex 167.007797241 144.742904663 23.2852191925
    endloop
  endfacet
  facet normal -0.106594838202 0.980122506618 -0.167324110866
    outer loop
      vertex 168.215560913 143.554046631 23.7576675415
      vertex 169.499984741 143.554046631 23.8973579407
      vertex 168.248245239 144.742904663 23.558265686
    endloop
  endfacet
  facet normal -0.314799636602 0.934292852879 -0.167326331139
    outer loop
      vertex 166.953735352 143.554046631 23.4799213409
      vertex 167.007797241 144.742904663 23.2852191925
      vertex 165.804153442 144.742904663 22.8796634674
    endloop
  endfacet
  facet normal -0.211938679218 0.96285200119 -0.167326241732
    outer loop
      vertex 166.953735352 143.554046631 23.4799213409
      vertex 168.215560913 143.554046631 23.7576675415
      vertex 167.007797241 144.742904663 23.2852191925
    endloop
  endfacet
  facet normal -0.413967430592 0.894781112671 -0.167325288057
    outer loop
      vertex 165.729354858 143.554046631 23.0673770905
      vertex 165.804153442 144.742904663 22.8796634674
      vertex 164.651397705 144.742904663 22.3463459015
    endloop
  endfacet
  facet normal -0.314800620079 0.934292674065 -0.167325288057
    outer loop
      vertex 165.729354858 143.554046631 23.0673770905
      vertex 166.953735352 143.554046631 23.4799213409
      vertex 165.804153442 144.742904663 22.8796634674
    endloop
  endfacet
  facet normal -0.508288025856 0.844775557518 -0.167324736714
    outer loop
      vertex 164.556747437 143.554046631 22.5248718262
      vertex 164.651397705 144.742904663 22.3463459015
      vertex 163.563064575 144.742904663 21.6915187836
    endloop
  endfacet
  facet normal -0.413968324661 0.894780874252 -0.167324319482
    outer loop
      vertex 164.556747437 143.554046631 22.5248718262
      vertex 165.729354858 143.554046631 23.0673770905
      vertex 164.651397705 144.742904663 22.3463459015
    endloop
  endfacet
  facet normal -0.596642315388 0.784870266914 -0.167321890593
    outer loop
      vertex 163.449676514 143.554046631 21.8587665558
      vertex 163.563064575 144.742904663 21.6915187836
      vertex 162.551925659 144.742904663 20.9228630066
    endloop
  endfacet
  facet normal -0.508290052414 0.844774723053 -0.167322471738
    outer loop
      vertex 163.449676514 143.554046631 21.8587665558
      vertex 164.556747437 143.554046631 22.5248718262
      vertex 163.563064575 144.742904663 21.6915187836
    endloop
  endfacet
  facet normal -0.678008198738 0.715755879879 -0.167327210307
    outer loop
      vertex 162.421096802 143.554046631 21.0768699646
      vertex 162.551925659 144.742904663 20.9228630066
      vertex 161.629821777 144.742904663 20.0493869781
    endloop
  endfacet
  facet normal -0.596637964249 0.784872472286 -0.167326927185
    outer loop
      vertex 162.421096802 143.554046631 21.0768699646
      vertex 163.449676514 143.554046631 21.8587665558
      vertex 162.551925659 144.742904663 20.9228630066
    endloop
  endfacet
  facet normal -0.751408815384 0.63826584816 -0.167336389422
    outer loop
      vertex 161.483093262 143.554046631 20.1883487701
      vertex 161.629821777 144.742904663 20.0493869781
      vertex 160.807525635 144.742904663 19.0813350677
    endloop
  endfacet
  facet normal -0.678001761436 0.715760171413 -0.167335152626
    outer loop
      vertex 161.483093262 143.554046631 20.1883487701
      vertex 162.421096802 143.554046631 21.0768699646
      vertex 161.629821777 144.742904663 20.0493869781
    endloop
  endfacet
  facet normal -0.816022157669 0.553274571896 -0.167317286134
    outer loop
      vertex 160.64666748 143.554046631 19.2036190033
      vertex 160.807525635 144.742904663 19.0813350677
      vertex 160.094741821 144.742904663 18.0300521851
    endloop
  endfacet
  facet normal -0.751422643661 0.638254463673 -0.167317941785
    outer loop
      vertex 160.64666748 143.554046631 19.2036190033
      vertex 161.483093262 143.554046631 20.1883487701
      vertex 160.807525635 144.742904663 19.0813350677
    endloop
  endfacet
  facet normal -0.871059477329 0.461802154779 -0.167314425111
    outer loop
      vertex 159.921615601 143.554046631 18.1342277527
      vertex 160.094741821 144.742904663 18.0300521851
      vertex 159.499801636 144.742904663 16.907869339
    endloop
  endfacet
  facet normal -0.816023588181 0.553273141384 -0.16731518507
    outer loop
      vertex 159.921615601 143.554046631 18.1342277527
      vertex 160.64666748 143.554046631 19.2036190033
      vertex 160.094741821 144.742904663 18.0300521851
    endloop
  endfacet
  facet normal -0.915879905224 0.364917963743 -0.16732878983
    outer loop
      vertex 159.31640625 143.554046631 16.9927120209
      vertex 159.499801636 144.742904663 16.907869339
      vertex 159.029678345 144.742904663 15.7279367447
    endloop
  endfacet
  facet normal -0.871051192284 0.461812824011 -0.167328387499
    outer loop
      vertex 159.31640625 143.554046631 16.9927120209
      vertex 159.921615601 143.554046631 18.1342277527
      vertex 159.499801636 144.742904663 16.907869339
    endloop
  endfacet
  facet normal -0.949962377548 0.263765156269 -0.16733045876
    outer loop
      vertex 158.838180542 143.554046631 15.7924556732
      vertex 159.029678345 144.742904663 15.7279367447
      vertex 158.689865112 144.742904663 14.5040912628
    endloop
  endfacet
  facet normal -0.915879189968 0.364919066429 -0.167330116034
    outer loop
      vertex 158.838180542 143.554046631 15.7924556732
      vertex 159.31640625 143.554046631 16.9927120209
      vertex 159.029678345 144.742904663 15.7279367447
    endloop
  endfacet
  facet normal -0.972915887833 0.159493550658 -0.167321398854
    outer loop
      vertex 158.492523193 143.554046631 14.5475301743
      vertex 158.689865112 144.742904663 14.5040912628
      vertex 158.484390259 144.742904663 13.2506828308
    endloop
  endfacet
  facet normal -0.949966073036 0.263757407665 -0.167321622372
    outer loop
      vertex 158.492523193 143.554046631 14.5475301743
      vertex 158.838180542 143.554046631 15.7924556732
      vertex 158.689865112 144.742904663 14.5040912628
    endloop
  endfacet
  facet normal -0.972916722298 0.159491196275 -0.167318806052
    outer loop
      vertex 158.28352356 143.554046631 13.2725296021
      vertex 158.492523193 143.554046631 14.5475301743
      vertex 158.484390259 144.742904663 13.2506828308
    endloop
  endfacet
  facet normal -0 -0 1
    outer loop
      vertex 158.21635437 -43.75 10.6849756241
      vertex 158.277481079 -43.75 10.3121423721
      vertex 158.166473389 -43.75 11.6051473618
    endloop
  endfacet
  facet normal 0 0 1
    outer loop
      vertex 158.277481079 -43.75 10.3121423721
      vertex 158.426559448 -43.75 9.402759552
      vertex 158.527633667 -43.75 9.03872013092
    endloop
  endfacet
  facet normal -0 -0 1
    outer loop
      vertex 158.277481079 -43.75 10.3121423721
      vertex 159.43208313 -43.75 6.60993480682
      vertex 158.195907593 -43.75 12.9025754929
    endloop
  endfacet
  facet normal 0 0 1
    outer loop
      vertex 158.277481079 -43.75 10.3121423721
      vertex 158.527633667 -43.75 9.03872013092
      vertex 159.43208313 -43.75 6.60993480682
    endloop
  endfacet
  facet normal 0 0 1
    outer loop
      vertex 158.527633667 -43.75 9.03872013092
      vertex 158.774169922 -43.75 8.15078639984
      vertex 158.914016724 -43.75 7.7998085022
    endloop
  endfacet
  facet normal 0 0 1
    outer loop
      vertex 158.277481079 -43.75 10.3121423721
      vertex 158.195907593 -43.75 12.9025754929
      vertex 158.166473389 -43.75 11.6051473618
    endloop
  endfacet
  facet normal 0 0 1
    outer loop
      vertex 158.527633667 -43.75 9.03872013092
      vertex 158.914016724 -43.75 7.7998085022
      vertex 159.43208313 -43.75 6.60993480682
    endloop
  endfacet
  facet normal 0 0 1
    outer loop
      vertex 158.914016724 -43.75 7.7998085022
      vertex 159.255111694 -43.75 6.94373559952
      vertex 159.43208313 -43.75 6.60993480682
    endloop
  endfacet
  facet normal 0 0 1
    outer loop
      vertex 159.43208313 -43.75 6.60993480682
      vertex 159.863723755 -43.75 5.7957572937
      vertex 160.075744629 -43.75 5.48304700851
    endloop
  endfacet
  facet normal 0 0 1
    outer loop
      vertex 159.43208313 -43.75 6.60993480682
      vertex 160.837478638 -43.75 4.43235826492
      vertex 168.580230713 -43.75 0.0996339842677
    endloop
  endfacet
  facet normal 0 0 1
    outer loop
      vertex 159.43208313 -43.75 6.60993480682
      vertex 160.075744629 -43.75 5.48304700851
      vertex 160.837478638 -43.75 4.43235826492
    endloop
  endfacet
  facet normal 0 0 1
    outer loop
      vertex 160.075744629 -43.75 5.48304700851
      vertex 160.592895508 -43.75 4.72031164169
      vertex 160.837478638 -43.75 4.43235826492
    endloop
  endfacet
  facet normal 0 0 1
    outer loop
      vertex 160.837478638 -43.75 4.43235826492
      vertex 161.434066772 -43.75 3.73000860214
      vertex 161.708358765 -43.75 3.47018790245
    endloop
  endfacet
  facet normal 0 0 1
    outer loop
      vertex 160.837478638 -43.75 4.43235826492
      vertex 164.867996216 -43.75 1.22161817551
      vertex 168.580230713 -43.75 0.0996339842677
    endloop
  endfacet
  facet normal 0 0 1
    outer loop
      vertex 161.708358765 -43.75 3.47018790245
      vertex 162.377365112 -43.75 2.83645772934
      vertex 162.678146362 -43.75 2.60781598091
    endloop
  endfacet
  facet normal 0 0 1
    outer loop
      vertex 161.708358765 -43.75 3.47018790245
      vertex 163.735488892 -43.75 1.85535240173
      vertex 164.867996216 -43.75 1.22161817551
    endloop
  endfacet
  facet normal 0 0 1
    outer loop
      vertex 161.708358765 -43.75 3.47018790245
      vertex 162.678146362 -43.75 2.60781598091
      vertex 163.735488892 -43.75 1.85535240173
    endloop
  endfacet
  facet normal 0 0 1
    outer loop
      vertex 162.678146362 -43.75 2.60781598091
      vertex 163.411758423 -43.75 2.05013394356
      vertex 163.735488892 -43.75 1.85535240173
    endloop
  endfacet
  facet normal 0 0 1
    outer loop
      vertex 159.43208313 -43.75 6.60993480682
      vertex 168.580230713 -43.75 0.0996339842677
      vertex 180.605270386 -43.75 6.12955856323
    endloop
  endfacet
  facet normal 0 0 1
    outer loop
      vertex 160.837478638 -43.75 4.43235826492
      vertex 161.708358765 -43.75 3.47018790245
      vertex 164.867996216 -43.75 1.22161817551
    endloop
  endfacet
  facet normal 0 0 1
    outer loop
      vertex 163.735488892 -43.75 1.85535240173
      vertex 164.525100708 -43.75 1.38025689125
      vertex 164.867996216 -43.75 1.22161817551
    endloop
  endfacet
  facet normal 0 0 1
    outer loop
      vertex 164.867996216 -43.75 1.22161817551
      vertex 165.704345703 -43.75 0.834681093693
      vertex 166.06237793 -43.75 0.714044988155
    endloop
  endfacet
  facet normal 0 0 1
    outer loop
      vertex 164.867996216 -43.75 1.22161817551
      vertex 167.304641724 -43.75 0.338582605124
      vertex 168.580230713 -43.75 0.0996339842677
    endloop
  endfacet
  facet normal 0 0 1
    outer loop
      vertex 166.06237793 -43.75 0.714044988155
      vertex 166.935668945 -43.75 0.419800937176
      vertex 167.304641724 -43.75 0.338582605124
    endloop
  endfacet
  facet normal 0 0 1
    outer loop
      vertex 164.867996216 -43.75 1.22161817551
      vertex 166.06237793 -43.75 0.714044988155
      vertex 167.304641724 -43.75 0.338582605124
    endloop
  endfacet
  facet normal 0 0 1
    outer loop
      vertex 167.304641724 -43.75 0.338582605124
      vertex 168.20463562 -43.75 0.140483275056
      vertex 168.580230713 -43.75 0.0996339842677
    endloop
  endfacet
  facet normal 0 0 1
    outer loop
      vertex 168.580230713 -43.75 0.0996339842677
      vertex 169.496353149 -43.75 -1.51376994495e-07
      vertex 169.874160767 -43.75 -1.51376994495e-07
    endloop
  endfacet
  facet normal -0 0 1
    outer loop
      vertex 168.580230713 -43.75 0.0996339842677
      vertex 171.171279907 -43.75 0.0408491380513
      vertex 180.605270386 -43.75 6.12955856323
    endloop
  endfacet
  facet normal 0 0 1
    outer loop
      vertex 169.874160767 -43.75 -1.51376994495e-07
      vertex 170.795684814 -43.75 -1.51376994495e-07
      vertex 171.171279907 -43.75 0.0408491380513
    endloop
  endfacet
  facet normal 0 0 1
    outer loop
      vertex 168.580230713 -43.75 0.0996339842677
      vertex 169.874160767 -43.75 -1.51376994495e-07
      vertex 171.171279907 -43.75 0.0408491380513
    endloop
  endfacet
  facet normal 0 0 1
    outer loop
      vertex 171.171279907 -43.75 0.0408491380513
      vertex 172.087402344 -43.75 0.140483275056
      vertex 172.456375122 -43.75 0.221701607108
    endloop
  endfacet
  facet normal 0 0 1
    outer loop
      vertex 171.171279907 -43.75 0.0408491380513
      vertex 172.456375122 -43.75 0.221701607108
      vertex 180.605270386 -43.75 6.12955856323
    endloop
  endfacet
  facet normal 0 0 1
    outer loop
      vertex 172.456375122 -43.75 0.221701607108
      vertex 173.356369019 -43.75 0.419800937176
      vertex 173.714401245 -43.75 0.540437042713
    endloop
  endfacet
  facet normal 0 0 1
    outer loop
      vertex 172.456375122 -43.75 0.221701607108
      vertex 174.93057251 -43.75 0.993319749832
      vertex 180.605270386 -43.75 6.12955856323
    endloop
  endfacet
  facet normal 0 0 1
    outer loop
      vertex 172.456375122 -43.75 0.221701607108
      vertex 173.714401245 -43.75 0.540437042713
      vertex 174.93057251 -43.75 0.993319749832
    endloop
  endfacet
  facet normal 0 0 1
    outer loop
      vertex 173.714401245 -43.75 0.540437042713
      vertex 174.587677002 -43.75 0.834681093693
      vertex 174.93057251 -43.75 0.993319749832
    endloop
  endfacet
  facet normal 0 0 1
    outer loop
      vertex 174.93057251 -43.75 0.993319749832
      vertex 175.766921997 -43.75 1.38025689125
      vertex 176.090652466 -43.75 1.57503843307
    endloop
  endfacet
  facet normal 0 0 1
    outer loop
      vertex 174.93057251 -43.75 0.993319749832
      vertex 176.090652466 -43.75 1.57503843307
      vertex 180.605270386 -43.75 6.12955856323
    endloop
  endfacet
  facet normal 0 0 1
    outer loop
      vertex 176.090652466 -43.75 1.57503843307
      vertex 177.181045532 -43.75 2.27877569199
      vertex 179.102554321 -43.75 4.01796197891
    endloop
  endfacet
  facet normal 0 0 1
    outer loop
      vertex 176.090652466 -43.75 1.57503843307
      vertex 176.880264282 -43.75 2.05013394356
      vertex 177.181045532 -43.75 2.27877569199
    endloop
  endfacet
  facet normal 0 0 1
    outer loop
      vertex 177.181045532 -43.75 2.27877569199
      vertex 178.188949585 -43.75 3.09627842903
      vertex 179.102554321 -43.75 4.01796197891
    endloop
  endfacet
  facet normal 0 0 1
    outer loop
      vertex 177.181045532 -43.75 2.27877569199
      vertex 177.914672852 -43.75 2.83645772934
      vertex 178.188949585 -43.75 3.09627842903
    endloop
  endfacet
  facet normal 0 0 1
    outer loop
      vertex 176.090652466 -43.75 1.57503843307
      vertex 179.102554321 -43.75 4.01796197891
      vertex 180.605270386 -43.75 6.12955856323
    endloop
  endfacet
  facet normal 0 0 1
    outer loop
      vertex 178.188949585 -43.75 3.09627842903
      vertex 178.857955933 -43.75 3.73000860214
      vertex 179.102554321 -43.75 4.01796197891
    endloop
  endfacet
  facet normal 0 0 1
    outer loop
      vertex 179.102554321 -43.75 4.01796197891
      vertex 179.91116333 -43.75 5.03302240372
      vertex 180.605270386 -43.75 6.12955856323
    endloop
  endfacet
  facet normal 0 0 1
    outer loop
      vertex 179.102554321 -43.75 4.01796197891
      vertex 179.699142456 -43.75 4.72031211853
      vertex 179.91116333 -43.75 5.03302240372
    endloop
  endfacet
  facet normal 0 0 1
    outer loop
      vertex 180.605270386 -43.75 6.12955856323
      vertex 181.036911011 -43.75 6.94373607635
      vertex 181.176757813 -43.75 7.29471349716
    endloop
  endfacet
  facet normal 0 0 1
    outer loop
      vertex 180.605270386 -43.75 6.12955856323
      vertex 182.125564575 -43.75 12.359662056
      vertex 180.859939575 -43.75 17.3548755646
    endloop
  endfacet
  facet normal 0 0 1
    outer loop
      vertex 181.176757813 -43.75 7.29471349716
      vertex 181.517852783 -43.75 8.15078735352
      vertex 181.618927002 -43.75 8.5148267746
    endloop
  endfacet
  facet normal 0 0 1
    outer loop
      vertex 179.91116333 -43.75 5.03302240372
      vertex 180.42829895 -43.75 5.7957572937
      vertex 180.605270386 -43.75 6.12955856323
    endloop
  endfacet
  facet normal 0 0 1
    outer loop
      vertex 181.618927002 -43.75 8.5148267746
      vertex 181.865463257 -43.75 9.402759552
      vertex 181.926589966 -43.75 9.77559375763
    endloop
  endfacet
  facet normal 0 0 1
    outer loop
      vertex 180.605270386 -43.75 6.12955856323
      vertex 181.176757813 -43.75 7.29471349716
      vertex 182.125564575 -43.75 12.359662056
    endloop
  endfacet
  facet normal 0 0 1
    outer loop
      vertex 181.926589966 -43.75 9.77559375763
      vertex 182.075683594 -43.75 10.6849756241
      vertex 182.096130371 -43.75 11.0622339249
    endloop
  endfacet
  facet normal -0 -0 1
    outer loop
      vertex 159.43208313 -43.75 6.60993480682
      vertex 180.605270386 -43.75 6.12955856323
      vertex 158.195907593 -43.75 12.9025754929
    endloop
  endfacet
  facet normal 0 0 1
    outer loop
      vertex 182.096130371 -43.75 11.0622339249
      vertex 182.146011353 -43.75 11.9824047089
      vertex 182.125564575 -43.75 12.359662056
    endloop
  endfacet
  facet normal 0 0 1
    outer loop
      vertex 181.926589966 -43.75 9.77559375763
      vertex 182.096130371 -43.75 11.0622339249
      vertex 182.125564575 -43.75 12.359662056
    endloop
  endfacet
  facet normal 0 0 1
    outer loop
      vertex 182.125564575 -43.75 12.359662056
      vertex 182.075683594 -43.75 13.27983284
      vertex 182.014556885 -43.75 13.6526670456
    endloop
  endfacet
  facet normal 0 0 1
    outer loop
      vertex 182.125564575 -43.75 12.359662056
      vertex 181.764389038 -43.75 14.9260911942
      vertex 181.378005981 -43.75 16.1650009155
    endloop
  endfacet
  facet normal 0 0 1
    outer loop
      vertex 182.014556885 -43.75 13.6526670456
      vertex 181.865463257 -43.75 14.5620508194
      vertex 181.764389038 -43.75 14.9260911942
    endloop
  endfacet
  facet normal 0 0 1
    outer loop
      vertex 182.125564575 -43.75 12.359662056
      vertex 181.378005981 -43.75 16.1650009155
      vertex 180.859939575 -43.75 17.3548755646
    endloop
  endfacet
  facet normal 0 0 1
    outer loop
      vertex 181.764389038 -43.75 14.9260911942
      vertex 181.517852783 -43.75 15.8140230179
      vertex 181.378005981 -43.75 16.1650009155
    endloop
  endfacet
  facet normal 0 0 1
    outer loop
      vertex 182.125564575 -43.75 12.359662056
      vertex 182.014556885 -43.75 13.6526670456
      vertex 181.764389038 -43.75 14.9260911942
    endloop
  endfacet
  facet normal 0 0 1
    outer loop
      vertex 181.378005981 -43.75 16.1650009155
      vertex 181.036911011 -43.75 17.021074295
      vertex 180.859939575 -43.75 17.3548755646
    endloop
  endfacet
  facet normal 0 0 1
    outer loop
      vertex 181.618927002 -43.75 8.5148267746
      vertex 181.926589966 -43.75 9.77559375763
      vertex 182.125564575 -43.75 12.359662056
    endloop
  endfacet
  facet normal 0 0 1
    outer loop
      vertex 180.859939575 -43.75 17.3548755646
      vertex 180.42829895 -43.75 18.1690540314
      vertex 180.216278076 -43.75 18.4817638397
    endloop
  endfacet
  facet normal 0 0 1
    outer loop
      vertex 180.859939575 -43.75 17.3548755646
      vertex 171.711807251 -43.75 23.8651752472
      vertex 170.417877197 -43.75 23.9648094177
    endloop
  endfacet
  facet normal 0 0 1
    outer loop
      vertex 180.216278076 -43.75 18.4817638397
      vertex 179.699142456 -43.75 19.2444972992
      vertex 179.454544067 -43.75 19.5324516296
    endloop
  endfacet
  facet normal 0 0 1
    outer loop
      vertex 180.216278076 -43.75 18.4817638397
      vertex 178.583679199 -43.75 20.4946212769
      vertex 177.613891602 -43.75 21.3569927216
    endloop
  endfacet
  facet normal 0 0 1
    outer loop
      vertex 179.454544067 -43.75 19.5324516296
      vertex 178.857955933 -43.75 20.2348003387
      vertex 178.583679199 -43.75 20.4946212769
    endloop
  endfacet
  facet normal 0 0 1
    outer loop
      vertex 180.216278076 -43.75 18.4817638397
      vertex 179.454544067 -43.75 19.5324516296
      vertex 178.583679199 -43.75 20.4946212769
    endloop
  endfacet
  facet normal 0 0 1
    outer loop
      vertex 178.583679199 -43.75 20.4946212769
      vertex 177.914672852 -43.75 21.1283512115
      vertex 177.613891602 -43.75 21.3569927216
    endloop
  endfacet
  facet normal 0 0 1
    outer loop
      vertex 181.176757813 -43.75 7.29471349716
      vertex 181.618927002 -43.75 8.5148267746
      vertex 182.125564575 -43.75 12.359662056
    endloop
  endfacet
  facet normal 0 0 1
    outer loop
      vertex 177.613891602 -43.75 21.3569927216
      vertex 176.880264282 -43.75 21.9146747589
      vertex 176.556533813 -43.75 22.109457016
    endloop
  endfacet
  facet normal 0 0 1
    outer loop
      vertex 180.216278076 -43.75 18.4817638397
      vertex 177.613891602 -43.75 21.3569927216
      vertex 174.229644775 -43.75 23.2507648468
    endloop
  endfacet
  facet normal 0 0 1
    outer loop
      vertex 176.556533813 -43.75 22.109457016
      vertex 175.766921997 -43.75 22.5845527649
      vertex 175.424026489 -43.75 22.7431926727
    endloop
  endfacet
  facet normal 0 0 1
    outer loop
      vertex 180.216278076 -43.75 18.4817638397
      vertex 174.229644775 -43.75 23.2507648468
      vertex 171.711807251 -43.75 23.8651752472
    endloop
  endfacet
  facet normal 0 0 1
    outer loop
      vertex 175.424026489 -43.75 22.7431926727
      vertex 174.587677002 -43.75 23.1301307678
      vertex 174.229644775 -43.75 23.2507648468
    endloop
  endfacet
  facet normal 0 0 1
    outer loop
      vertex 176.556533813 -43.75 22.109457016
      vertex 175.424026489 -43.75 22.7431926727
      vertex 174.229644775 -43.75 23.2507648468
    endloop
  endfacet
  facet normal 0 0 1
    outer loop
      vertex 174.229644775 -43.75 23.2507648468
      vertex 173.356369019 -43.75 23.5450077057
      vertex 172.987380981 -43.75 23.6262264252
    endloop
  endfacet
  facet normal 0 -0 1
    outer loop
      vertex 180.605270386 -43.75 6.12955856323
      vertex 180.859939575 -43.75 17.3548755646
      vertex 158.195907593 -43.75 12.9025754929
    endloop
  endfacet
  facet normal 0 0 1
    outer loop
      vertex 172.987380981 -43.75 23.6262264252
      vertex 172.087402344 -43.75 23.8243274689
      vertex 171.711807251 -43.75 23.8651752472
    endloop
  endfacet
  facet normal 0 0 1
    outer loop
      vertex 180.859939575 -43.75 17.3548755646
      vertex 180.216278076 -43.75 18.4817638397
      vertex 171.711807251 -43.75 23.8651752472
    endloop
  endfacet
  facet normal 0 0 1
    outer loop
      vertex 171.711807251 -43.75 23.8651752472
      vertex 170.795684814 -43.75 23.9648094177
      vertex 170.417877197 -43.75 23.9648094177
    endloop
  endfacet
  facet normal 0 0 1
    outer loop
      vertex 180.859939575 -43.75 17.3548755646
      vertex 161.189483643 -43.75 19.9468479156
      vertex 158.195907593 -43.75 12.9025754929
    endloop
  endfacet
  facet normal 0 0 1
    outer loop
      vertex 170.417877197 -43.75 23.9648094177
      vertex 169.496353149 -43.75 23.9648094177
      vertex 169.120758057 -43.75 23.9239616394
    endloop
  endfacet
  facet normal 0 0 1
    outer loop
      vertex 177.613891602 -43.75 21.3569927216
      vertex 176.556533813 -43.75 22.109457016
      vertex 174.229644775 -43.75 23.2507648468
    endloop
  endfacet
  facet normal 0 0 1
    outer loop
      vertex 169.120758057 -43.75 23.9239616394
      vertex 168.20463562 -43.75 23.8243274689
      vertex 167.835647583 -43.75 23.7431087494
    endloop
  endfacet
  facet normal 0 0 1
    outer loop
      vertex 174.229644775 -43.75 23.2507648468
      vertex 172.987380981 -43.75 23.6262264252
      vertex 171.711807251 -43.75 23.8651752472
    endloop
  endfacet
  facet normal 0 0 1
    outer loop
      vertex 167.835647583 -43.75 23.7431087494
      vertex 166.935668945 -43.75 23.5450077057
      vertex 166.577636719 -43.75 23.4243717194
    endloop
  endfacet
  facet normal 0 0 1
    outer loop
      vertex 180.859939575 -43.75 17.3548755646
      vertex 167.835647583 -43.75 23.7431087494
      vertex 161.189483643 -43.75 19.9468479156
    endloop
  endfacet
  facet normal 0 0 1
    outer loop
      vertex 166.577636719 -43.75 23.4243717194
      vertex 165.704345703 -43.75 23.1301307678
      vertex 165.361450195 -43.75 22.97149086
    endloop
  endfacet
  facet normal 0 0 1
    outer loop
      vertex 166.577636719 -43.75 23.4243717194
      vertex 164.201370239 -43.75 22.3897705078
      vertex 163.110992432 -43.75 21.6860351563
    endloop
  endfacet
  facet normal 0 0 1
    outer loop
      vertex 165.361450195 -43.75 22.97149086
      vertex 164.525100708 -43.75 22.5845527649
      vertex 164.201370239 -43.75 22.3897705078
    endloop
  endfacet
  facet normal 0 0 1
    outer loop
      vertex 166.577636719 -43.75 23.4243717194
      vertex 163.110992432 -43.75 21.6860351563
      vertex 162.103088379 -43.75 20.8685302734
    endloop
  endfacet
  facet normal 0 0 1
    outer loop
      vertex 164.201370239 -43.75 22.3897705078
      vertex 163.411758423 -43.75 21.9146747589
      vertex 163.110992432 -43.75 21.6860351563
    endloop
  endfacet
  facet normal 0 0 1
    outer loop
      vertex 170.417877197 -43.75 23.9648094177
      vertex 169.120758057 -43.75 23.9239616394
      vertex 167.835647583 -43.75 23.7431087494
    endloop
  endfacet
  facet normal 0 0 1
    outer loop
      vertex 163.110992432 -43.75 21.6860351563
      vertex 162.377365112 -43.75 21.1283512115
      vertex 162.103088379 -43.75 20.8685302734
    endloop
  endfacet
  facet normal 0 0 1
    outer loop
      vertex 180.859939575 -43.75 17.3548755646
      vertex 170.417877197 -43.75 23.9648094177
      vertex 167.835647583 -43.75 23.7431087494
    endloop
  endfacet
  facet normal 0 0 1
    outer loop
      vertex 162.103088379 -43.75 20.8685302734
      vertex 161.434066772 -43.75 20.2348003387
      vertex 161.189483643 -43.75 19.9468479156
    endloop
  endfacet
  facet normal 0 0 1
    outer loop
      vertex 166.577636719 -43.75 23.4243717194
      vertex 162.103088379 -43.75 20.8685302734
      vertex 161.189483643 -43.75 19.9468479156
    endloop
  endfacet
  facet normal 0 0 1
    outer loop
      vertex 161.189483643 -43.75 19.9468479156
      vertex 160.592895508 -43.75 19.2444972992
      vertex 160.380874634 -43.75 18.9317874908
    endloop
  endfacet
  facet normal 0 0 1
    outer loop
      vertex 161.189483643 -43.75 19.9468479156
      vertex 159.115264893 -43.75 16.6700954437
      vertex 158.195907593 -43.75 12.9025754929
    endloop
  endfacet
  facet normal 0 0 1
    outer loop
      vertex 167.835647583 -43.75 23.7431087494
      vertex 166.577636719 -43.75 23.4243717194
      vertex 161.189483643 -43.75 19.9468479156
    endloop
  endfacet
  facet normal 0 0 1
    outer loop
      vertex 159.686752319 -43.75 17.8352508545
      vertex 159.255111694 -43.75 17.021074295
      vertex 159.115264893 -43.75 16.6700954437
    endloop
  endfacet
  facet normal 0 0 1
    outer loop
      vertex 160.380874634 -43.75 18.9317874908
      vertex 159.863723755 -43.75 18.169052124
      vertex 159.686752319 -43.75 17.8352508545
    endloop
  endfacet
  facet normal 0 0 1
    outer loop
      vertex 159.115264893 -43.75 16.6700954437
      vertex 158.774169922 -43.75 15.8140230179
      vertex 158.673095703 -43.75 15.4499826431
    endloop
  endfacet
  facet normal 0 0 1
    outer loop
      vertex 159.115264893 -43.75 16.6700954437
      vertex 158.365447998 -43.75 14.1892166138
      vertex 158.195907593 -43.75 12.9025754929
    endloop
  endfacet
  facet normal 0 0 1
    outer loop
      vertex 158.673095703 -43.75 15.4499826431
      vertex 158.426559448 -43.75 14.5620508194
      vertex 158.365447998 -43.75 14.1892166138
    endloop
  endfacet
  facet normal 0 0 1
    outer loop
      vertex 161.189483643 -43.75 19.9468479156
      vertex 160.380874634 -43.75 18.9317874908
      vertex 159.115264893 -43.75 16.6700954437
    endloop
  endfacet
  facet normal 0 0 1
    outer loop
      vertex 158.365447998 -43.75 14.1892166138
      vertex 158.21635437 -43.75 13.27983284
      vertex 158.195907593 -43.75 12.9025754929
    endloop
  endfacet
  facet normal 0 0 1
    outer loop
      vertex 166.577636719 -43.75 23.4243717194
      vertex 165.361450195 -43.75 22.97149086
      vertex 164.201370239 -43.75 22.3897705078
    endloop
  endfacet
  facet normal 0 0 1
    outer loop
      vertex 158.195907593 -43.75 12.9025754929
      vertex 158.146011353 -43.75 11.9824047089
      vertex 158.166473389 -43.75 11.6051473618
    endloop
  endfacet
  facet normal 0 0 1
    outer loop
      vertex 160.380874634 -43.75 18.9317874908
      vertex 159.686752319 -43.75 17.8352508545
      vertex 159.115264893 -43.75 16.6700954437
    endloop
  endfacet
  facet normal 0 0 1
    outer loop
      vertex 159.115264893 -43.75 16.6700954437
      vertex 158.673095703 -43.75 15.4499826431
      vertex 158.365447998 -43.75 14.1892166138
    endloop
  endfacet
  facet normal 0.98527777195 0.161531761289 -0.0559932179749
    outer loop
      vertex 181.799484253 143.554046631 14.5475301743
      vertex 182.075683594 142.351226807 13.2798337936
      vertex 182.008514404 143.554046631 13.2725296021
    endloop
  endfacet
  facet normal 0.962037920952 0.267109960318 -0.0559937432408
    outer loop
      vertex 181.453842163 143.554046631 15.7924556732
      vertex 181.865463257 142.351226807 14.5620508194
      vertex 181.799484253 143.554046631 14.5475301743
    endloop
  endfacet
  facet normal 0.985277831554 0.161531075835 -0.0559939518571
    outer loop
      vertex 181.799484253 143.554046631 14.5475301743
      vertex 181.865463257 142.351226807 14.5620508194
      vertex 182.075683594 142.351226807 13.2798337936
    endloop
  endfacet
  facet normal 0.927519738674 0.36955627799 -0.055993668735
    outer loop
      vertex 180.975616455 143.554046631 16.9927120209
      vertex 181.517852783 142.351226807 15.8140239716
      vertex 181.453842163 143.554046631 15.7924556732
    endloop
  endfacet
  facet normal 0.962037980556 0.267109841108 -0.055993873626
    outer loop
      vertex 181.453842163 143.554046631 15.7924556732
      vertex 181.517852783 142.351226807 15.8140239716
      vertex 181.865463257 142.351226807 14.5620508194
    endloop
  endfacet
  facet normal 0.882124602795 0.467676609755 -0.0559887476265
    outer loop
      vertex 180.370407104 143.554046631 18.1342277527
      vertex 181.036911011 142.351226807 17.0210762024
      vertex 180.975616455 143.554046631 16.9927120209
    endloop
  endfacet
  facet normal 0.927518308163 0.369560658932 -0.0559887290001
    outer loop
      vertex 180.975616455 143.554046631 16.9927120209
      vertex 181.036911011 142.351226807 17.0210762024
      vertex 181.517852783 142.351226807 15.8140239716
    endloop
  endfacet
  facet normal 0.826392889023 0.560303688049 -0.0559872277081
    outer loop
      vertex 179.645355225 143.554046631 19.2036190033
      vertex 180.42829895 142.351226807 18.1690540314
      vertex 180.370407104 143.554046631 18.1342277527
    endloop
  endfacet
  facet normal 0.882124006748 0.467678010464 -0.0559871084988
    outer loop
      vertex 180.370407104 143.554046631 18.1342277527
      vertex 180.42829895 142.351226807 18.1690540314
      vertex 181.036911011 142.351226807 17.0210762024
    endloop
  endfacet
  facet normal 0.760967075825 0.64636939764 -0.0559970475733
    outer loop
      vertex 178.808914185 143.554046631 20.1883487701
      vertex 179.699142456 142.351226807 19.2444972992
      vertex 179.645355225 143.554046631 19.2036190033
    endloop
  endfacet
  facet normal 0.826397955418 0.560295164585 -0.0559978336096
    outer loop
      vertex 179.645355225 143.554046631 19.2036190033
      vertex 179.699142456 142.351226807 19.2444972992
      vertex 180.42829895 142.351226807 18.1690540314
    endloop
  endfacet
  facet normal 0.686619699001 0.72485768795 -0.0559885054827
    outer loop
      vertex 177.870910645 143.554046631 21.0768699646
      vertex 178.857955933 142.351226807 20.2348003387
      vertex 178.808914185 143.554046631 20.1883487701
    endloop
  endfacet
  facet normal 0.760962426662 0.646375656128 -0.0559886470437
    outer loop
      vertex 178.808914185 143.554046631 20.1883487701
      vertex 178.857955933 142.351226807 20.2348003387
      vertex 179.699142456 142.351226807 19.2444972992
    endloop
  endfacet
  facet normal 0.604223966599 0.794844329357 -0.0559993498027
    outer loop
      vertex 176.842346191 143.554046631 21.8587665558
      vertex 177.914672852 142.351226807 21.1283531189
      vertex 177.870910645 143.554046631 21.0768699646
    endloop
  endfacet
  facet normal 0.686627566814 0.724849283695 -0.0560007952154
    outer loop
      vertex 177.870910645 143.554046631 21.0768699646
      vertex 177.914672852 142.351226807 21.1283531189
      vertex 178.857955933 142.351226807 20.2348003387
    endloop
  endfacet
  facet normal 0.514749705791 0.855510652065 -0.0559847094119
    outer loop
      vertex 175.735290527 143.554046631 22.5248718262
      vertex 176.880249023 142.351226807 21.9146747589
      vertex 176.842346191 143.554046631 21.8587665558
    endloop
  endfacet
  facet normal 0.604213237762 0.794853508472 -0.0559842176735
    outer loop
      vertex 176.842346191 143.554046631 21.8587665558
      vertex 176.880249023 142.351226807 21.9146747589
      vertex 177.914672852 142.351226807 21.1283531189
    endloop
  endfacet
  facet normal 0.419229269028 0.906152248383 -0.0559902749956
    outer loop
      vertex 174.562667847 143.554046631 23.0673770905
      vertex 175.766921997 142.351226807 22.5845527649
      vertex 175.735290527 143.554046631 22.5248718262
    endloop
  endfacet
  facet normal 0.514753997326 0.855507731438 -0.0559902451932
    outer loop
      vertex 175.735290527 143.554046631 22.5248718262
      vertex 175.766921997 142.351226807 22.5845527649
      vertex 176.880249023 142.351226807 21.9146747589
    endloop
  endfacet
  facet normal 0.318796873093 0.946168005466 -0.0559877417982
    outer loop
      vertex 173.338272095 143.554046631 23.4799213409
      vertex 174.587677002 142.351226807 23.1301307678
      vertex 174.562667847 143.554046631 23.0673770905
    endloop
  endfacet
  facet normal 0.41922673583 0.906153619289 -0.0559871643782
    outer loop
      vertex 174.562667847 143.554046631 23.0673770905
      vertex 174.587677002 142.351226807 23.1301307678
      vertex 175.766921997 142.351226807 22.5845527649
    endloop
  endfacet
  facet normal 0.214635312557 0.975088000298 -0.0559921264648
    outer loop
      vertex 172.076477051 143.554046631 23.7576675415
      vertex 173.356369019 142.351226807 23.5450077057
      vertex 173.338272095 143.554046631 23.4799213409
    endloop
  endfacet
  facet normal 0.318802624941 0.946165680885 -0.0559944175184
    outer loop
      vertex 173.338272095 143.554046631 23.4799213409
      vertex 173.356369019 142.351226807 23.5450077057
      vertex 174.587677002 142.351226807 23.1301307678
    endloop
  endfacet
  facet normal 0.107949502766 0.99257850647 -0.0559893064201
    outer loop
      vertex 170.792037964 143.554046631 23.8973579407
      vertex 172.087402344 142.351226807 23.8243274689
      vertex 172.076477051 143.554046631 23.7576675415
    endloop
  endfacet
  facet normal 0.21463277936 0.975088715553 -0.0559892952442
    outer loop
      vertex 172.076477051 143.554046631 23.7576675415
      vertex 172.087402344 142.351226807 23.8243274689
      vertex 173.356369019 142.351226807 23.5450077057
    endloop
  endfacet
  facet normal 0 0.998431324959 -0.0559902191162
    outer loop
      vertex 169.499984741 143.554046631 23.8973579407
      vertex 170.795684814 142.351226807 23.9648094177
      vertex 170.792037964 143.554046631 23.8973579407
    endloop
  endfacet
  facet normal 0.10794916749 0.992578566074 -0.0559889338911
    outer loop
      vertex 170.792037964 143.554046631 23.8973579407
      vertex 170.795684814 142.351226807 23.9648094177
      vertex 172.087402344 142.351226807 23.8243274689
    endloop
  endfacet
  facet normal -0.107949510217 0.99257850647 -0.0559889338911
    outer loop
      vertex 168.215560913 143.554046631 23.7576675415
      vertex 169.496353149 142.351226807 23.9648094177
      vertex 169.499984741 143.554046631 23.8973579407
    endloop
  endfacet
  facet normal 0 0.998431324959 -0.0559902191162
    outer loop
      vertex 169.499984741 143.554046631 23.8973579407
      vertex 169.496353149 142.351226807 23.9648094177
      vertex 170.795684814 142.351226807 23.9648094177
    endloop
  endfacet
  facet normal -0.214632198215 0.975088834763 -0.0559892989695
    outer loop
      vertex 166.953735352 143.554046631 23.4799213409
      vertex 168.20463562 142.351226807 23.8243274689
      vertex 168.215560913 143.554046631 23.7576675415
    endloop
  endfacet
  facet normal -0.107949160039 0.992578566074 -0.0559893026948
    outer loop
      vertex 168.215560913 143.554046631 23.7576675415
      vertex 168.20463562 142.351226807 23.8243274689
      vertex 169.496353149 142.351226807 23.9648094177
    endloop
  endfacet
  facet normal -0.318801373243 0.946166396141 -0.0559892915189
    outer loop
      vertex 165.729354858 143.554046631 23.0673770905
      vertex 166.935668945 142.351226807 23.5450077057
      vertex 166.953735352 143.554046631 23.4799213409
    endloop
  endfacet
  facet normal -0.21463277936 0.975088715553 -0.0559886656702
    outer loop
      vertex 166.953735352 143.554046631 23.4799213409
      vertex 166.935668945 142.351226807 23.5450077057
      vertex 168.20463562 142.351226807 23.8243274689
    endloop
  endfacet
  facet normal -0.419229358435 0.906152427197 -0.0559871569276
    outer loop
      vertex 164.556747437 143.554046631 22.5248718262
      vertex 165.704360962 142.351226807 23.1301307678
      vertex 165.729354858 143.554046631 23.0673770905
    endloop
  endfacet
  facet normal -0.31880274415 0.946166038513 -0.0559877604246
    outer loop
      vertex 165.729354858 143.554046631 23.0673770905
      vertex 165.704360962 142.351226807 23.1301307678
      vertex 166.935668945 142.351226807 23.5450077057
    endloop
  endfacet
  facet normal -0.514749586582 0.855510354042 -0.0559902638197
    outer loop
      vertex 163.449676514 143.554046631 21.8587665558
      vertex 164.525100708 142.351226807 22.5845527649
      vertex 164.556747437 143.554046631 22.5248718262
    endloop
  endfacet
  facet normal -0.419226646423 0.906153440475 -0.0559902638197
    outer loop
      vertex 164.556747437 143.554046631 22.5248718262
      vertex 164.525100708 142.351226807 22.5845527649
      vertex 165.704360962 142.351226807 23.1301307678
    endloop
  endfacet
  facet normal -0.604220509529 0.794847309589 -0.0559939108789
    outer loop
      vertex 162.421096802 143.554046631 21.0768699646
      vertex 163.411758423 142.351226807 21.9146747589
      vertex 163.449676514 143.554046631 21.8587665558
    endloop
  endfacet
  facet normal -0.514747321606 0.855511546135 -0.0559929832816
    outer loop
      vertex 163.449676514 143.554046631 21.8587665558
      vertex 163.411758423 142.351226807 21.9146747589
      vertex 164.525100708 142.351226807 22.5845527649
    endloop
  endfacet
  facet normal -0.686619460583 0.724857807159 -0.055989779532
    outer loop
      vertex 161.483093262 143.554046631 20.1883487701
      vertex 162.377365112 142.351226807 21.1283531189
      vertex 162.421096802 143.554046631 21.0768699646
    endloop
  endfacet
  facet normal -0.604223847389 0.794845104218 -0.0559896267951
    outer loop
      vertex 162.421096802 143.554046631 21.0768699646
      vertex 162.377365112 142.351226807 21.1283531189
      vertex 163.411758423 142.351226807 21.9146747589
    endloop
  endfacet
  facet normal -0.760971665382 0.646365344524 -0.0559821613133
    outer loop
      vertex 160.64666748 143.554046631 19.2036190033
      vertex 161.434066772 142.351226807 20.2348003387
      vertex 161.483093262 143.554046631 20.1883487701
    endloop
  endfacet
  facet normal -0.686624526978 0.72485357523 -0.0559827126563
    outer loop
      vertex 161.483093262 143.554046631 20.1883487701
      vertex 161.434066772 142.351226807 20.2348003387
      vertex 162.377365112 142.351226807 21.1283531189
    endloop
  endfacet
  facet normal -0.826392710209 0.56030356884 -0.0559908635914
    outer loop
      vertex 159.921615601 143.554046631 18.1342277527
      vertex 160.592895508 142.351226807 19.2444972992
      vertex 160.64666748 143.554046631 19.2036190033
    endloop
  endfacet
  facet normal -0.760966181755 0.646371006966 -0.0559905990958
    outer loop
      vertex 160.64666748 143.554046631 19.2036190033
      vertex 160.592895508 142.351226807 19.2444972992
      vertex 161.434066772 142.351226807 20.2348003387
    endloop
  endfacet
  facet normal -0.882121026516 0.467681825161 -0.056001316756
    outer loop
      vertex 159.31640625 143.554046631 16.9927120209
      vertex 159.863723755 142.351226807 18.1690540314
      vertex 159.921615601 143.554046631 18.1342277527
    endloop
  endfacet
  facet normal -0.826387286186 0.560310661793 -0.0560004971921
    outer loop
      vertex 159.921615601 143.554046631 18.1342277527
      vertex 159.863723755 142.351226807 18.1690540314
      vertex 160.592895508 142.351226807 19.2444972992
    endloop
  endfacet
  facet normal -0.927520096302 0.369557201862 -0.0559816472232
    outer loop
      vertex 158.838180542 143.554046631 15.7924556732
      vertex 159.255111694 142.351226807 17.0210762024
      vertex 159.31640625 143.554046631 16.9927120209
    endloop
  endfacet
  facet normal -0.882130384445 0.467666506767 -0.0559820607305
    outer loop
      vertex 159.31640625 143.554046631 16.9927120209
      vertex 159.255111694 142.351226807 17.0210762024
      vertex 159.863723755 142.351226807 18.1690540314
    endloop
  endfacet
  facet normal -0.962038099766 0.26710921526 -0.0559938699007
    outer loop
      vertex 158.492523193 143.554046631 14.5475301743
      vertex 158.774169922 142.351226807 15.8140239716
      vertex 158.838180542 143.554046631 15.7924556732
    endloop
  endfacet
  facet normal -0.92751532793 0.369567334652 -0.0559936352074
    outer loop
      vertex 158.838180542 143.554046631 15.7924556732
      vertex 158.774169922 142.351226807 15.8140239716
      vertex 159.255111694 142.351226807 17.0210762024
    endloop
  endfacet
  facet normal -0.985280394554 0.161517977715 -0.0559864044189
    outer loop
      vertex 158.28352356 143.554046631 13.2725296021
      vertex 158.426559448 142.351226807 14.5620508194
      vertex 158.492523193 143.554046631 14.5475301743
    endloop
  endfacet
  facet normal -0.962040364742 0.267102658749 -0.0559864342213
    outer loop
      vertex 158.492523193 143.554046631 14.5475301743
      vertex 158.426559448 142.351226807 14.5620508194
      vertex 158.774169922 142.351226807 15.8140239716
    endloop
  endfacet
  facet normal -0.996966123581 0.0540684759617 -0.0559924505651
    outer loop
      vertex 158.28352356 143.554046631 13.2725296021
      vertex 158.213546753 143.554046631 11.9824047089
      vertex 158.21635437 142.351226807 13.2798337936
    endloop
  endfacet
  facet normal -0.985279142857 0.161523446441 -0.0559924058616
    outer loop
      vertex 158.28352356 143.554046631 13.2725296021
      vertex 158.21635437 142.351226807 13.2798337936
      vertex 158.426559448 142.351226807 14.5620508194
    endloop
  endfacet
  facet normal -0.986827075481 0.161778509617 0
    outer loop
      vertex 158.426559448 142.351226807 14.5620508194
      vertex 158.365447998 -43.75 14.1892166138
      vertex 158.426559448 -43.75 14.5620508194
    endloop
  endfacet
  facet normal -0.9868273139 0.161777243018 -2.59172883155e-09
    outer loop
      vertex 158.426559448 142.351226807 14.5620508194
      vertex 158.21635437 142.351226807 13.2798337936
      vertex 158.365447998 -43.75 14.1892166138
    endloop
  endfacet
  facet normal -0.986827433109 0.161776587367 6.66179333919e-10
    outer loop
      vertex 158.21635437 142.351226807 13.2798337936
      vertex 158.21635437 -43.75 13.27983284
      vertex 158.365447998 -43.75 14.1892166138
    endloop
  endfacet
  facet normal -0.963551580906 0.267522633076 1.46884093777e-09
    outer loop
      vertex 158.774169922 142.351226807 15.8140239716
      vertex 158.673095703 -43.75 15.4499826431
      vertex 158.774169922 -43.75 15.8140230179
    endloop
  endfacet
  facet normal -0.963551700115 0.267522245646 6.43058994942e-10
    outer loop
      vertex 158.774169922 142.351226807 15.8140239716
      vertex 158.426559448 142.351226807 14.5620508194
      vertex 158.673095703 -43.75 15.4499826431
    endloop
  endfacet
  facet normal -0.963551640511 0.267522394657 0
    outer loop
      vertex 158.426559448 142.351226807 14.5620508194
      vertex 158.426559448 -43.75 14.5620508194
      vertex 158.673095703 -43.75 15.4499826431
    endloop
  endfacet
  facet normal -0.928972542286 0.370148599148 4.0646233046e-09
    outer loop
      vertex 159.255111694 142.351226807 17.0210762024
      vertex 159.115264893 -43.75 16.6700954437
      vertex 159.255111694 -43.75 17.021074295
    endloop
  endfacet
  facet normal -0.928972780704 0.370148032904 2.83637646703e-09
    outer loop
      vertex 159.255111694 142.351226807 17.0210762024
      vertex 158.774169922 142.351226807 15.8140239716
      vertex 159.115264893 -43.75 16.6700954437
    endloop
  endfacet
  facet normal -0.9289727211 0.370148181915 2.03230943185e-09
    outer loop
      vertex 158.774169922 142.351226807 15.8140239716
      vertex 158.774169922 -43.75 15.8140230179
      vertex 159.115264893 -43.75 16.6700954437
    endloop
  endfacet
  facet normal -0.883515715599 0.46840146184 5.14354381309e-09
    outer loop
      vertex 159.863723755 142.351226807 18.1690540314
      vertex 159.686752319 -43.75 17.8352508545
      vertex 159.863723755 -43.75 18.169052124
    endloop
  endfacet
  facet normal -0.883515954018 0.468401044607 4.21196544309e-09
    outer loop
      vertex 159.863723755 142.351226807 18.1690540314
      vertex 159.255111694 142.351226807 17.0210762024
      vertex 159.686752319 -43.75 17.8352508545
    endloop
  endfacet
  facet normal -0.883516073227 0.468400895596 5.14353759584e-09
    outer loop
      vertex 159.255111694 142.351226807 17.0210762024
      vertex 159.255111694 -43.75 17.021074295
      vertex 159.686752319 -43.75 17.8352508545
    endloop
  endfacet
  facet normal -0.827685594559 0.561192154884 0
    outer loop
      vertex 160.592895508 142.351226807 19.2444972992
      vertex 160.380874634 -43.75 18.9317874908
      vertex 160.592895508 -43.75 19.2444972992
    endloop
  endfacet
  facet normal -0.827686131001 0.561191320419 -1.96912330885e-09
    outer loop
      vertex 160.592895508 142.351226807 19.2444972992
      vertex 159.863723755 142.351226807 18.1690540314
      vertex 160.380874634 -43.75 18.9317874908
    endloop
  endfacet
  facet normal -0.82768702507 0.561189949512 6.16245987572e-09
    outer loop
      vertex 159.863723755 142.351226807 18.1690540314
      vertex 159.863723755 -43.75 18.169052124
      vertex 160.380874634 -43.75 18.9317874908
    endloop
  endfacet
  facet normal -0.762161850929 0.647386550903 0
    outer loop
      vertex 161.434066772 142.351226807 20.2348003387
      vertex 161.189483643 -43.75 19.9468479156
      vertex 161.434066772 -43.75 20.2348003387
    endloop
  endfacet
  facet normal -0.762161791325 0.647386610508 1.61131663567e-10
    outer loop
      vertex 161.434066772 142.351226807 20.2348003387
      vertex 160.592895508 142.351226807 19.2444972992
      vertex 161.189483643 -43.75 19.9468479156
    endloop
  endfacet
  facet normal -0.762161791325 0.647386610508 0
    outer loop
      vertex 160.592895508 142.351226807 19.2444972992
      vertex 160.592895508 -43.75 19.2444972992
      vertex 161.189483643 -43.75 19.9468479156
    endloop
  endfacet
  facet normal -0.687702953815 0.725992202759 7.97216248571e-09
    outer loop
      vertex 162.377365112 142.351226807 21.1283531189
      vertex 162.103088379 -43.75 20.8685302734
      vertex 162.377365112 -43.75 21.1283512115
    endloop
  endfacet
  facet normal -0.68770301342 0.725992083549 7.7192536807e-09
    outer loop
      vertex 162.377365112 142.351226807 21.1283531189
      vertex 161.434066772 142.351226807 20.2348003387
      vertex 162.103088379 -43.75 20.8685302734
    endloop
  endfacet
  facet normal -0.687701880932 0.725993156433 0
    outer loop
      vertex 161.434066772 142.351226807 20.2348003387
      vertex 161.434066772 -43.75 20.2348003387
      vertex 162.103088379 -43.75 20.8685302734
    endloop
  endfacet
  facet normal -0.605172276497 0.796094536781 0
    outer loop
      vertex 163.411758423 142.351226807 21.9146747589
      vertex 163.110992432 -43.75 21.6860351563
      vertex 163.411758423 -43.75 21.9146747589
    endloop
  endfacet
  facet normal -0.605173170567 0.79609388113 -2.26433782835e-09
    outer loop
      vertex 163.411758423 142.351226807 21.9146747589
      vertex 162.377365112 142.351226807 21.1283531189
      vertex 163.110992432 -43.75 21.6860351563
    endloop
  endfacet
  facet normal -0.605174899101 0.796092510223 8.74193872846e-09
    outer loop
      vertex 162.377365112 142.351226807 21.1283531189
      vertex 162.377365112 -43.75 21.1283512115
      vertex 163.110992432 -43.75 21.6860351563
    endloop
  endfacet
  facet normal -0.515556514263 0.85685557127 0
    outer loop
      vertex 164.525100708 142.351226807 22.5845527649
      vertex 164.201370239 -43.75 22.3897705078
      vertex 164.525100708 -43.75 22.5845527649
    endloop
  endfacet
  facet normal -0.515556156635 0.856855809689 8.3302414966e-10
    outer loop
      vertex 164.525100708 142.351226807 22.5845527649
      vertex 163.411758423 142.351226807 21.9146747589
      vertex 164.201370239 -43.75 22.3897705078
    endloop
  endfacet
  facet normal -0.515555977821 0.856855869293 0
    outer loop
      vertex 163.411758423 142.351226807 21.9146747589
      vertex 163.411758423 -43.75 21.9146747589
      vertex 164.201370239 -43.75 22.3897705078
    endloop
  endfacet
  facet normal -0.419884651899 0.907577455044 -3.11227488226e-08
    outer loop
      vertex 165.704360962 142.351226807 23.1301307678
      vertex 165.361450195 -43.75 22.97149086
      vertex 165.704345703 -43.75 23.1301307678
    endloop
  endfacet
  facet normal -0.419885337353 0.907577157021 -3.26265485739e-08
    outer loop
      vertex 165.704360962 142.351226807 23.1301307678
      vertex 164.525100708 142.351226807 22.5845527649
      vertex 165.361450195 -43.75 22.97149086
    endloop
  endfacet
  facet normal -0.419891297817 0.907574415207 0
    outer loop
      vertex 164.525100708 142.351226807 22.5845527649
      vertex 164.525100708 -43.75 22.5845527649
      vertex 165.361450195 -43.75 22.97149086
    endloop
  endfacet
  facet normal -0.31930360198 0.947652459145 0
    outer loop
      vertex 166.935668945 142.351226807 23.5450077057
      vertex 166.577636719 -43.75 23.4243717194
      vertex 166.935668945 -43.75 23.5450077057
    endloop
  endfacet
  facet normal -0.31930360198 0.947652459145 1.9192598899e-11
    outer loop
      vertex 166.935668945 142.351226807 23.5450077057
      vertex 165.704360962 142.351226807 23.1301307678
      vertex 166.577636719 -43.75 23.4243717194
    endloop
  endfacet
  facet normal -0.319299072027 0.947654008865 -2.36671304776e-08
    outer loop
      vertex 165.704360962 142.351226807 23.1301307678
      vertex 165.704345703 -43.75 23.1301307678
      vertex 166.577636719 -43.75 23.4243717194
    endloop
  endfacet
  facet normal -0.214971125126 0.97662037611 0
    outer loop
      vertex 168.20463562 142.351226807 23.8243274689
      vertex 167.835647583 -43.75 23.7431087494
      vertex 168.20463562 -43.75 23.8243274689
    endloop
  endfacet
  facet normal -0.214969992638 0.976620674133 2.36645703033e-09
    outer loop
      vertex 168.20463562 142.351226807 23.8243274689
      vertex 166.935668945 142.351226807 23.5450077057
      vertex 167.835647583 -43.75 23.7431087494
    endloop
  endfacet
  facet normal -0.2149695158 0.976620733738 0
    outer loop
      vertex 166.935668945 142.351226807 23.5450077057
      vertex 166.935668945 -43.75 23.5450077057
      vertex 167.835647583 -43.75 23.7431087494
    endloop
  endfacet
  facet normal -0.108118183911 0.994138062 0
    outer loop
      vertex 169.496353149 142.351226807 23.9648094177
      vertex 169.120758057 -43.75 23.9239616394
      vertex 169.496353149 -43.75 23.9648094177
    endloop
  endfacet
  facet normal -0.108118757606 0.994138002396 -1.17697762647e-09
    outer loop
      vertex 169.496353149 142.351226807 23.9648094177
      vertex 168.20463562 142.351226807 23.8243274689
      vertex 169.120758057 -43.75 23.9239616394
    endloop
  endfacet
  facet normal -0.108118996024 0.994137942791 0
    outer loop
      vertex 168.20463562 142.351226807 23.8243274689
      vertex 168.20463562 -43.75 23.8243274689
      vertex 169.120758057 -43.75 23.9239616394
    endloop
  endfacet
  facet normal 0 1 -0
    outer loop
      vertex 170.795684814 142.351226807 23.9648094177
      vertex 170.417877197 -43.75 23.9648094177
      vertex 170.795684814 -43.75 23.9648094177
    endloop
  endfacet
  facet normal 0 1 0
    outer loop
      vertex 170.795684814 142.351226807 23.9648094177
      vertex 169.496353149 142.351226807 23.9648094177
      vertex 170.417877197 -43.75 23.9648094177
    endloop
  endfacet
  facet normal 0 1 0
    outer loop
      vertex 169.496353149 142.351226807 23.9648094177
      vertex 169.496353149 -43.75 23.9648094177
      vertex 170.417877197 -43.75 23.9648094177
    endloop
  endfacet
  facet normal 0.108118206263 0.994138062 -0
    outer loop
      vertex 172.087402344 142.351226807 23.8243274689
      vertex 171.711807251 -43.75 23.8651752472
      vertex 172.087402344 -43.75 23.8243274689
    endloop
  endfacet
  facet normal 0.108118757606 0.994138002396 1.13987574935e-09
    outer loop
      vertex 172.087402344 142.351226807 23.8243274689
      vertex 170.795684814 142.351226807 23.9648094177
      vertex 171.711807251 -43.75 23.8651752472
    endloop
  endfacet
  facet normal 0.108118988574 0.994137942791 -0
    outer loop
      vertex 170.795684814 142.351226807 23.9648094177
      vertex 170.795684814 -43.75 23.9648094177
      vertex 171.711807251 -43.75 23.8651752472
    endloop
  endfacet
  facet normal 0.21497105062 0.976620435715 -0
    outer loop
      vertex 173.356369019 142.351226807 23.5450077057
      vertex 172.987380981 -43.75 23.6262264252
      vertex 173.356369019 -43.75 23.5450077057
    endloop
  endfacet
  facet normal 0.214969992638 0.976620674133 -2.21891971464e-09
    outer loop
      vertex 173.356369019 142.351226807 23.5450077057
      vertex 172.087402344 142.351226807 23.8243274689
      vertex 172.987380981 -43.75 23.6262264252
    endloop
  endfacet
  facet normal 0.214969545603 0.976620733738 -0
    outer loop
      vertex 172.087402344 142.351226807 23.8243274689
      vertex 172.087402344 -43.75 23.8243274689
      vertex 172.987380981 -43.75 23.6262264252
    endloop
  endfacet
  facet normal 0.31930360198 0.947652459145 -0
    outer loop
      vertex 174.587677002 142.351226807 23.1301307678
      vertex 174.229644775 -43.75 23.2507648468
      vertex 174.587677002 -43.75 23.1301307678
    endloop
  endfacet
  facet normal 0.31930360198 0.947652459145 -1.9192598899e-11
    outer loop
      vertex 174.587677002 142.351226807 23.1301307678
      vertex 173.356369019 142.351226807 23.5450077057
      vertex 174.229644775 -43.75 23.2507648468
    endloop
  endfacet
  facet normal 0.31930360198 0.947652459145 -0
    outer loop
      vertex 173.356369019 142.351226807 23.5450077057
      vertex 173.356369019 -43.75 23.5450077057
      vertex 174.229644775 -43.75 23.2507648468
    endloop
  endfacet
  facet normal 0.419884651899 0.907577455044 -0
    outer loop
      vertex 175.766921997 142.351226807 22.5845527649
      vertex 175.424026489 -43.75 22.7431926727
      vertex 175.766921997 -43.75 22.5845527649
    endloop
  endfacet
  facet normal 0.419885337353 0.907577157021 1.50374690477e-09
    outer loop
      vertex 175.766921997 142.351226807 22.5845527649
      vertex 174.587677002 142.351226807 23.1301307678
      vertex 175.424026489 -43.75 22.7431926727
    endloop
  endfacet
  facet normal 0.419885605574 0.907577037811 -0
    outer loop
      vertex 174.587677002 142.351226807 23.1301307678
      vertex 174.587677002 -43.75 23.1301307678
      vertex 175.424026489 -43.75 22.7431926727
    endloop
  endfacet
  facet normal 0.515563070774 0.856851637363 -3.8214640341e-08
    outer loop
      vertex 176.880249023 142.351226807 21.9146747589
      vertex 176.556533813 -43.75 22.109457016
      vertex 176.880264282 -43.75 21.9146747589
    endloop
  endfacet
  facet normal 0.515562713146 0.856851816177 -3.89777561338e-08
    outer loop
      vertex 176.880249023 142.351226807 21.9146747589
      vertex 175.766921997 142.351226807 22.5845527649
      vertex 176.556533813 -43.75 22.109457016
    endloop
  endfacet
  facet normal 0.515555977821 0.856855869293 -0
    outer loop
      vertex 175.766921997 142.351226807 22.5845527649
      vertex 175.766921997 -43.75 22.5845527649
      vertex 176.556533813 -43.75 22.109457016
    endloop
  endfacet
  facet normal 0.605161845684 0.796102464199 8.74204797441e-09
    outer loop
      vertex 177.914672852 142.351226807 21.1283531189
      vertex 177.613891602 -43.75 21.3569927216
      vertex 177.914672852 -43.75 21.1283512115
    endloop
  endfacet
  facet normal 0.605162382126 0.796102046967 1.00526804658e-08
    outer loop
      vertex 177.914672852 142.351226807 21.1283531189
      vertex 176.880249023 142.351226807 21.9146747589
      vertex 177.613891602 -43.75 21.3569927216
    endloop
  endfacet
  facet normal 0.605171203613 0.796095371246 -4.48565842248e-08
    outer loop
      vertex 176.880249023 142.351226807 21.9146747589
      vertex 176.880264282 -43.75 21.9146747589
      vertex 177.613891602 -43.75 21.3569927216
    endloop
  endfacet
  facet normal 0.687706291676 0.725988984108 -0
    outer loop
      vertex 178.857955933 142.351226807 20.2348003387
      vertex 178.583679199 -43.75 20.4946212769
      vertex 178.857955933 -43.75 20.2348003387
    endloop
  endfacet
  facet normal 0.687706768513 0.725988566875 1.2434757668e-09
    outer loop
      vertex 178.857955933 142.351226807 20.2348003387
      vertex 177.914672852 142.351226807 21.1283531189
      vertex 178.583679199 -43.75 20.4946212769
    endloop
  endfacet
  facet normal 0.687705755234 0.72598952055 7.97213317583e-09
    outer loop
      vertex 177.914672852 142.351226807 21.1283531189
      vertex 177.914672852 -43.75 21.1283512115
      vertex 178.583679199 -43.75 20.4946212769
    endloop
  endfacet
  facet normal 0.762157857418 0.64739125967 -0
    outer loop
      vertex 179.699142456 142.351226807 19.2444972992
      vertex 179.454544067 -43.75 19.5324516296
      vertex 179.699142456 -43.75 19.2444972992
    endloop
  endfacet
  facet normal 0.762157917023 0.647391140461 2.2498776453e-10
    outer loop
      vertex 179.699142456 142.351226807 19.2444972992
      vertex 178.857955933 142.351226807 20.2348003387
      vertex 179.454544067 -43.75 19.5324516296
    endloop
  endfacet
  facet normal 0.762157976627 0.647391140461 -0
    outer loop
      vertex 178.857955933 142.351226807 20.2348003387
      vertex 178.857955933 -43.75 20.2348003387
      vertex 179.454544067 -43.75 19.5324516296
    endloop
  endfacet
  facet normal 0.827696859837 0.561175465584 1.54057511192e-09
    outer loop
      vertex 180.42829895 142.351226807 18.1690540314
      vertex 180.216278076 -43.75 18.4817638397
      vertex 180.42829895 -43.75 18.1690540314
    endloop
  endfacet
  facet normal 0.827696681023 0.561175704002 9.30342858307e-10
    outer loop
      vertex 180.42829895 142.351226807 18.1690540314
      vertex 179.699142456 142.351226807 19.2444972992
      vertex 180.216278076 -43.75 18.4817638397
    endloop
  endfacet
  facet normal 0.827696800232 0.561175525188 -0
    outer loop
      vertex 179.699142456 142.351226807 19.2444972992
      vertex 179.699142456 -43.75 19.2444972992
      vertex 180.216278076 -43.75 18.4817638397
    endloop
  endfacet
  facet normal 0.88351047039 0.468411445618 5.14365350313e-09
    outer loop
      vertex 181.036911011 142.351226807 17.0210762024
      vertex 180.859939575 -43.75 17.3548755646
      vertex 181.036911011 -43.75 17.021074295
    endloop
  endfacet
  facet normal 0.883509755135 0.468412727118 2.24411800254e-09
    outer loop
      vertex 181.036911011 142.351226807 17.0210762024
      vertex 180.42829895 142.351226807 18.1690540314
      vertex 180.859939575 -43.75 17.3548755646
    endloop
  endfacet
  facet normal 0.883509874344 0.468412548304 1.28591637338e-09
    outer loop
      vertex 180.42829895 142.351226807 18.1690540314
      vertex 180.42829895 -43.75 18.1690540314
      vertex 180.859939575 -43.75 17.3548755646
    endloop
  endfacet
  facet normal 0.928975522518 0.370141148567 2.03227079609e-09
    outer loop
      vertex 181.517852783 142.351226807 15.8140239716
      vertex 181.378005981 -43.75 16.1650009155
      vertex 181.517852783 -43.75 15.8140230179
    endloop
  endfacet
  facet normal 0.928975462914 0.370141267776 1.77373082888e-09
    outer loop
      vertex 181.517852783 142.351226807 15.8140239716
      vertex 181.036911011 142.351226807 17.0210762024
      vertex 181.378005981 -43.75 16.1650009155
    endloop
  endfacet
  facet normal 0.9289752841 0.370141685009 4.06454736535e-09
    outer loop
      vertex 181.036911011 142.351226807 17.0210762024
      vertex 181.036911011 -43.75 17.021074295
      vertex 181.378005981 -43.75 16.1650009155
    endloop
  endfacet
  facet normal 0.963549554348 0.267529994249 -0
    outer loop
      vertex 181.865463257 142.351226807 14.5620508194
      vertex 181.764389038 -43.75 14.9260911942
      vertex 181.865463257 -43.75 14.5620508194
    endloop
  endfacet
  facet normal 0.963549673557 0.267529547215 9.46712597205e-10
    outer loop
      vertex 181.865463257 142.351226807 14.5620508194
      vertex 181.517852783 142.351226807 15.8140239716
      vertex 181.764389038 -43.75 14.9260911942
    endloop
  endfacet
  facet normal 0.963549613953 0.267529666424 1.46887935148e-09
    outer loop
      vertex 181.517852783 142.351226807 15.8140239716
      vertex 181.517852783 -43.75 15.8140230179
      vertex 181.764389038 -43.75 14.9260911942
    endloop
  endfacet
  facet normal 0.986826241016 0.161783769727 6.66208865852e-10
    outer loop
      vertex 182.075683594 142.351226807 13.2798337936
      vertex 182.014556885 -43.75 13.6526670456
      vertex 182.075683594 -43.75 13.27983284
    endloop
  endfacet
  facet normal 0.986826062202 0.161784902215 -1.66031854931e-09
    outer loop
      vertex 182.075683594 142.351226807 13.2798337936
      vertex 181.865463257 142.351226807 14.5620508194
      vertex 182.014556885 -43.75 13.6526670456
    endloop
  endfacet
  facet normal 0.986826002598 0.161785230041 -0
    outer loop
      vertex 181.865463257 142.351226807 14.5620508194
      vertex 181.865463257 -43.75 14.5620508194
      vertex 182.014556885 -43.75 13.6526670456
    endloop
  endfacet
  facet normal -0.996966958046 -0.0540684685111 -0.0559775494039
    outer loop
      vertex 158.28352356 143.554046631 10.692278862
      vertex 158.146011353 142.351226807 11.9824047089
      vertex 158.213546753 143.554046631 11.9824047089
    endloop
  endfacet
  facet normal -0.996967673302 0.0540547035635 -0.0559775903821
    outer loop
      vertex 158.213546753 143.554046631 11.9824047089
      vertex 158.146011353 142.351226807 11.9824047089
      vertex 158.21635437 142.351226807 13.2798337936
    endloop
  endfacet
  facet normal -0.998533427715 0.0541388690472 2.22938278949e-10
    outer loop
      vertex 158.21635437 142.351226807 13.2798337936
      vertex 158.195907593 -43.75 12.9025754929
      vertex 158.21635437 -43.75 13.27983284
    endloop
  endfacet
  facet normal -0.998533368111 0.0541395917535 1.69348157719e-09
    outer loop
      vertex 158.21635437 142.351226807 13.2798337936
      vertex 158.146011353 142.351226807 11.9824047089
      vertex 158.195907593 -43.75 12.9025754929
    endloop
  endfacet
  facet normal -0.985280036926 -0.161518082023 -0.0559924244881
    outer loop
      vertex 158.492523193 143.554046631 9.41727924347
      vertex 158.21635437 142.351226807 10.6849756241
      vertex 158.28352356 143.554046631 10.692278862
    endloop
  endfacet
  facet normal -0.996966898441 -0.0540546029806 -0.0559924095869
    outer loop
      vertex 158.28352356 143.554046631 10.692278862
      vertex 158.21635437 142.351226807 10.6849756241
      vertex 158.146011353 142.351226807 11.9824047089
    endloop
  endfacet
  facet normal -0.962038576603 -0.267109185457 -0.0559865236282
    outer loop
      vertex 158.838180542 143.554046631 8.17235374451
      vertex 158.426559448 142.351226807 9.40275859833
      vertex 158.492523193 143.554046631 9.41727924347
    endloop
  endfacet
  facet normal -0.985279500484 -0.161523595452 -0.0559864901006
    outer loop
      vertex 158.492523193 143.554046631 9.41727924347
      vertex 158.426559448 142.351226807 9.40275859833
      vertex 158.21635437 142.351226807 10.6849756241
    endloop
  endfacet
  facet normal -0.927519440651 -0.369557023048 -0.0559935905039
    outer loop
      vertex 159.31640625 143.554046631 6.97209739685
      vertex 158.774169922 142.351226807 8.15078544617
      vertex 158.838180542 143.554046631 8.17235374451
    endloop
  endfacet
  facet normal -0.962040007114 -0.267102539539 -0.0559937916696
    outer loop
      vertex 158.838180542 143.554046631 8.17235374451
      vertex 158.774169922 142.351226807 8.15078544617
      vertex 158.426559448 142.351226807 9.40275859833
    endloop
  endfacet
  facet normal -0.882121860981 -0.467682689428 -0.0559818074107
    outer loop
      vertex 159.921615601 143.554046631 5.83058214188
      vertex 159.255111694 142.351226807 6.94373416901
      vertex 159.31640625 143.554046631 6.97209739685
    endloop
  endfacet
  facet normal -0.927515923977 -0.369567722082 -0.0559815242887
    outer loop
      vertex 159.31640625 143.554046631 6.97209739685
      vertex 159.255111694 142.351226807 6.94373416901
      vertex 158.774169922 142.351226807 8.15078544617
    endloop
  endfacet
  facet normal -0.826392292976 -0.560303270817 -0.0560005232692
    outer loop
      vertex 160.64666748 143.554046631 4.76119089127
      vertex 159.863723755 142.351226807 5.79575681686
      vertex 159.921615601 143.554046631 5.83058214188
    endloop
  endfacet
  facet normal -0.882129371166 -0.467666149139 -0.0560012608767
    outer loop
      vertex 159.921615601 143.554046631 5.83058214188
      vertex 159.863723755 142.351226807 5.79575681686
      vertex 159.255111694 142.351226807 6.94373416901
    endloop
  endfacet
  facet normal -0.760971426964 -0.646364808083 -0.0559911690652
    outer loop
      vertex 161.483093262 143.554046631 3.77646183968
      vertex 160.592895508 142.351226807 4.72031211853
      vertex 160.64666748 143.554046631 4.76119089127
    endloop
  endfacet
  facet normal -0.826387941837 -0.560310602188 -0.0559913665056
    outer loop
      vertex 160.64666748 143.554046631 4.76119089127
      vertex 160.592895508 142.351226807 4.72031211853
      vertex 159.863723755 142.351226807 5.79575681686
    endloop
  endfacet
  facet normal -0.686619281769 -0.724858462811 -0.0559833049774
    outer loop
      vertex 162.421096802 143.554046631 2.88794088364
      vertex 161.434066772 142.351226807 3.73000860214
      vertex 161.483093262 143.554046631 3.77646183968
    endloop
  endfacet
  facet normal -0.760966718197 -0.646371126175 -0.0559827312827
    outer loop
      vertex 161.483093262 143.554046631 3.77646183968
      vertex 161.434066772 142.351226807 3.73000860214
      vertex 160.592895508 142.351226807 4.72031211853
    endloop
  endfacet
  facet normal -0.60422116518 -0.794847071171 -0.0559902898967
    outer loop
      vertex 163.449676514 143.554046631 2.10604333878
      vertex 162.377365112 142.351226807 2.83645677567
      vertex 162.421096802 143.554046631 2.88794088364
    endloop
  endfacet
  facet normal -0.686623811722 -0.724853634834 -0.0559903755784
    outer loop
      vertex 162.421096802 143.554046631 2.88794088364
      vertex 162.377365112 142.351226807 2.83645677567
      vertex 161.434066772 142.351226807 3.73000860214
    endloop
  endfacet
  facet normal -0.514750003815 -0.8555098176 -0.0559944398701
    outer loop
      vertex 164.556747437 143.554046631 1.43993782997
      vertex 163.411758423 142.351226807 2.05013298988
      vertex 163.449676514 143.554046631 2.10604333878
    endloop
  endfacet
  facet normal -0.604224681854 -0.794844090939 -0.0559952408075
    outer loop
      vertex 163.449676514 143.554046631 2.10604333878
      vertex 163.411758423 142.351226807 2.05013298988
      vertex 162.377365112 142.351226807 2.83645677567
    endloop
  endfacet
  facet normal -0.41922929883 -0.906152307987 -0.0559895075858
    outer loop
      vertex 165.729354858 143.554046631 0.897431492805
      vertex 164.525100708 142.351226807 1.38025689125
      vertex 164.556747437 143.554046631 1.43993782997
    endloop
  endfacet
  facet normal -0.514746248722 -0.8555123806 -0.055989548564
    outer loop
      vertex 164.556747437 143.554046631 1.43993782997
      vertex 164.525100708 142.351226807 1.38025689125
      vertex 163.411758423 142.351226807 2.05013298988
    endloop
  endfacet
  facet normal -0.318800717592 -0.946166813374 -0.0559861510992
    outer loop
      vertex 166.953735352 143.554046631 0.484888225794
      vertex 165.704360962 142.351226807 0.834681093693
      vertex 165.729354858 143.554046631 0.897431492805
    endloop
  endfacet
  facet normal -0.419226109982 -0.906153976917 -0.0559856332839
    outer loop
      vertex 165.729354858 143.554046631 0.897431492805
      vertex 165.704360962 142.351226807 0.834681093693
      vertex 164.525100708 142.351226807 1.38025689125
    endloop
  endfacet
  facet normal -0.214632183313 -0.975088775158 -0.0559903159738
    outer loop
      vertex 168.215560913 143.554046631 0.207142069936
      vertex 166.935668945 142.351226807 0.419800937176
      vertex 166.953735352 143.554046631 0.484888225794
    endloop
  endfacet
  facet normal -0.31880480051 -0.946165144444 -0.0559908822179
    outer loop
      vertex 166.953735352 143.554046631 0.484888225794
      vertex 166.935668945 142.351226807 0.419800937176
      vertex 165.704360962 142.351226807 0.834681093693
    endloop
  endfacet
  facet normal -0.107950292528 -0.992578446865 -0.0559884682298
    outer loop
      vertex 169.499984741 143.554046631 0.067450530827
      vertex 168.20463562 142.351226807 0.140483275056
      vertex 168.215560913 143.554046631 0.207142069936
    endloop
  endfacet
  facet normal -0.214630544186 -0.975089251995 -0.0559884794056
    outer loop
      vertex 168.215560913 143.554046631 0.207142069936
      vertex 168.20463562 142.351226807 0.140483275056
      vertex 166.935668945 142.351226807 0.419800937176
    endloop
  endfacet
  facet normal -0 -0.998431384563 -0.0559893734753
    outer loop
      vertex 170.792037964 143.554046631 0.067450530827
      vertex 169.496353149 142.351226807 -1.51377008706e-07
      vertex 169.499984741 143.554046631 0.067450530827
    endloop
  endfacet
  facet normal -0.10794994235 -0.99257850647 -0.0559880919755
    outer loop
      vertex 169.499984741 143.554046631 0.067450530827
      vertex 169.496353149 142.351226807 -1.51377008706e-07
      vertex 168.20463562 142.351226807 0.140483275056
    endloop
  endfacet
  facet normal 0.107949510217 -0.992578566074 -0.0559880919755
    outer loop
      vertex 172.076477051 143.554046631 0.207141041756
      vertex 170.795684814 142.351226807 -1.51377008706e-07
      vertex 170.792037964 143.554046631 0.067450530827
    endloop
  endfacet
  facet normal 0 -0.998431384563 -0.0559893734753
    outer loop
      vertex 170.792037964 143.554046631 0.067450530827
      vertex 170.795684814 142.351226807 -1.51377008706e-07
      vertex 169.496353149 142.351226807 -1.51377008706e-07
    endloop
  endfacet
  facet normal 0.214636132121 -0.975088059902 -0.0559876337647
    outer loop
      vertex 173.338272095 143.554046631 0.484888225794
      vertex 172.087402344 142.351226807 0.140483275056
      vertex 172.076477051 143.554046631 0.207141041756
    endloop
  endfacet
  facet normal 0.107949949801 -0.992578566074 -0.0559876263142
    outer loop
      vertex 172.076477051 143.554046631 0.207141041756
      vertex 172.087402344 142.351226807 0.140483275056
      vertex 170.795684814 142.351226807 -1.51377008706e-07
    endloop
  endfacet
  facet normal 0.318796008825 -0.946167826653 -0.0559960417449
    outer loop
      vertex 174.562667847 143.554046631 0.897431492805
      vertex 173.356369019 142.351226807 0.419800937176
      vertex 173.338272095 143.554046631 0.484888225794
    endloop
  endfacet
  facet normal 0.214630484581 -0.975088953972 -0.0559937618673
    outer loop
      vertex 173.338272095 143.554046631 0.484888225794
      vertex 173.356369019 142.351226807 0.419800937176
      vertex 172.087402344 142.351226807 0.140483275056
    endloop
  endfacet
  facet normal 0.419235110283 -0.906149864197 -0.0559856034815
    outer loop
      vertex 175.735275269 143.554046631 1.43993782997
      vertex 174.587677002 142.351226807 0.834681093693
      vertex 174.562667847 143.554046631 0.897431492805
    endloop
  endfacet
  facet normal 0.318804889917 -0.946165442467 -0.0559861660004
    outer loop
      vertex 174.562667847 143.554046631 0.897431492805
      vertex 174.587677002 142.351226807 0.834681093693
      vertex 173.356369019 142.351226807 0.419800937176
    endloop
  endfacet
  facet normal 0.514742732048 -0.855513989925 -0.0559978447855
    outer loop
      vertex 176.842346191 143.554046631 2.1060423851
      vertex 175.766921997 142.351226807 1.38025689125
      vertex 175.735275269 143.554046631 1.43993782997
    endloop
  endfacet
  facet normal 0.419225871563 -0.906153440475 -0.0559962391853
    outer loop
      vertex 175.735275269 143.554046631 1.43993782997
      vertex 175.766921997 142.351226807 1.38025689125
      vertex 174.587677002 142.351226807 0.834681093693
    endloop
  endfacet
  facet normal 0.604225456715 -0.794844210148 -0.0559848435223
    outer loop
      vertex 177.870910645 143.554046631 2.88794088364
      vertex 176.880249023 142.351226807 2.05013298988
      vertex 176.842346191 143.554046631 2.1060423851
    endloop
  endfacet
  facet normal 0.514752984047 -0.855508625507 -0.055985443294
    outer loop
      vertex 176.842346191 143.554046631 2.1060423851
      vertex 176.880249023 142.351226807 2.05013298988
      vertex 175.766921997 142.351226807 1.38025689125
    endloop
  endfacet
  facet normal 0.686618804932 -0.724857509136 -0.0560014434159
    outer loop
      vertex 178.808914185 143.554046631 3.77646183968
      vertex 177.914672852 142.351226807 2.83645677567
      vertex 177.870910645 143.554046631 2.88794088364
    endloop
  endfacet
  facet normal 0.6042137146 -0.794852077961 -0.0559999831021
    outer loop
      vertex 177.870910645 143.554046631 2.88794088364
      vertex 177.914672852 142.351226807 2.83645677567
      vertex 176.880249023 142.351226807 2.05013298988
    endloop
  endfacet
  facet normal 0.760967433453 -0.646369695663 -0.0559891723096
    outer loop
      vertex 179.645355225 143.554046631 4.76119041443
      vertex 178.857955933 142.351226807 3.73000860214
      vertex 178.808914185 143.554046631 3.77646183968
    endloop
  endfacet
  facet normal 0.686627566814 -0.724850177765 -0.0559891536832
    outer loop
      vertex 178.808914185 143.554046631 3.77646183968
      vertex 178.857955933 142.351226807 3.73000860214
      vertex 177.914672852 142.351226807 2.83645677567
    endloop
  endfacet
  facet normal 0.826392531395 -0.560303151608 -0.0559980981052
    outer loop
      vertex 180.370407104 143.554046631 5.83058214188
      vertex 179.699142456 142.351226807 4.72031211853
      vertex 179.645355225 143.554046631 4.76119041443
    endloop
  endfacet
  facet normal 0.760962188244 -0.646375179291 -0.0559972971678
    outer loop
      vertex 179.645355225 143.554046631 4.76119041443
      vertex 179.699142456 142.351226807 4.72031211853
      vertex 178.857955933 142.351226807 3.73000860214
    endloop
  endfacet
  facet normal 0.88212454319 -0.467676997185 -0.0559871047735
    outer loop
      vertex 180.975616455 143.554046631 6.97209739685
      vertex 180.42829895 142.351226807 5.79575681686
      vertex 180.370407104 143.554046631 5.83058214188
    endloop
  endfacet
  facet normal 0.826398670673 -0.56029510498 -0.0559872575104
    outer loop
      vertex 180.370407104 143.554046631 5.83058214188
      vertex 180.42829895 142.351226807 5.79575681686
      vertex 179.699142456 142.351226807 4.72031211853
    endloop
  endfacet
  facet normal 0.927519977093 -0.369556456804 -0.0559885576367
    outer loop
      vertex 181.453842163 143.554046631 8.17235374451
      vertex 181.036911011 142.351226807 6.94373416901
      vertex 180.975616455 143.554046631 6.97209739685
    endloop
  endfacet
  facet normal 0.882123827934 -0.467678129673 -0.0559885427356
    outer loop
      vertex 180.975616455 143.554046631 6.97209739685
      vertex 181.036911011 142.351226807 6.94373416901
      vertex 180.42829895 142.351226807 5.79575681686
    endloop
  endfacet
  facet normal 0.962037980556 -0.267109811306 -0.0559938177466
    outer loop
      vertex 181.799484253 143.554046631 9.41727924347
      vertex 181.517852783 142.351226807 8.15078544617
      vertex 181.453842163 143.554046631 8.17235374451
    endloop
  endfacet
  facet normal 0.927518010139 -0.369560688734 -0.0559935756028
    outer loop
      vertex 181.453842163 143.554046631 8.17235374451
      vertex 181.517852783 142.351226807 8.15078544617
      vertex 181.036911011 142.351226807 6.94373416901
    endloop
  endfacet
  facet normal 0.98527765274 -0.1615319103 -0.0559940226376
    outer loop
      vertex 182.008514404 143.554046631 10.692278862
      vertex 181.865463257 142.351226807 9.40275859833
      vertex 181.799484253 143.554046631 9.41727924347
    endloop
  endfacet
  facet normal 0.962037980556 -0.267109841108 -0.0559938549995
    outer loop
      vertex 181.799484253 143.554046631 9.41727924347
      vertex 181.865463257 142.351226807 9.40275859833
      vertex 181.517852783 142.351226807 8.15078544617
    endloop
  endfacet
  facet normal 0.996966838837 -0.054054249078 -0.0559932515025
    outer loop
      vertex 182.078475952 143.554046631 11.9824047089
      vertex 182.075683594 142.351226807 10.6849756241
      vertex 182.008514404 143.554046631 10.692278862
    endloop
  endfacet
  facet normal 0.985277831554 -0.161531180143 -0.0559932179749
    outer loop
      vertex 182.008514404 143.554046631 10.692278862
      vertex 182.075683594 142.351226807 10.6849756241
      vertex 181.865463257 142.351226807 9.40275859833
    endloop
  endfacet
  facet normal 0.996967315674 0.0540543273091 -0.0559851899743
    outer loop
      vertex 182.008514404 143.554046631 13.2725296021
      vertex 182.146011353 142.351226807 11.9824047089
      vertex 182.078475952 143.554046631 11.9824047089
    endloop
  endfacet
  facet normal 0.996967256069 0.0540468245745 -0.0559932291508
    outer loop
      vertex 182.008514404 143.554046631 13.2725296021
      vertex 182.075683594 142.351226807 13.2798337936
      vertex 182.146011353 142.351226807 11.9824047089
    endloop
  endfacet
  facet normal 0.996967673302 -0.0540467984974 -0.055985212326
    outer loop
      vertex 182.078475952 143.554046631 11.9824047089
      vertex 182.146011353 142.351226807 11.9824047089
      vertex 182.075683594 142.351226807 10.6849756241
    endloop
  endfacet
  facet normal 0.998533785343 0.054132193327 2.22910787051e-10
    outer loop
      vertex 182.075683594 142.351226807 13.2798337936
      vertex 182.075683594 -43.75 13.27983284
      vertex 182.125564575 -43.75 12.359662056
    endloop
  endfacet
  facet normal 0.998533844948 0.0541307814419 -0
    outer loop
      vertex 182.146011353 142.351226807 11.9824047089
      vertex 182.125564575 -43.75 12.359662056
      vertex 182.146011353 -43.75 11.9824047089
    endloop
  endfacet
  facet normal 0.998533785343 0.0541317500174 -1.96712068856e-09
    outer loop
      vertex 182.146011353 142.351226807 11.9824047089
      vertex 182.075683594 142.351226807 13.2798337936
      vertex 182.125564575 -43.75 12.359662056
    endloop
  endfacet
  facet normal 0.998533844948 -0.0541307330132 2.60055560419e-10
    outer loop
      vertex 182.075683594 142.351226807 10.6849756241
      vertex 182.096130371 -43.75 11.0622339249
      vertex 182.075683594 -43.75 10.6849756241
    endloop
  endfacet
  facet normal 0.998533785343 -0.0541316978633 2.22132090499e-09
    outer loop
      vertex 182.075683594 142.351226807 10.6849756241
      vertex 182.146011353 142.351226807 11.9824047089
      vertex 182.096130371 -43.75 11.0622339249
    endloop
  endfacet
  facet normal 0.998533785343 -0.0541321448982 0
    outer loop
      vertex 182.146011353 142.351226807 11.9824047089
      vertex 182.146011353 -43.75 11.9824047089
      vertex 182.096130371 -43.75 11.0622339249
    endloop
  endfacet
  facet normal 0.986826241016 -0.161783874035 8.88279116928e-10
    outer loop
      vertex 181.865463257 142.351226807 9.40275859833
      vertex 181.926589966 -43.75 9.77559375763
      vertex 181.865463257 -43.75 9.402759552
    endloop
  endfacet
  facet normal 0.986826002598 -0.161784991622 3.18646287134e-09
    outer loop
      vertex 181.865463257 142.351226807 9.40275859833
      vertex 182.075683594 142.351226807 10.6849756241
      vertex 181.926589966 -43.75 9.77559375763
    endloop
  endfacet
  facet normal 0.986825942993 -0.161785468459 7.77251873973e-10
    outer loop
      vertex 182.075683594 142.351226807 10.6849756241
      vertex 182.075683594 -43.75 10.6849756241
      vertex 181.926589966 -43.75 9.77559375763
    endloop
  endfacet
  facet normal 0.963549554348 -0.267529994249 1.83610160409e-09
    outer loop
      vertex 181.517852783 142.351226807 8.15078544617
      vertex 181.618927002 -43.75 8.5148267746
      vertex 181.517852783 -43.75 8.15078735352
    endloop
  endfacet
  facet normal 0.963549673557 -0.267529547215 8.89385953773e-10
    outer loop
      vertex 181.517852783 142.351226807 8.15078544617
      vertex 181.865463257 142.351226807 9.40275859833
      vertex 181.618927002 -43.75 8.5148267746
    endloop
  endfacet
  facet normal 0.963549673557 -0.267529457808 1.46887824126e-09
    outer loop
      vertex 181.865463257 142.351226807 9.40275859833
      vertex 181.865463257 -43.75 9.402759552
      vertex 181.618927002 -43.75 8.5148267746
    endloop
  endfacet
  facet normal 0.928975343704 -0.370141595602 3.0484099689e-09
    outer loop
      vertex 181.036911011 142.351226807 6.94373416901
      vertex 181.176757813 -43.75 7.29471349716
      vertex 181.036911011 -43.75 6.94373607635
    endloop
  endfacet
  facet normal 0.928975403309 -0.370141386986 2.5862776365e-09
    outer loop
      vertex 181.036911011 142.351226807 6.94373416901
      vertex 181.517852783 142.351226807 8.15078544617
      vertex 181.176757813 -43.75 7.29471349716
    endloop
  endfacet
  facet normal 0.928975403309 -0.370141386986 2.54034016045e-09
    outer loop
      vertex 181.517852783 142.351226807 8.15078544617
      vertex 181.517852783 -43.75 8.15078735352
      vertex 181.176757813 -43.75 7.29471349716
    endloop
  endfacet
  facet normal 0.88351047039 -0.468411445618 1.28591337578e-09
    outer loop
      vertex 180.42829895 142.351226807 5.79575681686
      vertex 180.605270386 -43.75 6.12955856323
      vertex 180.42829895 -43.75 5.7957572937
    endloop
  endfacet
  facet normal 0.88350969553 -0.468412876129 4.55937643196e-09
    outer loop
      vertex 180.42829895 142.351226807 5.79575681686
      vertex 181.036911011 142.351226807 6.94373416901
      vertex 180.605270386 -43.75 6.12955856323
    endloop
  endfacet
  facet normal 0.883509635925 -0.468412995338 3.85775278389e-09
    outer loop
      vertex 181.036911011 142.351226807 6.94373416901
      vertex 181.036911011 -43.75 6.94373607635
      vertex 180.605270386 -43.75 6.12955856323
    endloop
  endfacet
  facet normal 0.827697277069 -0.561174809933 0
    outer loop
      vertex 179.699142456 142.351226807 4.72031211853
      vertex 179.91116333 -43.75 5.03302240372
      vertex 179.699142456 -43.75 4.72031211853
    endloop
  endfacet
  facet normal 0.827696979046 -0.561175346375 1.25489285629e-09
    outer loop
      vertex 179.699142456 142.351226807 4.72031211853
      vertex 180.42829895 142.351226807 5.79575681686
      vertex 179.91116333 -43.75 5.03302240372
    endloop
  endfacet
  facet normal 0.827696979046 -0.56117528677 1.54057466784e-09
    outer loop
      vertex 180.42829895 142.351226807 5.79575681686
      vertex 180.42829895 -43.75 5.7957572937
      vertex 179.91116333 -43.75 5.03302240372
    endloop
  endfacet
  facet normal 0.762157857418 -0.64739125967 0
    outer loop
      vertex 178.857955933 142.351226807 3.73000860214
      vertex 179.102554321 -43.75 4.01796197891
      vertex 178.857955933 -43.75 3.73000860214
    endloop
  endfacet
  facet normal 0.762158095837 -0.647390961647 -7.41766870149e-10
    outer loop
      vertex 178.857955933 142.351226807 3.73000860214
      vertex 179.699142456 142.351226807 4.72031211853
      vertex 179.102554321 -43.75 4.01796197891
    endloop
  endfacet
  facet normal 0.762158155441 -0.647390842438 0
    outer loop
      vertex 179.699142456 142.351226807 4.72031211853
      vertex 179.699142456 -43.75 4.72031211853
      vertex 179.102554321 -43.75 4.01796197891
    endloop
  endfacet
  facet normal 0.687706291676 -0.725988984108 3.98606392338e-09
    outer loop
      vertex 177.914672852 142.351226807 2.83645677567
      vertex 178.188949585 -43.75 3.09627842903
      vertex 177.914672852 -43.75 2.83645772934
    endloop
  endfacet
  facet normal 0.68770635128 -0.725988984108 3.90162702146e-09
    outer loop
      vertex 177.914672852 142.351226807 2.83645677567
      vertex 178.857955933 142.351226807 3.73000860214
      vertex 178.188949585 -43.75 3.09627842903
    endloop
  endfacet
  facet normal 0.687705755234 -0.72598952055 0
    outer loop
      vertex 178.857955933 142.351226807 3.73000860214
      vertex 178.857955933 -43.75 3.73000860214
      vertex 178.188949585 -43.75 3.09627842903
    endloop
  endfacet
  facet normal 0.605163574219 -0.796101152897 -4.04850020175e-08
    outer loop
      vertex 176.880249023 142.351226807 2.05013298988
      vertex 177.181045532 -43.75 2.27877569199
      vertex 176.880264282 -43.75 2.05013394356
    endloop
  endfacet
  facet normal 0.6051633358 -0.796101331711 -3.99665545103e-08
    outer loop
      vertex 176.880249023 142.351226807 2.05013298988
      vertex 177.914672852 142.351226807 2.83645677567
      vertex 177.181045532 -43.75 2.27877569199
    endloop
  endfacet
  facet normal 0.605170488358 -0.796095907688 4.37098757189e-09
    outer loop
      vertex 177.914672852 142.351226807 2.83645677567
      vertex 177.914672852 -43.75 2.83645772934
      vertex 177.181045532 -43.75 2.27877569199
    endloop
  endfacet
  facet normal 0.515561044216 -0.856852829456 0
    outer loop
      vertex 175.766921997 142.351226807 1.38025689125
      vertex 176.090652466 -43.75 1.57503843307
      vertex 175.766921997 -43.75 1.38025689125
    endloop
  endfacet
  facet normal 0.515561580658 -0.856852531433 -1.20550514016e-09
    outer loop
      vertex 175.766921997 142.351226807 1.38025689125
      vertex 176.880249023 142.351226807 2.05013298988
      vertex 176.090652466 -43.75 1.57503843307
    endloop
  endfacet
  facet normal 0.515555977821 -0.856855869293 -3.35095222681e-08
    outer loop
      vertex 176.880249023 142.351226807 2.05013298988
      vertex 176.880264282 -43.75 2.05013394356
      vertex 176.090652466 -43.75 1.57503843307
    endloop
  endfacet
  facet normal 0.419884651899 -0.907577455044 0
    outer loop
      vertex 174.587677002 142.351226807 0.834681093693
      vertex 174.93057251 -43.75 0.993319749832
      vertex 174.587677002 -43.75 0.834681093693
    endloop
  endfacet
  facet normal 0.419884681702 -0.907577455044 -5.48024230163e-11
    outer loop
      vertex 174.587677002 142.351226807 0.834681093693
      vertex 175.766921997 142.351226807 1.38025689125
      vertex 174.93057251 -43.75 0.993319749832
    endloop
  endfacet
  facet normal 0.419884681702 -0.907577455044 0
    outer loop
      vertex 175.766921997 142.351226807 1.38025689125
      vertex 175.766921997 -43.75 1.38025689125
      vertex 174.93057251 -43.75 0.993319749832
    endloop
  endfacet
  facet normal 0.319306015968 -0.947651684284 0
    outer loop
      vertex 173.356369019 142.351226807 0.419800937176
      vertex 173.714401245 -43.75 0.540437042713
      vertex 173.356369019 -43.75 0.419800937176
    endloop
  endfacet
  facet normal 0.319305717945 -0.947651743889 6.83530176904e-10
    outer loop
      vertex 173.356369019 142.351226807 0.419800937176
      vertex 174.587677002 142.351226807 0.834681093693
      vertex 173.714401245 -43.75 0.540437042713
    endloop
  endfacet
  facet normal 0.319305568933 -0.947651803493 0
    outer loop
      vertex 174.587677002 142.351226807 0.834681093693
      vertex 174.587677002 -43.75 0.834681093693
      vertex 173.714401245 -43.75 0.540437042713
    endloop
  endfacet
  facet normal 0.214968547225 -0.976620972157 0
    outer loop
      vertex 172.087402344 142.351226807 0.140483275056
      vertex 172.456375122 -43.75 0.221701607108
      vertex 172.087402344 -43.75 0.140483275056
    endloop
  endfacet
  facet normal 0.214967742562 -0.97662115097 1.68181024662e-09
    outer loop
      vertex 172.087402344 142.351226807 0.140483275056
      vertex 173.356369019 142.351226807 0.419800937176
      vertex 172.456375122 -43.75 0.221701607108
    endloop
  endfacet
  facet normal 0.214967399836 -0.976621210575 0
    outer loop
      vertex 173.356369019 142.351226807 0.419800937176
      vertex 173.356369019 -43.75 0.419800937176
      vertex 172.456375122 -43.75 0.221701607108
    endloop
  endfacet
  facet normal 0.108120858669 -0.994137763977 0
    outer loop
      vertex 170.795684814 142.351226807 -1.51377008706e-07
      vertex 171.171279907 -43.75 0.0408491380513
      vertex 170.795684814 -43.75 -1.51376994495e-07
    endloop
  endfacet
  facet normal 0.108119539917 -0.994137883186 2.69422684163e-09
    outer loop
      vertex 170.795684814 142.351226807 -1.51377008706e-07
      vertex 172.087402344 142.351226807 0.140483275056
      vertex 171.171279907 -43.75 0.0408491380513
    endloop
  endfacet
  facet normal 0.108118996024 -0.994137942791 0
    outer loop
      vertex 172.087402344 142.351226807 0.140483275056
      vertex 172.087402344 -43.75 0.140483275056
      vertex 171.171279907 -43.75 0.0408491380513
    endloop
  endfacet
  facet normal 0 -1 0
    outer loop
      vertex 169.496353149 142.351226807 -1.51377008706e-07
      vertex 169.874160767 -43.75 -1.51376994495e-07
      vertex 169.496353149 -43.75 -1.51376994495e-07
    endloop
  endfacet
  facet normal 0 -1 0
    outer loop
      vertex 169.496353149 142.351226807 -1.51377008706e-07
      vertex 170.795684814 142.351226807 -1.51377008706e-07
      vertex 169.874160767 -43.75 -1.51376994495e-07
    endloop
  endfacet
  facet normal 0 -1 0
    outer loop
      vertex 170.795684814 142.351226807 -1.51377008706e-07
      vertex 170.795684814 -43.75 -1.51376994495e-07
      vertex 169.874160767 -43.75 -1.51376994495e-07
    endloop
  endfacet
  facet normal -0.10812087357 -0.994137763977 0
    outer loop
      vertex 168.20463562 142.351226807 0.140483275056
      vertex 168.580230713 -43.75 0.0996339842677
      vertex 168.20463562 -43.75 0.140483275056
    endloop
  endfacet
  facet normal -0.108119539917 -0.994137883186 -2.7313289408e-09
    outer loop
      vertex 168.20463562 142.351226807 0.140483275056
      vertex 169.496353149 142.351226807 -1.51377008706e-07
      vertex 168.580230713 -43.75 0.0996339842677
    endloop
  endfacet
  facet normal -0.108118988574 -0.994137942791 0
    outer loop
      vertex 169.496353149 142.351226807 -1.51377008706e-07
      vertex 169.496353149 -43.75 -1.51376994495e-07
      vertex 168.580230713 -43.75 0.0996339842677
    endloop
  endfacet
  facet normal -0.214968472719 -0.976620972157 0
    outer loop
      vertex 166.935668945 142.351226807 0.419800937176
      vertex 167.304641724 -43.75 0.338582605124
      vertex 166.935668945 -43.75 0.419800937176
    endloop
  endfacet
  facet normal -0.214967742562 -0.97662115097 -1.53427437422e-09
    outer loop
      vertex 166.935668945 142.351226807 0.419800937176
      vertex 168.20463562 142.351226807 0.140483275056
      vertex 167.304641724 -43.75 0.338582605124
    endloop
  endfacet
  facet normal -0.214967429638 -0.976621210575 0
    outer loop
      vertex 168.20463562 142.351226807 0.140483275056
      vertex 168.20463562 -43.75 0.140483275056
      vertex 167.304641724 -43.75 0.338582605124
    endloop
  endfacet
  facet normal -0.319306015968 -0.947651684284 -2.36676473975e-08
    outer loop
      vertex 165.704360962 142.351226807 0.834681093693
      vertex 166.06237793 -43.75 0.714044988155
      vertex 165.704345703 -43.75 0.834681093693
    endloop
  endfacet
  facet normal -0.319305717945 -0.947651743889 -2.43511539821e-08
    outer loop
      vertex 165.704360962 142.351226807 0.834681093693
      vertex 166.935668945 142.351226807 0.419800937176
      vertex 166.06237793 -43.75 0.714044988155
    endloop
  endfacet
  facet normal -0.31930103898 -0.947653353214 0
    outer loop
      vertex 166.935668945 142.351226807 0.419800937176
      vertex 166.935668945 -43.75 0.419800937176
      vertex 166.06237793 -43.75 0.714044988155
    endloop
  endfacet
  facet normal -0.419884651899 -0.907577455044 0
    outer loop
      vertex 164.525100708 142.351226807 1.38025689125
      vertex 164.867996216 -43.75 1.22161817551
      vertex 164.525100708 -43.75 1.38025689125
    endloop
  endfacet
  facet normal -0.419884681702 -0.907577455044 5.48024230163e-11
    outer loop
      vertex 164.525100708 142.351226807 1.38025689125
      vertex 165.704360962 142.351226807 0.834681093693
      vertex 164.867996216 -43.75 1.22161817551
    endloop
  endfacet
  facet normal -0.419890403748 -0.907574832439 -3.11231751482e-08
    outer loop
      vertex 165.704360962 142.351226807 0.834681093693
      vertex 165.704345703 -43.75 0.834681093693
      vertex 164.867996216 -43.75 1.22161817551
    endloop
  endfacet
  facet normal -0.515554487705 -0.856856763363 4.70459715629e-09
    outer loop
      vertex 163.411758423 142.351226807 2.05013298988
      vertex 163.735488892 -43.75 1.85535240173
      vertex 163.411758423 -43.75 2.05013394356
    endloop
  endfacet
  facet normal -0.515554964542 -0.856856524944 5.84022830097e-09
    outer loop
      vertex 163.411758423 142.351226807 2.05013298988
      vertex 164.525100708 142.351226807 1.38025689125
      vertex 163.735488892 -43.75 1.85535240173
    endloop
  endfacet
  facet normal -0.515555977821 -0.856855869293 0
    outer loop
      vertex 164.525100708 142.351226807 1.38025689125
      vertex 164.525100708 -43.75 1.38025689125
      vertex 163.735488892 -43.75 1.85535240173
    endloop
  endfacet
  facet normal -0.605174005032 -0.796093225479 4.37097291694e-09
    outer loop
      vertex 162.377365112 142.351226807 2.83645677567
      vertex 162.678146362 -43.75 2.60781598091
      vertex 162.377365112 -43.75 2.83645772934
    endloop
  endfacet
  facet normal -0.605174183846 -0.79609310627 4.80625894639e-09
    outer loop
      vertex 162.377365112 142.351226807 2.83645677567
      vertex 163.411758423 142.351226807 2.05013298988
      vertex 162.678146362 -43.75 2.60781598091
    endloop
  endfacet
  facet normal -0.60517424345 -0.796093046665 4.37097202877e-09
    outer loop
      vertex 163.411758423 142.351226807 2.05013298988
      vertex 163.411758423 -43.75 2.05013394356
      vertex 162.678146362 -43.75 2.60781598091
    endloop
  endfacet
  facet normal -0.687702953815 -0.725992202759 0
    outer loop
      vertex 161.434066772 142.351226807 3.73000860214
      vertex 161.708358765 -43.75 3.47018790245
      vertex 161.434066772 -43.75 3.73000860214
    endloop
  endfacet
  facet normal -0.687702596188 -0.725992500782 -9.06135999568e-10
    outer loop
      vertex 161.434066772 142.351226807 3.73000860214
      vertex 162.377365112 142.351226807 2.83645677567
      vertex 161.708358765 -43.75 3.47018790245
    endloop
  endfacet
  facet normal -0.687701880932 -0.725993156433 3.98608657193e-09
    outer loop
      vertex 162.377365112 142.351226807 2.83645677567
      vertex 162.377365112 -43.75 2.83645772934
      vertex 161.708358765 -43.75 3.47018790245
    endloop
  endfacet
  facet normal -0.762161850929 -0.647386550903 -1.77724734929e-09
    outer loop
      vertex 160.592895508 142.351226807 4.72031211853
      vertex 160.837478638 -43.75 4.43235826492
      vertex 160.592895508 -43.75 4.72031164169
    endloop
  endfacet
  facet normal -0.762161970139 -0.647386372089 -1.42160327954e-09
    outer loop
      vertex 160.592895508 142.351226807 4.72031211853
      vertex 161.434066772 142.351226807 3.73000860214
      vertex 160.837478638 -43.75 4.43235826492
    endloop
  endfacet
  facet normal -0.762161791325 -0.647386610508 0
    outer loop
      vertex 161.434066772 142.351226807 3.73000860214
      vertex 161.434066772 -43.75 3.73000860214
      vertex 160.837478638 -43.75 4.43235826492
    endloop
  endfacet
  facet normal -0.827686011791 -0.561191499233 1.54061918778e-09
    outer loop
      vertex 159.863723755 142.351226807 5.79575681686
      vertex 160.075744629 -43.75 5.48304700851
      vertex 159.863723755 -43.75 5.7957572937
    endloop
  endfacet
  facet normal -0.827686369419 -0.561190962791 2.86506396385e-09
    outer loop
      vertex 159.863723755 142.351226807 5.79575681686
      vertex 160.592895508 142.351226807 4.72031211853
      vertex 160.075744629 -43.75 5.48304700851
    endloop
  endfacet
  facet normal -0.827686846256 -0.561190247536 -1.54061563507e-09
    outer loop
      vertex 160.592895508 142.351226807 4.72031211853
      vertex 160.592895508 -43.75 4.72031164169
      vertex 160.075744629 -43.75 5.48304700851
    endloop
  endfacet
  facet normal -0.883515715599 -0.46840146184 2.57177190655e-09
    outer loop
      vertex 159.255111694 142.351226807 6.94373416901
      vertex 159.43208313 -43.75 6.60993480682
      vertex 159.255111694 -43.75 6.94373559952
    endloop
  endfacet
  facet normal -0.883515894413 -0.468401223421 3.1294438152e-09
    outer loop
      vertex 159.255111694 142.351226807 6.94373416901
      vertex 159.863723755 142.351226807 5.79575681686
      vertex 159.43208313 -43.75 6.60993480682
    endloop
  endfacet
  facet normal -0.883516073227 -0.468400895596 1.28588439896e-09
    outer loop
      vertex 159.863723755 142.351226807 5.79575681686
      vertex 159.863723755 -43.75 5.7957572937
      vertex 159.43208313 -43.75 6.60993480682
    endloop
  endfacet
  facet normal -0.928972661495 -0.370148360729 1.52423285105e-09
    outer loop
      vertex 158.774169922 142.351226807 8.15078544617
      vertex 158.914016724 -43.75 7.7998085022
      vertex 158.774169922 -43.75 8.15078639984
    endloop
  endfacet
  facet normal -0.9289727211 -0.370148181915 1.94892546546e-09
    outer loop
      vertex 158.774169922 142.351226807 8.15078544617
      vertex 159.255111694 142.351226807 6.94373416901
      vertex 158.914016724 -43.75 7.7998085022
    endloop
  endfacet
  facet normal -0.9289727211 -0.370148181915 2.03230943185e-09
    outer loop
      vertex 159.255111694 142.351226807 6.94373416901
      vertex 159.255111694 -43.75 6.94373559952
      vertex 158.914016724 -43.75 7.7998085022
    endloop
  endfacet
  facet normal -0.963551640511 -0.267522484064 1.46883993857e-09
    outer loop
      vertex 158.426559448 142.351226807 9.40275859833
      vertex 158.527633667 -43.75 9.03872013092
      vertex 158.426559448 -43.75 9.402759552
    endloop
  endfacet
  facet normal -0.963551700115 -0.267522245646 1.92740889915e-09
    outer loop
      vertex 158.426559448 142.351226807 9.40275859833
      vertex 158.774169922 142.351226807 8.15078544617
      vertex 158.527633667 -43.75 9.03872013092
    endloop
  endfacet
  facet normal -0.963551700115 -0.267522096634 1.1016283441e-09
    outer loop
      vertex 158.774169922 142.351226807 8.15078544617
      vertex 158.774169922 -43.75 8.15078639984
      vertex 158.527633667 -43.75 9.03872013092
    endloop
  endfacet
  facet normal -0.986827075481 -0.161778613925 7.7721890035e-10
    outer loop
      vertex 158.21635437 142.351226807 10.6849756241
      vertex 158.277481079 -43.75 10.3121423721
      vertex 158.21635437 -43.75 10.6849756241
    endloop
  endfacet
  facet normal -0.9868273139 -0.161777332425 3.39729466781e-09
    outer loop
      vertex 158.21635437 142.351226807 10.6849756241
      vertex 158.426559448 142.351226807 9.40275859833
      vertex 158.277481079 -43.75 10.3121423721
    endloop
  endfacet
  facet normal -0.986827373505 -0.161776840687 8.88240425656e-10
    outer loop
      vertex 158.426559448 142.351226807 9.40275859833
      vertex 158.426559448 -43.75 9.402759552
      vertex 158.277481079 -43.75 10.3121423721
    endloop
  endfacet
  facet normal -0.998533368111 0.0541399344802 0
    outer loop
      vertex 158.146011353 142.351226807 11.9824047089
      vertex 158.146011353 -43.75 11.9824047089
      vertex 158.195907593 -43.75 12.9025754929
    endloop
  endfacet
  facet normal -0.998533427715 -0.0541388206184 0
    outer loop
      vertex 158.146011353 142.351226807 11.9824047089
      vertex 158.166473389 -43.75 11.6051473618
      vertex 158.146011353 -43.75 11.9824047089
    endloop
  endfacet
  facet normal -0.998533368111 -0.0541395395994 -1.45539036378e-09
    outer loop
      vertex 158.146011353 142.351226807 11.9824047089
      vertex 158.21635437 142.351226807 10.6849756241
      vertex 158.166473389 -43.75 11.6051473618
    endloop
  endfacet
  facet normal -0.998533368111 -0.0541398823261 2.60099525251e-10
    outer loop
      vertex 158.21635437 142.351226807 10.6849756241
      vertex 158.21635437 -43.75 10.6849756241
      vertex 158.166473389 -43.75 11.6051473618
    endloop
  endfacet
endsolid "laser rouge"
